,,,,,1960,1961,1962,1963,1964,1965,1966,1967,1968,1969,1970,1971,1972,1973,1974,1975,1976,1977,1978,1979,1980,1981,1982,1983,1984,1985,1986,1987,1988,1989,1990,1991,1992,1993,1994,1995,1996,1997,1998,1999,2000,2001,2002,2003,2004,2005,2006
1,EAP,East Asia & Pacific,EN.ATM.CO2E.KT,CO2 emissions (kt),"881,713","651,027","539,110","538,570","545,622","598,807","654,566","573,381","630,063","754,063","974,616","1,121,686","1,164,689","1,224,232","1,245,272","1,417,008","1,481,945","1,651,617","1,832,862","1,876,121","1,849,824","1,840,675","1,952,693","2,061,391","2,219,132","2,400,123","2,523,639","2,697,356","2,908,230","2,971,789","3,046,758","3,240,330","3,399,671","3,634,660","3,837,403","4,146,904","4,348,423","4,338,233","3,888,577","4,063,839","4,213,140","4,353,834","4,609,056","5,304,791","6,147,486","6,703,587","7,188,223"
2,ECA,Europe & Central Asia,EN.ATM.CO2E.KT,CO2 emissions (kt),"1,752,598","1,812,799","1,913,954","2,052,937","2,187,500","2,312,075","2,436,467","2,551,302","2,643,448","2,771,958","2,909,785","3,079,118","3,242,272","3,383,426","3,508,722","3,702,888","3,863,913","4,005,099","4,153,346","4,193,465","4,340,536","4,232,420","4,322,846","4,388,055","4,422,014","4,737,348","4,781,229","4,976,070","5,046,361","4,957,417","4,565,979","4,379,185","4,059,246","3,743,590","3,279,395","3,195,697","3,147,977","2,987,572","2,891,823","2,845,282","2,878,750","2,889,786","2,895,959","3,008,061","3,043,141","3,081,134","3,195,324"
3,EMU,Euro area,EN.ATM.CO2E.KT,CO2 emissions (kt),"1,116,024","1,178,860","1,281,786","1,404,878","1,471,757","1,529,479","1,586,991","1,682,599","1,793,804","1,906,358","2,090,563","2,179,779","2,322,584","2,489,431","2,476,623","2,348,179","2,569,238","2,501,916","2,625,042","2,746,572","2,691,201","2,532,617","2,432,142","2,369,285","2,366,280","2,401,013","2,331,070","2,383,589","2,384,891","2,560,866","2,602,026","2,704,752","2,633,295","2,566,955","2,560,949","2,626,051","2,682,605","2,639,139","2,693,912","2,576,642","2,601,319","2,664,937","2,658,639","2,714,845","2,732,809","2,717,387","2,701,361"
4,HIC,High income,EN.ATM.CO2E.KT,CO2 emissions (kt),"5,549,912","5,696,906","5,962,678","6,292,440","6,604,130","6,895,368","7,199,883","7,520,552","7,926,634","8,423,046","9,195,032","9,386,025","9,836,967","10,425,950","10,150,460","9,802,120","10,316,700","10,446,410","10,759,170","11,011,480","10,737,900","10,323,070","9,928,872","9,917,045","10,176,840","10,295,430","10,308,600","10,588,290","11,007,860","11,300,110","11,332,670","11,518,860","11,528,020","11,828,090","11,992,000","12,045,760","12,349,290","12,475,320","12,494,480","12,407,280","12,894,000","12,830,920","12,942,610","13,139,760","13,366,450","13,459,790","13,377,890"
5,HPC,Heavily indebted poor countries (HIPC),EN.ATM.CO2E.KT,CO2 emissions (kt),"24,445","25,827","26,079","27,678","29,755","34,150","35,541","38,148","42,337","46,872","50,755","54,420","56,014","59,832","61,266","61,658","60,696","62,847","65,342","66,224","71,226","69,892","71,411","71,975","70,303","74,952","67,636","74,472","79,993","83,646","75,400","74,045","74,850","75,937","74,924","78,050","82,231","85,361","82,257","81,505","82,810","84,052","87,987","96,121","102,061","105,912","108,007"
6,LAC,Latin America & Caribbean,EN.ATM.CO2E.KT,CO2 emissions (kt),"283,461","287,693","302,577","308,829","331,642","341,939","361,311","386,866","413,384","447,589","489,490","511,955","536,604","585,485","623,465","628,815","656,546","681,788","763,545","820,839","873,351","878,777","909,632","878,422","875,531","869,650","904,832","949,361","975,525","993,864","1,044,760","1,042,218","1,082,294","1,090,410","1,140,933","1,165,060","1,207,149","1,264,842","1,297,866","1,302,241","1,285,188","1,320,736","1,302,853","1,330,772","1,338,661","1,401,403","1,462,306"
7,LDC,Least developed countries: UN classification,EN.ATM.CO2E.KT,CO2 emissions (kt),,,,,,,,,,,,,"44,430","47,355","47,579","46,306","44,228","45,589","48,132","51,554","54,029","52,937","51,763","53,207","54,586","55,891","56,859","59,675","62,306","61,724","62,427","76,332","81,921","79,393","81,323","95,267","102,570","104,229","98,324","106,529","111,906","118,784","130,020","134,119","144,164","152,807","156,688"
8,LIC,Low income,EN.ATM.CO2E.KT,CO2 emissions (kt),"125,088","131,304","140,838","150,145","160,158","178,813","189,465","200,580","214,978","229,784","251,358","290,807","275,967","294,417","298,455","313,143","314,079","324,175","335,258","342,083","356,230","354,327","357,158","372,586","382,590","410,418","430,318","466,646","499,089","504,137","508,533","522,196","522,465","522,954","509,535","506,424","522,883","511,355","357,333","369,793","383,507","398,335","413,281","423,298","452,303","463,295","478,196"
9,LMC,Lower middle income,EN.ATM.CO2E.KT,CO2 emissions (kt),"1,350,852","1,149,990","1,072,444","1,118,263","1,157,058","1,263,299","1,365,912","1,292,693","1,390,119","1,537,052","1,792,370","1,980,178","2,099,146","2,217,338","2,303,833","2,510,830","2,660,991","2,908,753","3,118,972","3,229,319","3,197,079","3,191,685","3,374,175","3,534,419","3,735,653","4,022,714","4,164,637","4,403,406","4,711,125","4,798,328","4,849,742","5,051,340","5,249,430","5,398,288","5,609,305","5,947,227","6,204,889","6,184,007","5,985,378","6,254,799","6,491,988","6,663,803","7,015,416","7,770,093","8,720,399","9,399,853","9,976,802"
10,LMY,Low & middle income,EN.ATM.CO2E.KT,CO2 emissions (kt),"3,241,234","3,100,239","3,129,969","3,304,105","3,490,978","3,730,899","3,963,423","4,037,854","4,268,616","4,582,113","5,014,569","5,409,300","5,672,117","5,982,768","6,202,129","6,591,080","6,925,144","7,330,756","7,772,816","7,987,632","8,166,061","8,083,690","8,389,440","8,617,552","8,887,789","9,454,793","9,712,566","10,187,980","10,613,590","10,660,170","10,445,030","10,538,270","10,515,340","10,502,470","10,435,080","10,756,840","11,067,180","11,023,390","10,606,090","10,844,370","11,140,540","11,368,970","11,704,800","12,644,860","13,714,120","14,528,550","15,299,310"
11,MIC,Middle income,EN.ATM.CO2E.KT,CO2 emissions (kt),"3,110,390","2,965,459","2,987,063","3,152,033","3,329,048","3,551,134","3,772,886","3,837,113","4,053,829","4,352,413","4,763,288","5,118,704","5,396,184","5,688,366","5,903,731","6,278,024","6,611,249","7,006,827","7,437,872","7,645,886","7,810,137","7,729,654","8,032,650","8,245,309","8,505,563","9,044,740","9,282,570","9,721,576","10,114,670","10,156,190","9,936,554","10,016,130","9,992,933","9,979,570","9,925,602","10,250,490","10,544,370","10,512,120","10,248,920","10,474,740","10,757,190","10,970,780","11,291,670","12,221,770","13,262,050","14,065,530","14,821,430"
12,MNA,Middle East & North Africa,EN.ATM.CO2E.KT,CO2 emissions (kt),"80,045","81,442","83,349","92,476","104,033","122,901","147,246","150,255","183,651","194,205","207,169","221,314","232,123","267,660","276,879","282,907","335,853","348,926","371,266","387,166","360,720","334,310","357,164","398,667","430,401","447,682","458,393","487,522","524,095","539,550","565,912","597,135","636,988","640,031","717,718","736,158","739,908","753,465","821,865","840,562","884,871","903,183","944,667","964,563","1,016,815","1,089,582","1,111,379"
13,NOC,High income: nonOECD,EN.ATM.CO2E.KT,CO2 emissions (kt),"65,791","76,158","90,686","99,202","118,277","133,418","135,798","156,330","165,523","205,695","248,522","284,270","313,582","363,543","361,385","357,754","415,274","441,710","470,779","498,629","542,012","528,928","513,159","530,129","550,954","584,185","639,877","627,838","671,816","706,704","730,172","768,954","831,189","908,033","937,003","877,770","886,851","906,981","958,485","961,998","1,101,600","1,086,284","1,116,136","1,181,185","1,239,458","1,305,421","1,344,957"
14,OEC,High income: OECD,EN.ATM.CO2E.KT,CO2 emissions (kt),"5,501,861","5,638,623","5,890,277","6,212,398","6,505,414","6,781,988","7,085,144","7,385,657","7,783,674","8,240,171","8,970,489","9,125,045","9,547,185","10,086,420","9,812,166","9,466,324","9,923,030","10,025,760","10,309,460","10,533,760","10,214,110","9,811,357","9,432,100","9,402,601","9,641,716","9,726,215","9,681,581","9,975,068","10,350,320","10,607,250","10,615,350","10,761,680","10,711,430","10,937,560","11,073,500","11,183,670","11,477,920","11,584,480","11,554,450","11,464,080","11,816,590","11,768,250","11,851,230","11,985,900","12,156,520","12,186,730","12,067,260"
15,SAS,South Asia,EN.ATM.CO2E.KT,CO2 emissions (kt),"139,400","150,017","165,172","178,372","175,342","192,419","198,750","200,999","219,789","223,425","228,090","237,457","245,371","254,417","263,101","285,411","296,993","351,224","355,829","373,127","393,701","423,342","451,126","488,419","506,141","555,649","593,887","634,649","685,021","744,100","781,480","829,328","881,830","917,213","976,907","1,036,234","1,131,161","1,175,041","1,204,544","1,282,528","1,335,103","1,358,853","1,405,474","1,462,581","1,545,358","1,613,366","1,710,440"
16,SSA,Sub-Saharan Africa,EN.ATM.CO2E.KT,CO2 emissions (kt),"125,278","131,207","135,769","142,333","156,071","173,215","176,559","183,221","187,391","203,407","224,520","257,908","272,248","289,484","307,488","297,936","314,576","317,435","321,938","363,169","375,399","401,138","423,394","430,142","462,183","473,944","480,235","473,534","505,006","483,031","466,390","474,698","477,294","496,074","498,434","491,293","506,296","516,712","513,503","521,317","554,974","553,823","557,674","584,863","632,632","648,750","640,763"
17,UMC,Upper middle income,EN.ATM.CO2E.KT,CO2 emissions (kt),"1,758,827","1,815,790","1,915,564","2,034,864","2,173,322","2,289,043","2,408,086","2,546,252","2,665,469","2,816,924","2,971,826","3,139,376","3,297,906","3,471,933","3,600,831","3,768,045","3,951,115","4,098,777","4,319,573","4,417,205","4,613,946","4,538,784","4,659,189","4,711,458","4,770,290","5,022,314","5,118,144","5,318,296","5,403,376","5,357,536","5,086,133","4,963,727","4,741,957","4,579,379","4,313,853","4,300,384","4,336,323","4,324,967","4,260,575","4,216,587","4,261,596","4,303,199","4,271,997","4,446,640","4,535,502","4,658,796","4,837,202"
18,WLD,World,EN.ATM.CO2E.KT,CO2 emissions (kt),"9,442,128","9,504,416","9,892,800","10,435,070","11,021,310","11,523,280","12,109,520","12,497,900","13,146,430","13,923,200","14,934,460","15,502,380","16,117,940","16,982,640","17,015,620","16,909,360","17,891,310","18,426,260","18,704,720","19,737,970","19,536,450","18,935,550","18,785,330","18,723,040","19,382,560","19,946,820","20,555,040","21,078,990","21,852,100","22,310,100","22,511,620","22,845,040","22,416,350","22,438,340","22,870,690","23,347,010","23,852,640","24,252,020","24,138,430","24,068,820","24,677,040","25,266,940","25,461,140","26,695,900","28,110,210","29,205,740","30,154,720"
19,AFG,Afghanistan,EN.ATM.CO2E.KT,CO2 emissions (kt),414.03,490.98,688.83,707.15,839.06,"1,007.6","1,091.9","1,282.4","1,223.8",941.65,"1,670.8","1,894.3","1,531.6","1,637.8","1,916.3","2,125.1","1,985.9","2,388.9","2,158.1","2,238.7","1,758.7","1,982.2","2,099.5","2,520.8","2,828.6","3,506.4","3,140.0","3,121.7","2,865.2","2,773.6","2,674.7","2,491.5","1,425.3","1,374","1,319.0","1,267.7","1,198.1","1,113.9","1,055.2",831.73,780.43,644.86,359.07,582.58,703.49,699.82,696.16
20,ALB,Albania,EN.ATM.CO2E.KT,CO2 emissions (kt),"2,022.5","2,279.0","2,462.2","2,081.2","2,015.2","2,172.8","2,550.1","2,678.4","3,070.4","3,242.6","3,740.9","4,349.2","5,638.9","5,287.2","4,341.8","4,591.0","4,946.4","5,719.5","6,488.9","7,580.8","5,166.2","7,339.0","7,302.4","7,624.8","7,819.0","7,873.9","8,049.8","7,437.9","7,320.7","8,976.8","7,481.9","3,968.1","2,385.3","2,345.0","1,927.3","2,084.8","2,015.2","1,542.5","1,751.4","2,989.8","3,026.5","3,228.0","3,770.3","4,188.0","5,071.0","4,532.4","4,297.9"
21,DZA,Algeria,EN.ATM.CO2E.KT,CO2 emissions (kt),"6,155.5","6,060.3","5,664.5","5,422.7","5,646.2","6,591.5","8,423.5","8,434.5","9,053.7","11,267","15,063","18,653","28,326","38,281","31,880","32,005","39,139","41,858","62,479","45,584","66,465","46,401","39,238","52,582","71,045","72,727","76,215","84,052","83,880","79,981","78,831","81,392","82,195","82,407","86,280","94,615","96,488","88,123","106,993","117,156","116,768","113,668","120,381","121,348","120,769","138,078","132,619"
22,ASM,American Samoa,EN.ATM.CO2E.KT,CO2 emissions (kt),,,,,,,,,,,,,,,,,,,,,,,,,,,,,,,,,,,,,,,,,,,,,,,
23,ADO,Andorra,EN.ATM.CO2E.KT,CO2 emissions (kt),,,,,,,,,,,,,,,,,,,,,,,,,,,,,,,,,,,,,,,,,,,,,,,
24,AGO,Angola,EN.ATM.CO2E.KT,CO2 emissions (kt),549.60,454.34,"1,179.8","1,150.5","1,223.8","1,187.1","1,553.5",992.94,"1,670.8","2,784.6","3,579.7","3,407.5","4,503.1","4,876.8","4,869.5","4,411.5","3,282.9","3,532.1","5,408.1","5,499.7","5,342.1","5,276.2","4,646.0","5,111.3","5,005.0","4,697.2","4,656.9","5,811.1","5,125.9","5,005.0","4,426.1","4,363.8","4,415.1","5,796.4","3,887.5","11,003","10,483","7,375.6","7,302.4","9,149.0","9,533.7","9,724.3","12,227","8,064.5","9,090.4","9,848.8","10,574"
25,ATG,Antigua and Barbuda,EN.ATM.CO2E.KT,CO2 emissions (kt),36.6400,47.6320,102.59,84.2720,91.6000,150.22,348.08,564.26,989.28,"1,256.8",461.66,425.02,373.73,329.76,428.69,707.15,403.04,465.33,490.98,406.70,142.90,106.26,293.12,84.2720,146.56,249.15,249.15,274.80,285.79,285.79,300.45,293.12,293.12,307.78,311.44,322.43,322.43,337.09,333.42,348.08,344.42,344.42,362.74,388.38,406.70,410.37,425.02
26,ARG,Argentina,EN.ATM.CO2E.KT,CO2 emissions (kt),"48,775","51,138","53,652","50,043","55,685","58,818","63,087","65,490","69,026","77,270","82,667","88,867","90,083","93,989","95,491","94,854","99,705","100,709","102,559","110,613","108,649","101,958","103,340","105,128","106,436","100,515","104,127","114,852","121,374","116,995","112,525","116,926","121,348","118,512","123,250","122,447","129,112","134,568","137,561","145,369","140,961","140,357","132,739","144,435","155,918","158,823","173,410"
27,ARM,Armenia,EN.ATM.CO2E.KT,CO2 emissions (kt),,,,,,,,,,,,,,,,,,,,,,,,,,,,,,,,,"3,678.7","2,927.5","2,964.2","3,488.1","2,605.1","3,275.6","3,403.9","3,055.8","3,462.5","3,539.4","3,000.8","3,425.8","3,642.0","4,345.5","4,367.5"
28,ABW,Aruba,EN.ATM.CO2E.KT,CO2 emissions (kt),,,,,,,,,,,,,,,,,,,,,,,,,,,179.54,447.01,611.89,648.53,"1,839.3","1,927.3","1,722.1","1,769.7","1,780.7","1,802.7","1,835.7","1,876.0","1,692.8","1,707.4","2,257.0","2,264.4","2,286.3","2,290","2,290","2,308.3","2,308.3"
29,AUS,Australia,EN.ATM.CO2E.KT,CO2 emissions (kt),"88,138","90,523","94,843","100,954","108,898","120,879","120,242","129,167","134,520","142,149","147,520","152,672","157,376","170,871","172,237","175,762","174,124","187,655","201,875","204,920","220,609","230,198","233,939","224,387","236,163","241,139","239,970","256,103","260,815","277,643","292,911","286,697","296,495","304,625","306,798","310,279","331,475","333,827","349,747","327,767","328,822","322,216","335,894","339,349","340,382","365,524","371,742"
30,AUT,Austria,EN.ATM.CO2E.KT,CO2 emissions (kt),"30,800","31,837","33,877","36,962","38,912","38,157","39,227","39,938","42,316","44,657","50,655","52,117","56,151","60,119","57,426","54,352","58,368","56,176","56,994","61,467","52,183","56,158","53,879","51,578","53,784","54,011","53,355","57,129","53,022","53,835","60,661","65,615","60,233","57,986","57,378","60,471","60,980","61,255","62,790","61,713","61,676","63,556","65,102","70,319","69,422","72,767","71,781"
31,AZE,Azerbaijan,EN.ATM.CO2E.KT,CO2 emissions (kt),,,,,,,,,,,,,,,,,,,,,,,,,,,,,,,,,"44,137","43,250","42,349","33,559","31,540","29,942","31,569","29,275","30,521","29,415","29,887","31,653","33,357","35,259","35,024"
32,BHS,Bahamas The,EN.ATM.CO2E.KT,CO2 emissions (kt),410.37,545.94,725.47,707.15,"1,084.5","1,315.4","1,091.9","1,703.8","1,630.5","1,744.1","2,572.1","6,727.1","6,485.3","7,866.6","7,383.0","8,247.7","6,459.6","9,709.6","6,602.5","6,925.0","7,983.9","2,799.3","2,260.7","2,015.2","1,854.0","1,509.6","1,410.6","1,421.6","1,538.9","1,945.6","1,949.2","1,780.7","1,791.7","1,714.8","1,718.4","1,729.4","1,729.4","1,740.4","1,791.7","1,795.4","1,795.4","1,795.4","2,081.2","1,868.6","2,007.9","2,106.8","2,136.1"
33,BHR,Bahrain,EN.ATM.CO2E.KT,CO2 emissions (kt),575.25,"1,769.7","1,590.2","1,194.5","1,597.5","1,227.4",648.53,"1,003.9","1,102.9","1,271.4","2,590.4","3,037.5","3,678.7","5,518.0","5,400.7","5,748.8","6,569.6","7,463.6","7,760.4","8,126.8","7,881.3","8,518.8","9,830.5","8,222.0","9,200.3","10,186","11,003","11,421","12,153","11,728","11,875","11,494","10,582","15,129","15,242","16,008","15,609","17,305","18,390","18,005","19,742","15,070","16,810","17,565","18,042","19,668","21,277"
34,BGD,Bangladesh,EN.ATM.CO2E.KT,CO2 emissions (kt),,,,,,,,,,,,,"3,506.4","4,550.7","4,656.9","4,865.8","5,565.6","5,807.4","6,012.6","6,642.8","7,632.1","7,925.2","8,592.1","8,229.3","9,116.0","10,226","11,454","11,853","13,535","13,443","15,517","15,927","17,734","17,393","18,954","22,797","24,010","25,043","24,021","25,212","27,839","32,423","33,672","35,460","37,061","40,081","41,579"
35,BRB,Barbados,EN.ATM.CO2E.KT,CO2 emissions (kt),172.21,194.19,260.14,190.53,179.54,205.18,267.47,337.09,439.68,479.98,428.69,483.65,501.97,479.98,490.98,567.92,531.28,589.90,630.21,600.90,674.18,685.17,644.86,685.17,747.46,846.38,916,941.65,945.31,989.28,"1,073.6","1,205.5",978.29,"1,113.9",747.46,828.06,850.05,901.34,"1,139.5","1,209.1","1,187.1","1,220.1","1,227.4","1,190.8","1,271.4","1,315.4","1,337.4"
36,BLR,Belarus,EN.ATM.CO2E.KT,CO2 emissions (kt),,,,,,,,,,,,,,,,,,,,,,,,,,,,,,,,,"98,485","80,755","71,748","65,161","64,179","62,442","59,665","58,411","59,152","58,569","59,844","62,555","65,095","64,289","68,799"
37,BEL,Belgium,EN.ATM.CO2E.KT,CO2 emissions (kt),"90,929","92,718","98,041","105,703","103,585","105,358","105,128","107,388","118,468","123,524","125,529","121,436","130,735","138,770","135,117","122,008","129,911","126,474","134,711","138,660","133,681","122,510","116,361","100,672","104,343","103,402","101,980","102,372","99,456","106,472","107,509","117,006","113,947","109,642","114,614","114,980","121,147","118,307","121,220","117,494","117,329","117,655","109,337","116,358","113,229","109,312","107,121"
38,BLZ,Belize,EN.ATM.CO2E.KT,CO2 emissions (kt),43.9680,36.6400,69.6160,62.2880,84.2720,84.2720,80.6080,120.91,102.59,135.57,120.91,142.90,157.55,146.56,153.89,175.87,175.87,197.86,216.18,208.85,190.53,183.20,172.21,172.21,172.21,190.53,205.18,227.17,249.15,300.45,311.44,359.07,355.41,377.39,373.73,377.39,307.78,388.38,370.06,600.90,688.83,710.82,743.79,780.43,791.42,817.07,817.07
39,BEN,Benin,EN.ATM.CO2E.KT,CO2 emissions (kt),161.22,128.24,135.57,120.91,142.90,150.22,113.58,142.90,153.89,201.52,282.13,293.12,388.38,381.06,406.70,443.34,260.14,296.78,362.74,366.40,516.62,428.69,501.97,461.66,512.96,743.79,692.50,538.61,560.59,641.20,714.48,828.06,905.01,"1,132.2","1,264.1","1,326.4","1,264.1","1,216.4","1,212.8","1,560.9","1,615.8","1,736.7","2,051.8","2,279.0","2,385.3","2,564.8","3,107.1"
40,BMU,Bermuda,EN.ATM.CO2E.KT,CO2 emissions (kt),157.55,175.87,157.55,150.22,201.52,179.54,201.52,212.51,223.50,197.86,227.17,230.83,252.82,425.02,443.34,458,468.99,454.34,425.02,461.66,436.02,388.38,395.71,450.67,443.34,450.67,425.02,575.25,648.53,784.10,597.23,509.30,406.70,479.98,472.66,465.33,476.32,476.32,461.66,494.64,494.64,494.64,527.62,527.62,549.60,564.26,564.26
41,BTN,Bhutan,EN.ATM.CO2E.KT,CO2 emissions (kt),,,,,,,,,,,3.66400,3.66400,3.66400,3.66400,3.66400,3.66400,3.66400,7.32800,10.9920,21.9840,21.9840,25.6480,32.9760,29.3120,51.2960,62.2880,54.9600,102.59,109.92,62.2880,128.24,186.86,216.18,186.86,212.51,249.15,304.11,392.05,384.72,384.72,392.05,403.04,436.02,377.39,373.73,392.05,381.06
42,BOL,Bolivia,EN.ATM.CO2E.KT,CO2 emissions (kt),"1,003.9","1,040.6","1,099.2","1,212.8","1,480.3","1,509.6","1,689.1","1,890.6","2,176.4","2,546.5","2,484.2","3,059.4","3,568.7","3,455.2","3,513.8","4,056.0","4,576.3","4,477.4","5,023.3","4,733.9","4,664.3","4,788.8","4,345.5","4,286.9","4,037.7","4,122","3,773.9","4,026.7","4,305.2","4,990.4","5,499.7","5,774.5","6,642.8","8,031.5","8,899.9","9,416.5","8,727.6","9,834.2","10,318","9,760.9","8,548.1","7,716.4","7,240.1","10,552","9,064.7","9,559.4","11,395"
43,BIH,Bosnia and Herzegovina,EN.ATM.CO2E.KT,CO2 emissions (kt),,,,,,,,,,,,,,,,,,,,,,,,,,,,,,,,,"4,722.9","3,854.5","4,177.0","4,184.3","5,411.7","12,795","16,679","19,383","22,684","20,273","22,116","22,794","24,164","25,593","27,418"
44,BWA,Botswana,EN.ATM.CO2E.KT,CO2 emissions (kt),,,,,,,,,,,,,21.9840,51.2960,87.9360,186.86,593.57,780.43,831.73,941.65,985.62,"1,007.6","1,099.2","1,029.6","1,044.2","1,157.8","1,322.7","1,535.2","1,615.8","1,773.4","2,169.1","2,132.4","3,290.3","3,502.8","3,506.4","3,517.4","3,132.7","3,202.3","3,821.6","3,532.1","4,268.6","4,330.8","4,481.1","4,261.2","4,382.1","4,521.4","4,766.9"
45,BRA,Brazil,EN.ATM.CO2E.KT,CO2 emissions (kt),"46,870","49,164","53,656","55,572","56,693","56,352","64,252","66,139","77,362","84,250","93,688","102,552","114,273","132,358","143,343","151,045","155,028","162,832","176,784","188,172","186,941","171,669","172,040","166,500","168,672","181,104","198,728","207,368","209,196","213,857","208,723","219,159","220,533","230,557","241,963","275,346","301,005","320,944","313,763","321,813","329,863","339,627","334,919","324,499","340,902","349,696","352,268"
46,BRN,Brunei Darussalam,EN.ATM.CO2E.KT,CO2 emissions (kt),333.42,304.11,370.06,355.41,340.75,333.42,490.98,439.68,428.69,487.31,"8,203.7","7,511.2","9,453.1","9,973.4","8,178.0","7,075.2","6,020.0","6,390.0","9,533.7","7,434.3","6,877.3","1,469.3","2,092.1","2,704.0","1,916.3","2,594.1","2,297.3","3,315.9","5,712.2","6,342.4","6,415.7","5,811.1","5,803.8","5,583.9","5,404.4","5,510.7","5,591.3","5,807.4","5,979.6","4,594.7","6,521.9","6,192.2","6,148.2","6,016.3","6,071.2","5,902.7","5,906.4"
47,BGR,Bulgaria,EN.ATM.CO2E.KT,CO2 emissions (kt),"22,277","25,952","30,712","34,383","42,829","46,280","48,731","55,121","59,481","66,322","61,192","64,248","66,117","68,773","71,203","73,005","73,060","75,907","81,348","79,091","77,428","80,282","90,061","90,296","87,295","89,471","91,483","91,593","87,284","86,855","76,600","59,679","51,849","67,590","54,172","58,188","55,088","52,410","50,233","43,089","43,023","45,485","43,462","46,844","45,254","46,958","48,050"
48,BFA,Burkina Faso,EN.ATM.CO2E.KT,CO2 emissions (kt),43.9680,91.6000,84.2720,87.9360,109.92,102.59,102.59,102.59,102.59,120.91,142.90,150.22,161.22,168.54,205.18,219.84,208.85,249.15,348.08,406.70,432.35,556.93,575.25,593.57,465.33,476.32,479.98,516.62,553.26,820.74,586.24,622.88,630.21,622.88,641.20,663.18,670.51,681.50,696.16,769.44,747.46,732.80,751.12,765.78,765.78,787.76,787.76
49,BDI,Burundi,EN.ATM.CO2E.KT,CO2 emissions (kt),,,43.9680,47.6320,47.6320,36.6400,47.6320,47.6320,54.9600,73.2800,62.2880,73.2800,73.2800,73.2800,91.6000,76.9440,87.9360,98.9280,102.59,109.92,146.56,157.55,157.55,205.18,219.84,230.83,241.82,267.47,256.48,300.45,304.11,344.42,318.77,337.09,340.75,333.42,329.76,315.10,300.45,293.12,300.45,216.18,219.84,172.21,161.22,168.54,197.86
50,KHM,Cambodia,EN.ATM.CO2E.KT,CO2 emissions (kt),234.50,285.79,307.78,388.38,340.75,403.04,468.99,417.70,490.98,"1,344.7","1,172.5",249.15,117.25,128.24,73.2800,73.2800,73.2800,73.2800,51.2960,29.3120,285.79,300.45,337.09,366.40,410.37,417.70,432.35,436.02,450.67,450.67,450.67,461.66,476.32,476.32,538.61,"1,436.3","1,626.8","1,905.3","2,231.4","2,194.7","2,253.4","2,641.7","2,857.9","3,125.4","3,495.5","3,719.0","4,070.7"
51,CMR,Cameroon,EN.ATM.CO2E.KT,CO2 emissions (kt),271.14,282.13,289.46,300.45,337.09,311.44,344.42,458,505.63,571.58,637.54,809.74,861.04,897.68,974.62,"1,161.5","1,091.9","1,564.5","2,000.5","1,828.3","3,902.2","5,338.4","6,338.7","6,584.2","6,052.9","6,470.6","2,004.2","1,854.0","2,209.4","7,632.1","1,736.7","1,110.2","3,792.2","3,894.8","3,814.2","4,360.2","4,598.3","3,213.3","3,206","3,077.8","3,429.5","3,418.5","3,414.8","4,613.0","3,836.2","3,715.3","3,642.0"
52,CAN,Canada,EN.ATM.CO2E.KT,CO2 emissions (kt),"192,748","194,031","207,023","210,944","237,618","251,959","259,114","281,681","303,306","307,164","341,221","352,330","380,840","381,320","389,663","396,830","399,002","397,859","405,539","427,288","428,223","415,791","400,017","396,950","406,455","401,618","386,984","411,500","434,005","440,024","449,716","448,708","467,288","477,551","454,146","459,392","467,523","482,871","478,511","477,515","536,981","526,729","521,431","554,231","553,495","559,376","544,284"
53,CPV,Cape Verde,EN.ATM.CO2E.KT,CO2 emissions (kt),21.9840,21.9840,18.3200,14.6560,29.3120,25.6480,21.9840,18.3200,29.3120,36.6400,36.6400,36.6400,51.2960,62.2880,65.9520,76.9440,73.2800,80.6080,208.85,249.15,120.91,32.9760,36.6400,36.6400,84.2720,84.2720,58.6240,80.6080,73.2800,80.6080,87.9360,91.6000,102.59,102.59,109.92,113.58,139.23,142.90,153.89,172.21,186.86,208.85,245.49,252.82,267.47,296.78,307.78
54,CYM,Cayman Islands,EN.ATM.CO2E.KT,CO2 emissions (kt),10.9920,10.9920,10.9920,10.9920,10.9920,10.9920,18.3200,14.6560,21.9840,43.9680,36.6400,43.9680,54.9600,58.6240,54.9600,58.6240,69.6160,73.2800,95.2640,95.2640,164.88,157.55,164.88,172.21,186.86,194.19,205.18,216.18,227.17,260.14,252.82,274.80,278.46,289.46,289.46,289.46,285.79,285.79,285.79,282.13,454.34,454.34,468.99,479.98,494.64,501.97,516.62
55,CAF,Central African Republic,EN.ATM.CO2E.KT,CO2 emissions (kt),87.9360,87.9360,73.2800,73.2800,73.2800,87.9360,84.2720,91.6000,183.20,186.86,208.85,183.20,168.54,161.22,113.58,102.59,128.24,128.24,146.56,102.59,106.26,135.57,142.90,146.56,150.22,161.22,161.22,260.14,230.83,249.15,197.86,205.18,216.18,223.50,234.50,234.50,234.50,245.49,249.15,263.81,267.47,245.49,245.49,234.50,234.50,234.50,249.15
56,TCD,Chad,EN.ATM.CO2E.KT,CO2 emissions (kt),54.9600,51.2960,84.2720,91.6000,98.9280,106.26,84.2720,117.25,124.58,161.22,124.58,150.22,120.91,161.22,150.22,183.20,183.20,197.86,194.19,201.52,208.85,208.85,205.18,205.18,216.18,179.54,186.86,197.86,65.9520,102.59,146.56,69.6160,87.9360,98.9280,102.59,102.59,106.26,113.58,113.58,120.91,175.87,172.21,168.54,381.06,373.73,392.05,395.71
57,CHI,Channel Islands,EN.ATM.CO2E.KT,CO2 emissions (kt),,,,,,,,,,,,,,,,,,,,,,,,,,,,,,,,,,,,,,,,,,,,,,,
58,CHL,Chile,EN.ATM.CO2E.KT,CO2 emissions (kt),"13,484","14,462","16,712","17,342","17,510","17,752","18,778","19,243","21,207","22,537","24,644","28,455","28,396","28,202","27,224","23,186","24,996","23,611","24,391","27,685","27,641","24,988","21,390","22,017","22,999","21,896","21,848","22,922","27,231","33,046","35,460","33,712","35,248","35,838","41,293","44,349","50,615","58,247","57,466","62,647","59,661","49,779","52,146","52,381","58,360","59,397","60,057"
59,CHN,China,EN.ATM.CO2E.KT,CO2 emissions (kt),"780,238","551,721","440,083","436,419","436,646","475,672","522,457","432,957","468,626","576,868","771,118","876,062","930,967","967,908","987,360","1,144,854","1,195,395","1,334,249","1,493,773","1,526,016","1,491,197","1,476,317","1,580,019","1,665,970","1,811,247","1,963,439","2,064,591","2,202,907","2,361,276","2,398,953","2,412,942","2,533,572","2,643,338","2,822,006","2,997,412","3,241,603","3,392,758","3,352,076","3,173,541","3,315,982","3,403,372","3,486,076","3,699,090","4,350,062","5,095,433","5,621,470","6,099,054"
60,COL,Colombia,EN.ATM.CO2E.KT,CO2 emissions (kt),"16,396","18,203","19,430","21,244","21,695","22,871","23,486","24,699","26,586","28,026","28,381","30,305","31,459","33,676","36,453","35,871","38,062","39,326","41,652","44,400","44,320","44,426","45,881","49,413","48,944","48,343","49,061","50,450","52,406","53,194","57,294","57,078","61,999","63,970","67,520","59,566","60,474","64,856","65,926","56,466","57,877","56,231","55,616","57,375","53,831","59,130","63,376"
61,COM,Comoros,EN.ATM.CO2E.KT,CO2 emissions (kt),10.9920,10.9920,10.9920,10.9920,10.9920,14.6560,18.3200,18.3200,18.3200,18.3200,29.3120,29.3120,29.3120,29.3120,29.3120,32.9760,40.3040,40.3040,29.3120,21.9840,47.6320,47.6320,47.6320,47.6320,47.6320,54.9600,51.2960,58.6240,62.2880,62.2880,76.9440,76.9440,76.9440,76.9440,76.9440,80.6080,80.6080,80.6080,69.6160,80.6080,84.2720,80.6080,80.6080,87.9360,87.9360,87.9360,87.9360
62,ZAR,Congo Dem. Rep.,EN.ATM.CO2E.KT,CO2 emissions (kt),"2,319.3","2,356.0","2,172.8","2,293.7","1,974.9","2,469.5","2,403.6","2,290","3,367.2","3,649.3","2,711.4","2,960.5","3,019.1","3,191.3","3,367.2","3,235.3","3,411.2","3,484.5","3,535.8","3,751.9","3,499.1","3,773.9","3,070.4","4,023.1","3,960.8","3,638.4","3,374.5","3,850.9","4,015.7","4,389.5","4,067.0","3,751.9","3,381.9","3,209.7","2,623.4","2,579.5","2,586.8","2,539.2","2,531.8","2,246.0","1,645.1","1,564.5","1,590.2","1,623.2","2,103.1","2,143.4","2,198.4"
63,COG,Congo Rep.,EN.ATM.CO2E.KT,CO2 emissions (kt),223.50,267.47,238.16,234.50,267.47,245.49,307.78,322.43,450.67,501.97,571.58,685.17,663.18,"1,220.1","1,623.2","1,099.2","1,234.8",479.98,322.43,348.08,406.70,472.66,"1,344.7","1,143.2","1,139.5","1,278.7","1,066.2","1,322.7","1,498.6","1,505.9","1,187.1","1,264.1","1,571.9","1,542.5","2,147.1","1,564.5","1,714.8","2,341.3",776.77,820.74,"1,047.9",861.04,707.15,"1,084.5","1,901.6","1,604.8","1,461.9"
64,CRI,Costa Rica,EN.ATM.CO2E.KT,CO2 emissions (kt),490.98,490.98,549.60,600.90,674.18,846.38,992.94,875.70,"1,036.9","1,146.8","1,249.4","1,527.9","1,762.4","2,044.5","1,905.3","2,037.2","2,084.8","2,612.4","2,920.2","2,792.0","2,462.2","2,249.7","2,084.8","2,103.1","2,000.5","2,264.4","2,605.1","2,755.3","2,938.5","2,971.5","2,953.2","3,334.2","3,788.6","3,949.8","5,265.2","4,862.1","4,744.9","4,983.0","5,312.8","5,518.0","5,470.4","5,756.1","6,320.4","6,855.3","7,100.8","7,273.0","7,848.3"
65,CIV,Cote d'Ivoire,EN.ATM.CO2E.KT,CO2 emissions (kt),461.66,553.26,586.24,622.88,762.11,"1,172.5","1,293.4","1,487.6","1,762.4","2,084.8","2,440.2","2,704.0","3,011.8","3,206","3,557.7","3,986.4","3,960.8","4,052.4","4,814.5","5,419.1","6,217.8","4,462.8","6,104.2","4,836.5","5,400.7","7,320.7","5,961.3","7,676.1","9,152.7","8,515.1","5,792.8","5,631.6","4,620.3","5,888.0","5,246.8","7,126.5","8,372.2","8,167.1","6,906.6","6,261.8","6,785.7","7,720.0","7,280.4","5,455.7","7,657.8","8,159.7","6,877.3"
66,HRV,Croatia,EN.ATM.CO2E.KT,CO2 emissions (kt),,,,,,,,,,,,,,,,,,,,,,,,,,,,,,,,,"16,920","17,151","17,620","18,397","19,056","19,764","21,094","21,108","20,233","21,226","22,372","24,025","23,567","23,600","23,666"
67,CUB,Cuba,EN.ATM.CO2E.KT,CO2 emissions (kt),"13,689","12,172","14,158","13,029","14,282","14,597","15,173","15,737","16,023","17,246","18,657","19,591","20,782","22,380","22,893","27,044","27,202","29,378","30,664","31,686","31,375","32,723","34,526","30,818","32,577","32,551","33,540","33,925","35,607","35,709","33,313","29,609","31,313","29,323","32,174","25,637","26,938","24,585","24,424","25,256","26,018","25,432","26,055","25,417","24,223","24,853","29,605"
68,CYP,Cyprus,EN.ATM.CO2E.KT,CO2 emissions (kt),886.69,864.70,905.01,985.62,"1,000.3","1,150.5","1,242.1","1,363.0","1,623.2","1,670.8","1,703.8","1,883.3","2,403.6","2,498.8","1,923.6","1,978.6","2,462.2","2,667.4","2,806.6","3,000.8","3,206","3,044.8","3,099.7","3,096.1","3,180.4","3,099.7","3,543.1","4,118.3","4,125.7","4,338.2","4,649.6","4,737.6","5,272.5","5,660.9","5,807.4","5,712.2","5,932.0","6,104.2","6,635.5","6,749.1","6,844.4","6,840.7","7,020.2","7,753.0","7,317.0","7,496.5","7,782.3"
69,CZE,Czech Republic,EN.ATM.CO2E.KT,CO2 emissions (kt),,,,,,,,,,,,,,,,,,,,,,,,,,,,,,,,,"130,962","123,473","119,461","120,535","123,807","123,737","118,831","105,490","117,116","116,288","113,606","116,251","115,757","114,636","114,775"
70,DNK,Denmark,EN.ATM.CO2E.KT,CO2 emissions (kt),"29,759","31,705","36,875","40,582","42,847","44,305","50,091","49,021","53,388","59,357","62,105","57,070","59,672","59,163","55,114","55,609","59,947","61,500","62,585","64,886","63,175","54,835","56,235","52,509","53,238","63,288","61,973","61,530","54,945","48,713","50,395","61,416","54,103","59,353","61,694","55,957","67,795","57,521","55,074","50,314","46,903","48,695","48,574","55,817","50,677","46,793","53,905"
71,DJI,Djibouti,EN.ATM.CO2E.KT,CO2 emissions (kt),40.3040,43.9680,47.6320,65.9520,84.2720,120.91,139.23,87.9360,120.91,84.2720,139.23,161.22,190.53,179.54,194.19,197.86,197.86,197.86,201.52,362.74,348.08,300.45,348.08,348.08,355.41,373.73,384.72,395.71,366.40,406.70,399.38,399.38,414.03,428.69,428.69,428.69,436.02,439.68,410.37,443.34,403.04,384.72,399.38,406.70,458,472.66,487.31
72,DMA,Dominica,EN.ATM.CO2E.KT,CO2 emissions (kt),10.9920,10.9920,10.9920,14.6560,14.6560,14.6560,14.6560,21.9840,21.9840,18.3200,25.6480,25.6480,25.6480,25.6480,29.3120,29.3120,29.3120,25.6480,25.6480,32.9760,36.6400,36.6400,40.3040,40.3040,43.9680,47.6320,47.6320,47.6320,54.9600,58.6240,58.6240,58.6240,58.6240,62.2880,69.6160,80.6080,73.2800,80.6080,76.9440,80.6080,102.59,113.58,102.59,113.58,106.26,113.58,117.25
73,DOM,Dominican Republic,EN.ATM.CO2E.KT,CO2 emissions (kt),"1,040.6","1,029.6","1,242.1","1,249.4","1,747.7","1,546.2","1,670.8","1,568.2","2,348.6","2,652.7","3,107.1","3,521.1","4,671.6","5,961.3","6,412","6,335.1","6,327.7","5,609.6","5,444.7","6,804.0","6,452.3","6,162.8","6,335.1","7,906.9","7,437.9","7,287.7","8,174.4","9,746.2","9,826.8","10,358","9,563.0","10,127","11,197","11,930","12,666","16,092","17,532","18,225","18,668","18,855","20,101","20,218","21,482","21,515","19,954","19,877","20,343"
74,ECU,Ecuador,EN.ATM.CO2E.KT,CO2 emissions (kt),"1,762.4","1,645.1","1,564.5","1,795.4","2,143.4","2,275.3","2,418.2","2,590.4","3,114.4","3,590.7","4,279.6","4,220.9","4,591.0","5,257.8","6,085.9","7,357.3","8,104.8","7,478.2","10,417","12,157","13,432","16,679","19,273","19,540","21,240","19,416","15,264","15,103","17,257","20,251","16,821","16,473","22,284","24,413","13,949","23,102","24,186","18,529","22,629","21,607","21,332","23,963","24,578","23,966","29,708","30,646","31,305"
75,EGY,Egypt Arab Rep.,EN.ATM.CO2E.KT,CO2 emissions (kt),"16,041","17,074","18,580","21,537","25,501","27,619","26,546","19,661","22,885","19,679","21,669","23,028","25,490","23,776","26,102","31,074","34,467","37,834","39,282","42,913","45,203","50,941","56,477","57,045","63,787","63,886","74,504","74,749","74,471","72,122","75,885","78,651","81,198","93,080","85,243","95,645","101,947","108,128","122,165","125,093","141,214","125,723","139,991","139,903","153,287","173,355","166,679"
76,SLV,El Salvador,EN.ATM.CO2E.KT,CO2 emissions (kt),619.22,582.58,648.53,"1,124.8","1,231.1","1,040.6","1,304.4","1,157.8","1,260.4","1,190.8","1,429.0","1,509.6","1,678.1","1,967.6","1,971.2","2,106.8","2,209.4","2,286.3","2,388.9","2,388.9","2,132.4","1,832","1,766.0","1,901.6","1,604.8","1,985.9","1,989.6","2,447.6","2,469.5","2,586.8","2,616.1","3,228.0","3,425.8","3,887.5","4,426.1","5,276.2","4,891.4","5,756.1","5,807.4","5,693.9","5,737.8","5,943.0","6,034.6","6,375.4","6,173.8","6,287.4","6,456.0"
77,GNQ,Equatorial Guinea,EN.ATM.CO2E.KT,CO2 emissions (kt),21.9840,21.9840,21.9840,25.6480,25.6480,29.3120,25.6480,25.6480,29.3120,43.9680,36.6400,65.9520,87.9360,29.3120,51.2960,62.2880,62.2880,62.2880,69.6160,62.2880,58.6240,69.6160,73.2800,62.2880,80.6080,65.9520,80.6080,98.9280,106.26,117.25,120.91,124.58,124.58,124.58,128.24,128.24,135.57,146.56,150.22,249.15,267.47,699.82,"4,367.5","4,360.2","4,338.2","4,338.2","4,352.8"
78,ERI,Eritrea,EN.ATM.CO2E.KT,CO2 emissions (kt),,,,,,,,,,,,,,,,,,,,,,,,,,,,,,,,,,,183.20,296.78,348.08,527.62,589.90,619.22,608.22,633.87,637.54,729.14,762.11,751.12,553.26
79,EST,Estonia,EN.ATM.CO2E.KT,CO2 emissions (kt),,,,,,,,,,,,,,,,,,,,,,,,,,,,,,,,,"24,996","20,185","20,192","18,181","19,170","19,163","17,671","15,982","15,979","16,385","15,960","18,357","18,730","18,203","17,510"
80,ETH,Ethiopia,EN.ATM.CO2E.KT,CO2 emissions (kt),351.74,340.75,395.71,421.36,406.70,644.86,824.40,"1,073.6","1,725.7","1,667.1","1,652.5","1,850.3","1,407.0","1,751.4","1,736.7","1,209.1","1,176.1","1,047.9","1,370.3","1,846.7","1,821.0","1,865.0","1,480.3","1,843.0","1,663.5","1,813.7","2,213.1","2,579.5","2,671.1","2,824.9","3,015.5","2,982.5","2,964.2","5,158.9","3,000.8","2,150.8","3,726.3","4,272.2","5,023.3","5,071.0","5,825.8","4,305.2","4,477.4","4,942.7","5,602.3","5,485.0","6,001.6"
81,FRO,Faeroe Islands,EN.ATM.CO2E.KT,CO2 emissions (kt),58.6240,113.58,117.25,124.58,120.91,135.57,139.23,168.54,183.20,212.51,256.48,260.14,234.50,252.82,300.45,348.08,329.76,406.70,399.38,479.98,421.36,439.68,458,487.31,498.30,516.62,490.98,498.30,527.62,578.91,622.88,593.57,659.52,597.23,520.29,633.87,652.19,655.86,663.18,670.51,655.86,659.52,666.85,674.18,674.18,677.84,677.84
82,FJI,Fiji,EN.ATM.CO2E.KT,CO2 emissions (kt),194.19,168.54,230.83,241.82,425.02,344.42,322.43,355.41,395.71,432.35,520.29,549.60,578.91,630.21,670.51,622.88,483.65,765.78,710.82,839.06,795.09,"1,080.9",839.06,714.48,582.58,578.91,604.56,476.32,553.26,630.21,817.07,674.18,732.80,773.10,828.06,886.69,919.66,758.45,729.14,831.73,861.04,"1,124.8",919.66,"1,663.5","1,919.9","1,663.5","1,608.5"
83,FIN,Finland,EN.ATM.CO2E.KT,CO2 emissions (kt),"15,096","14,927","16,799","19,342","22,838","25,311","29,495","28,594","33,287","37,904","40,363","40,553","44,129","49,347","46,643","46,064","51,237","50,182","51,901","54,264","58,170","51,750","43,019","41,608","42,033","49,398","53,410","57,818","52,139","52,619","50,955","54,887","49,094","52,560","59,284","52,450","61,203","59,892","56,990","55,502","52,234","56,858","61,236","69,561","67,623","54,755","66,644"
84,FRA,France,EN.ATM.CO2E.KT,CO2 emissions (kt),"271,000","280,985","298,466","333,754","345,024","351,572","346,955","371,709","384,324","412,926","438,658","462,063","480,339","516,184","498,670","446,557","505,196","480,471","512,290","535,582","511,428","459,696","443,677","430,549","410,573","405,997","388,985","377,711","370,357","388,930","397,823","428,410","397,804","388,644","369,148","393,092","408,760","379,634","410,412","372,391","366,862","386,222","380,495","389,710","392,125","394,360","382,870"
85,PYF,French Polynesia,EN.ATM.CO2E.KT,CO2 emissions (kt),36.6400,58.6240,47.6320,65.9520,65.9520,84.2720,120.91,139.23,153.89,161.22,194.19,227.17,216.18,208.85,216.18,212.51,263.81,274.80,311.44,282.13,293.12,329.76,337.09,421.36,458,586.24,604.56,608.22,571.58,608.22,630.21,637.54,644.86,648.53,567.92,582.58,556.93,575.25,571.58,575.25,648.53,736.46,747.46,820.74,787.76,853.71,820.74
86,GAB,Gabon,EN.ATM.CO2E.KT,CO2 emissions (kt),131.90,164.88,87.9360,73.2800,190.53,216.18,381.06,"1,011.3","1,960.2","1,432.6","2,081.2","2,356.0","2,572.1","5,261.5","5,642.6","4,935.4","6,426.7","7,284.0","7,727.4","7,093.5","6,423.0","6,690.5","6,760.1","5,693.9","6,749.1","7,229.1","5,884.4","5,627.9","6,899.3","10,523","6,082.2","2,953.2","2,854.3","3,920.5","3,502.8","3,850.9","3,744.6","3,825.2","1,751.4","1,560.9","1,212.8","1,370.3","1,491.2","1,513.2","1,590.2","1,868.6","2,055.5"
87,GMB,Gambia The,EN.ATM.CO2E.KT,CO2 emissions (kt),18.3200,21.9840,25.6480,29.3120,29.3120,29.3120,32.9760,32.9760,36.6400,47.6320,47.6320,54.9600,65.9520,62.2880,62.2880,98.9280,98.9280,113.58,139.23,146.56,157.55,157.55,161.22,161.22,172.21,172.21,161.22,179.54,183.20,179.54,190.53,197.86,197.86,208.85,208.85,216.18,216.18,216.18,234.50,256.48,274.80,285.79,315.10,315.10,318.77,318.77,333.42
88,GEO,Georgia,EN.ATM.CO2E.KT,CO2 emissions (kt),,,,,,,,,,,,,,,,,,,,,,,,,,,,,,,,,"15,323","9,944.1","6,078.6","2,301.0","4,063.4","4,433.4","4,957.4","4,341.8","4,532.4","3,766.6","3,385.5","3,770.3","3,924.1","4,796.2","5,514.3"
89,DEU,Germany,EN.ATM.CO2E.KT,CO2 emissions (kt),,,,,,,,,,,,,,,,,,,,,,,,,,,,,,,,"962,650","929,659","909,339","905,972","895,482","919,576","895,170","889,861","819,259","826,617","849,381","824,360","828,291","821,220","803,065","804,505"
90,GHA,Ghana,EN.ATM.CO2E.KT,CO2 emissions (kt),"1,461.9","1,344.7","1,432.6","1,722.1","1,648.8","1,703.8","1,440.0","1,494.9","1,762.4","1,689.1","2,623.4","2,293.7","2,421.9","2,473.2","2,934.9","2,744.3","2,432.9","3,000.8","2,967.8","2,656.4","2,557.5","3,044.8","3,041.1","3,653.0","2,579.5","3,323.2","3,044.8","3,282.9","3,447.8","3,341.6","3,927.8","4,041.4","4,092.7","4,660.6","5,067.3","5,422.7","5,752.5","6,390.0","6,404.7","6,554.9","6,294.8","6,914.0","7,408.6","7,588.1","6,697.8","7,467.2","9,233.3"
91,GRC,Greece,EN.ATM.CO2E.KT,CO2 emissions (kt),"9,398.2","9,815.9","10,157","12,249","13,212","17,012","18,635","19,518","22,303","25,454","24,146","27,791","31,547","37,226","36,189","38,842","42,876","46,961","48,724","51,662","51,681","50,706","52,252","55,795","57,331","60,427","59,170","63,493","67,916","74,082","72,668","67,560","75,442","75,585","78,487","79,120","82,601","84,503","87,141","86,928","92,128","94,923","93,022","95,660","97,180","98,847","96,312"
92,GRL,Greenland,EN.ATM.CO2E.KT,CO2 emissions (kt),223.50,293.12,263.81,329.76,315.10,344.42,388.38,417.70,542.27,406.70,381.06,468.99,553.26,556.93,556.93,505.63,219.84,721.81,392.05,571.58,564.26,527.62,516.62,362.74,567.92,509.30,326.10,234.50,545.94,472.66,556.93,549.60,483.65,501.97,505.63,505.63,516.62,523.95,531.28,542.27,531.28,538.61,538.61,542.27,545.94,556.93,564.26
93,GRD,Grenada,EN.ATM.CO2E.KT,CO2 emissions (kt),21.9840,18.3200,25.6480,14.6560,21.9840,21.9840,29.3120,36.6400,40.3040,47.6320,43.9680,47.6320,47.6320,54.9600,36.6400,47.6320,47.6320,47.6320,51.2960,47.6320,47.6320,58.6240,62.2880,62.2880,62.2880,65.9520,73.2800,80.6080,102.59,109.92,120.91,120.91,128.24,142.90,164.88,172.21,175.87,205.18,190.53,205.18,205.18,219.84,216.18,219.84,216.18,234.50,241.82
94,GUM,Guam,EN.ATM.CO2E.KT,CO2 emissions (kt),,,,,,,,,,,,,,,,,,,,,,,,,,,,,,,,,,,,,,,,,,,,,,,
95,GTM,Guatemala,EN.ATM.CO2E.KT,CO2 emissions (kt),"1,344.7","1,407.0","1,381.3","1,520.6","1,769.7","1,974.9","1,740.4","1,982.2","2,139.8","2,279.0","2,297.3","2,440.2","2,707.7","2,934.9","3,066.8","3,521.1","3,308.6","3,810.6","4,125.7","4,689.9","4,506.7","3,964.4","3,623.7","3,176.7","3,418.5","3,521.1","3,697.0","3,990.1","4,122","4,242.9","5,082.0","5,049.0","6,012.6","5,653.6","6,833.4","7,159.5","6,646.5","7,591.8","8,746.0","8,921.8","9,907.5","10,278","10,974","10,996","11,549","11,860","11,758"
96,GIN,Guinea,EN.ATM.CO2E.KT,CO2 emissions (kt),410.37,615.55,659.52,696.16,699.82,696.16,718.14,725.47,747.46,747.46,791.42,813.41,831.73,802.42,839.06,842.72,886.69,901.34,901.34,945.31,963.63,989.28,981.95,952.64,978.29,992.94,996.61,992.94,"1,025.9","1,044.2","1,055.2","1,073.6","1,073.6","1,102.9","1,227.4","1,249.4","1,271.4","1,278.7","1,242.1","1,271.4","1,278.7","1,297.1","1,322.7","1,337.4","1,337.4","1,359.3","1,359.3"
97,GNB,Guinea-Bissau,EN.ATM.CO2E.KT,CO2 emissions (kt),18.3200,29.3120,40.3040,47.6320,58.6240,65.9520,65.9520,47.6320,62.2880,58.6240,69.6160,73.2800,65.9520,109.92,102.59,113.58,95.2640,102.59,102.59,109.92,146.56,142.90,142.90,142.90,161.22,172.21,183.20,194.19,216.18,230.83,252.82,256.48,260.14,278.46,278.46,282.13,285.79,289.46,230.83,249.15,252.82,260.14,271.14,271.14,271.14,271.14,278.46
98,GUY,Guyana,EN.ATM.CO2E.KT,CO2 emissions (kt),659.52,736.46,677.84,615.55,648.53,"1,077.2","1,179.8","1,322.7","1,330.0","1,366.7","1,579.2","1,498.6","1,560.9","1,802.7","1,553.5","1,824.7","1,751.4","1,898.0","2,055.5","1,520.6","1,788.0","1,799.0","1,403.3","1,245.8","1,403.3","1,418.0","1,044.2","1,308.0","1,403.3","1,194.5","1,139.5","1,121.2","1,051.6","1,055.2","1,333.7","1,480.3","1,527.9","1,601.2","1,652.5","1,648.8","1,579.2","1,516.9","1,546.2","1,498.6","1,443.6","1,491.2","1,505.9"
99,HTI,Haiti,EN.ATM.CO2E.KT,CO2 emissions (kt),285.79,296.78,304.11,249.15,300.45,304.11,304.11,260.14,263.81,315.10,384.72,403.04,392.05,421.36,472.66,483.65,674.18,707.15,754.78,754.78,751.12,765.78,824.40,894.02,912.34,941.65,842.72,912.34,"1,022.3","1,036.9",992.94,996.61,908.67,663.18,300.45,941.65,"1,091.9","1,421.6","1,231.1","1,330.0","1,366.7","1,590.2","1,681.8","1,667.1","1,755.1","1,766.0","1,810.0"
100,HND,Honduras,EN.ATM.CO2E.KT,CO2 emissions (kt),615.55,736.46,699.82,710.82,721.81,751.12,806.08,875.70,"1,223.8","1,176.1","1,388.7","1,330.0","1,535.2","1,509.6","1,557.2","1,667.1","1,777.0","2,000.5","2,048.2","1,930.9","2,055.5","1,821.0","1,762.4","2,000.5","1,985.9","1,905.3","1,846.7","2,172.8","2,502.5","2,726.0","2,590.4","2,696.7","3,074.1","2,846.9","3,334.2","3,876.5","3,957.1","4,155.0","4,646.0","4,737.6","5,027.0","5,708.5","5,965.0","6,423.0","7,404.9","7,778.7","7,188.8"
101,HKG,Hong Kong SAR China,EN.ATM.CO2E.KT,CO2 emissions (kt),"2,953.2","3,370.9","3,682.3","4,246.6","4,220.9","4,803.5","5,162.6","6,052.9","6,199.5","7,753.0","8,394.2","9,152.7","9,277.2","9,288.2","10,670","11,010","12,498","14,220","15,741","15,872","16,649","18,675","19,687","20,998","22,328","22,999","25,681","28,253","29,462","30,327","27,641","28,872","33,405","35,105","31,408","31,598","29,345","30,833","39,201","42,722","40,553","38,838","37,585","40,777","38,860","41,062","39,011"
102,HUN,Hungary,EN.ATM.CO2E.KT,CO2 emissions (kt),"45,335","48,940","50,523","56,239","62,354","61,247","61,687","58,785","61,105","62,372","69,957","69,235","69,385","73,020","74,057","75,336","79,959","83,151","86,196","84,697","84,829","84,298","85,030","86,775","88,665","83,722","80,608","81,037","76,153","73,485","61,859","62,915","57,972","61,163","57,133","59,778","62,398","61,233","59,397","59,056","55,964","56,741","56,198","59,536","57,847","58,778","57,602"
103,ISL,Iceland,EN.ATM.CO2E.KT,CO2 emissions (kt),"1,212.8","1,091.9","1,198.1","1,304.4","1,308.0","1,396.0","1,494.9","1,443.6","1,593.8","1,264.1","1,388.7","1,472.9","1,483.9","1,751.4","1,740.4","1,615.8","1,703.8","1,905.3","1,923.6","1,985.9","1,865.0","1,751.4","1,597.5","1,549.9","1,813.7","1,630.5","1,799.0","1,821.0","1,901.6","1,938.3","2,051.8","2,007.9","1,879.6","1,989.6","2,007.9","1,938.3","2,209.4","2,103.1","2,099.5","2,066.5","2,161.8","2,099.5","2,169.1","2,165.4","2,224.0","2,183.7","2,213.1"
104,IND,India,EN.ATM.CO2E.KT,CO2 emissions (kt),"120,505","130,318","143,376","153,980","150,546","165,862","171,651","172,124","187,208","190,594","195,013","205,730","217,704","224,193","231,836","252,032","263,610","315,463","317,815","331,709","348,340","374,563","398,145","432,022","446,803","490,122","525,498","561,171","605,879","662,484","690,092","737,340","783,085","813,730","864,330","919,404","1,001,525","1,043,207","1,071,156","1,143,582","1,185,843","1,202,921","1,245,254","1,301,218","1,362,037","1,422,808","1,509,253"
105,IDN,Indonesia,EN.ATM.CO2E.KT,CO2 emissions (kt),"21,387","26,003","22,977","22,764","22,376","24,670","23,376","24,541","27,564","33,364","35,794","38,956","43,305","49,094","51,219","53,919","61,760","82,367","93,857","95,019","94,707","100,079","105,322","104,871","112,093","121,147","121,641","123,272","132,054","130,860","150,341","181,320","204,045","221,130","224,647","227,872","246,298","269,260","200,520","224,618","245,737","270,473","284,063","281,864","320,607","330,537","333,241"
106,IRN,Iran Islamic Rep.,EN.ATM.CO2E.KT,CO2 emissions (kt),"37,362","36,512","37,431","41,308","47,522","53,722","64,109","67,887","82,337","83,048","91,944","101,801","106,307","129,794","144,138","139,533","156,783","164,103","162,454","164,004","120,916","112,895","138,034","149,792","150,689","160,798","148,447","159,611","176,140","191,188","227,000","233,554","247,269","229,491","296,502","284,686","286,411","290,379","315,917","316,412","338,964","356,793","365,107","394,664","419,796","435,719","466,636"
107,IRQ,Iraq,EN.ATM.CO2E.KT,CO2 emissions (kt),"8,258.7","8,713.0","9,024.4","9,387.2","9,068.4","19,298","27,682","18,379","19,701","22,607","23,889","28,839","29,528","30,620","30,917","33,130","48,761","43,675","42,283","52,948","45,522","32,097","30,598","38,717","40,172","44,639","47,713","52,839","67,872","73,192","52,512","47,383","61,621","66,747","74,984","77,838","69,444","68,253","72,313","72,269","74,478","86,698","92,417","77,776","83,118","88,566","92,505"
108,IRL,Ireland,EN.ATM.CO2E.KT,CO2 emissions (kt),"11,172","12,355","13,110","13,451","14,220","13,722","15,103","16,400","17,807","18,500","19,397","22,482","22,039","22,845","23,288","22,035","22,277","23,549","23,871","27,484","26,359","26,080","25,637","25,747","25,538","26,575","28,924","29,876","30,089","29,898","30,902","33,676","31,752","32,038","33,463","33,701","35,980","37,182","38,849","41,110","42,235","45,075","44,551","43,668","43,909","44,001","43,774"
109,IMY,Isle of Man,EN.ATM.CO2E.KT,CO2 emissions (kt),,,,,,,,,,,,,,,,,,,,,,,,,,,,,,,,,,,,,,,,,,,,,,,
110,ISR,Israel,EN.ATM.CO2E.KT,CO2 emissions (kt),"6,463.3","7,064.2","7,936.2","8,203.7","9,141.7","12,934","13,586","13,531","13,799","14,806","16,565","16,235","16,920","19,295","19,430","19,632","19,595","19,877","21,160","21,002","21,130","21,196","24,061","23,919","23,724","24,849","26,604","27,363","30,026","31,730","33,507","34,288","41,465","45,111","47,082","54,191","54,355","63,351","62,728","62,105","62,640","65,696","67,037","69,063","67,381","63,618","70,389"
111,ITA,Italy,EN.ATM.CO2E.KT,CO2 emissions (kt),"109,272","124,451","146,340","164,649","175,817","189,616","214,077","234,240","249,295","269,791","296,506","311,337","328,708","354,038","359,116","342,038","367,019","355,888","370,665","385,031","386,263","375,087","367,426","358,819","365,264","369,771","364,345","381,917","389,597","414,384","424,749","434,477","433,814","422,023","411,687","437,529","427,992","431,568","441,164","436,833","447,298","447,880","450,962","466,882","469,336","469,798","473,803"
112,JAM,Jamaica,EN.ATM.CO2E.KT,CO2 emissions (kt),"1,469.3","2,128.8","2,117.8","2,396.3","4,063.4","2,989.8","3,517.4","3,865.5","3,880.2","4,268.6","4,990.4","5,748.8","6,283.8","8,291.6","7,595.5","8,181.7","7,276.7","7,441.6","9,112.4","8,529.8","8,445.5","7,408.6","6,214.1","6,445.0","5,140.6","5,041.7","4,547.0","5,378.8","4,525.0","6,723.4","7,958.2","8,167.1","8,090.1","8,408.9","8,625.1","9,694.9","10,190","10,622","9,720.6","9,764.6","10,311","10,618","10,300","10,721","10,527","10,157","12,143"
113,JPN,Japan,EN.ATM.CO2E.KT,CO2 emissions (kt),"232,613","282,912","293,006","324,986","359,054","386,633","419,433","489,518","562,149","653,474","768,249","796,938","852,723","991,094","966,003","920,243","952,468","999,231","995,161","1,031,530","1,001,543","972,250","944,700","937,896","1,006,417","982,853","985,667","980,747","1,075,468","1,105,612","1,171,396","1,182,750","1,207,032","1,180,196","1,250,384","1,264,142","1,288,962","1,292,399","1,252,520","1,226,956","1,259,299","1,248,677","1,264,175","1,286,782","1,311,049","1,299,243","1,292,469"
114,JOR,Jordan,EN.ATM.CO2E.KT,CO2 emissions (kt),743.79,978.29,"1,047.9","1,220.1","1,242.1","1,421.6","1,582.8","1,414.3","1,505.9","1,758.7","1,557.2","1,656.1","1,916.3","2,202.1","2,227.7","2,491.5","2,949.5","3,162.0","3,638.4","3,792.2","4,722.9","5,858.7","6,287.4","7,357.3","8,346.6","8,533.5","9,273.6","9,654.6","9,306.6","9,226.0","10,395","9,790.2","12,256","12,091","13,623","13,546","14,176","14,407","14,531","14,557","15,495","15,990","16,873","17,477","19,221","21,317","20,709"
115,KAZ,Kazakhstan,EN.ATM.CO2E.KT,CO2 emissions (kt),,,,,,,,,,,,,,,,,,,,,,,,,,,,,,,,,"261,126","220,954","199,355","166,620","140,599","129,493","124,979","116,416","127,683","147,813","151,844","153,716","172,043","177,110","193,368"
116,KEN,Kenya,EN.ATM.CO2E.KT,CO2 emissions (kt),"2,425.6","2,399.9","2,623.4","2,854.3","2,824.9","2,465.9","2,682.0","2,700.4","2,817.6","3,129.1","3,081.4","3,682.3","3,869.2","3,916.8","4,946.4","4,972.0","4,605.6","5,052.7","5,320.1","5,034.3","6,192.2","6,521.9","4,689.9","4,656.9","4,316.2","3,766.6","4,158.6","5,169.9","4,785.2","5,188.2","5,818.4","4,836.5","5,536.3","6,342.4","6,551.2","7,547.8","9,321.2","8,258.7","10,028","10,164","10,409","9,361.5","7,961.9","8,833.9","10,578","10,944","12,143"
117,KIR,Kiribati,EN.ATM.CO2E.KT,CO2 emissions (kt),,7.32800,10.9920,18.3200,18.3200,10.9920,10.9920,21.9840,32.9760,10.9920,21.9840,29.3120,25.6480,36.6400,32.9760,32.9760,32.9760,21.9840,21.9840,25.6480,29.3120,29.3120,25.6480,21.9840,21.9840,21.9840,18.3200,21.9840,21.9840,21.9840,21.9840,21.9840,21.9840,21.9840,21.9840,21.9840,36.6400,29.3120,32.9760,29.3120,32.9760,25.6480,25.6480,25.6480,25.6480,25.6480,29.3120
118,PRK,Korea Dem. Rep.,EN.ATM.CO2E.KT,CO2 emissions (kt),"23,798","26,436","30,697","32,837","35,629","44,232","47,610","52,403","59,280","64,091","73,496","107,476","89,526","97,352","101,639","107,656","110,103","113,778","118,644","120,780","124,913","125,305","127,962","137,191","147,689","158,318","172,054","192,653","220,683","234,236","244,645","250,951","255,212","261,936","259,441","259,144","256,484","234,507","64,878","71,342","76,907","79,857","76,471","78,146","79,861","83,411","84,737"
119,KOR,Korea Rep.,EN.ATM.CO2E.KT,CO2 emissions (kt),"12,542","14,451","17,268","21,090","22,204","24,988","29,994","35,127","37,215","42,491","53,744","58,353","60,185","72,914","75,346","81,513","93,029","105,542","113,980","132,373","133,472","136,572","139,382","148,828","161,799","178,217","181,987","191,587","220,181","232,528","241,461","265,801","286,708","317,310","345,552","377,938","409,738","435,096","372,607","410,493","447,268","455,040","478,236","479,130","493,739","473,836","474,902"
120,KSV,Kosovo,EN.ATM.CO2E.KT,CO2 emissions (kt),,,,,,,,,,,,,,,,,,,,,,,,,,,,,,,,,,,,,,,,,,,,,,,
121,KWT,Kuwait,EN.ATM.CO2E.KT,CO2 emissions (kt),"7,797.0","9,973.4","14,279","17,012","25,315","35,391","35,123","25,421","22,424","26,809","25,021","27,117","27,612","24,223","19,313","16,814","18,459","17,206","20,984","17,653","24,655","25,194","21,152","21,592","28,345","29,136","35,292","31,444","32,888","35,856","40,722","10,787","19,939","31,481","36,677","53,172","49,915","62,200","63,369","65,948","71,049","67,410","63,929","73,203","81,271","89,805","86,536"
122,KGZ,Kyrgyz Republic,EN.ATM.CO2E.KT,CO2 emissions (kt),,,,,,,,,,,,,,,,,,,,,,,,,,,,,,,,,"11,040","8,350.3","6,093.2","4,660.6","5,792.8","5,616.9","5,983.3","4,675.3","4,642.3","3,847.2","4,946.4","5,375.1","5,756.1","5,565.6","5,562.0"
123,LAO,Lao PDR,EN.ATM.CO2E.KT,CO2 emissions (kt),80.6080,113.58,131.90,146.56,172.21,179.54,234.50,318.77,168.54,318.77,571.58,421.36,487.31,516.62,293.12,252.82,223.50,230.83,230.83,223.50,186.86,150.22,157.55,179.54,183.20,201.52,208.85,208.85,208.85,234.50,234.50,252.82,278.46,278.46,300.45,315.10,534.94,718.14,894.02,901.34,"1,058.9","1,176.1","1,293.4","1,337.4","1,381.3","1,407.0","1,425.3"
124,LVA,Latvia,EN.ATM.CO2E.KT,CO2 emissions (kt),,,,,,,,,,,,,,,,,,,,,,,,,,,,,,,,,"13,315","11,567","10,842","9,412.8","9,302.9","8,236.7","7,873.9","6,628.2","6,093.2","6,771.1","6,554.9","6,998.2","7,060.5","7,056.9","7,456.2"
125,LBN,Lebanon,EN.ATM.CO2E.KT,CO2 emissions (kt),"2,546.5","2,649.1","2,824.9","3,000.8","3,261.0","3,301.3","3,576.1","3,510.1","3,627.4","4,246.6","3,902.2","5,312.8","5,708.5","7,155.8","7,214.4","6,426.7","6,118.9","5,565.6","5,708.5","6,148.2","6,173.8","6,346.0","6,107.9","7,313.3","7,045.9","8,049.8","7,753.0","7,958.2","7,650.4","8,042.5","9,090.4","9,489.8","11,347","11,648","12,732","13,608","13,788","15,634","15,986","16,587","15,341","16,195","16,026","18,716","16,876","17,481","15,319"
126,LSO,Lesotho,EN.ATM.CO2E.KT,CO2 emissions (kt),,,,,,,,,,,,,,,,,,,,,,,,,,,,,,,,,,,,,,,,,,,,,,,
127,LBR,Liberia,EN.ATM.CO2E.KT,CO2 emissions (kt),164.88,161.22,252.82,355.41,483.65,556.93,611.89,611.89,883.02,"1,271.4","1,450.9","1,524.2","1,505.9","1,480.3","1,722.1","1,483.9","1,476.6","1,472.9","1,505.9","1,945.6","2,040.8","1,938.3",600.90,710.82,699.82,721.81,729.14,765.78,817.07,666.85,483.65,285.79,289.46,322.43,318.77,333.42,344.42,355.41,388.38,406.70,436.02,465.33,465.33,505.63,626.54,736.46,784.10
128,LBY,Libya,EN.ATM.CO2E.KT,CO2 emissions (kt),692.50,"1,194.5","1,047.9","1,461.9",663.18,"1,014.9","2,627.1","18,492","30,114","35,522","32,305","21,629","15,220","14,575","9,339.5","11,571","17,902","20,090","21,222","26,011","26,883","28,788","30,737","30,389","28,601","31,393","34,031","32,540","36,369","37,292","40,286","42,455","40,539","42,601","42,136","46,558","42,993","51,204","48,094","47,192","49,713","51,032","50,384","51,864","53,044","54,854","55,455"
129,LIE,Liechtenstein,EN.ATM.CO2E.KT,CO2 emissions (kt),,,,,,,,,,,,,,,,,,,,,,,,,,,,,,,,,,,,,,,,,,,,,,,
130,LTU,Lithuania,EN.ATM.CO2E.KT,CO2 emissions (kt),,,,,,,,,,,,,,,,,,,,,,,,,,,,,,,,,"22,134","17,481","17,345","16,191","15,719","15,327","16,184","13,681","12,183","12,688","12,773","12,901","13,315","13,989","14,180"
131,LUX,Luxembourg,EN.ATM.CO2E.KT,CO2 emissions (kt),"11,509","11,582","11,542","11,439","12,296","12,194","11,611","11,351","12,260","13,183","13,736","13,190","13,487","14,161","14,400","11,835","11,831","10,919","11,377","11,582","10,567","9,024.4","8,485.8","7,947.2","8,533.5","8,702","8,584.8","8,299.0","8,647.0","9,277.2","9,903.8","10,640","11,816","10,827","10,230","8,346.6","8,430.9","7,910.6","7,350.0","7,679.7","8,229.3","8,573.8","9,416.5","9,911.1","11,058","11,318","11,303"
132,MAC,Macao SAR China,EN.ATM.CO2E.KT,CO2 emissions (kt),51.2960,69.6160,95.2640,106.26,128.24,131.90,150.22,164.88,168.54,168.54,205.18,227.17,230.83,223.50,267.47,296.78,252.82,307.78,414.03,414.03,527.62,534.94,483.65,681.50,604.56,732.80,875.70,970.96,963.63,"1,029.6","1,033.2","1,091.9","1,084.5","1,187.1","1,282.4","1,242.1","1,414.3","1,498.6","1,564.5","1,531.6","1,634.1","1,685.4","1,846.7","1,861.3","2,224.0","2,308.3","2,235.0"
133,MKD,Macedonia FYR,EN.ATM.CO2E.KT,CO2 emissions (kt),,,,,,,,,,,,,,,,,,,,,,,,,,,,,,,,,"10,769","10,332","10,461","10,831","11,732","10,626","12,615","11,714","12,055","11,989","11,018","11,303","11,219","11,230","10,867"
134,MDG,Madagascar,EN.ATM.CO2E.KT,CO2 emissions (kt),399.38,355.41,395.71,461.66,483.65,556.93,578.91,842.72,912.34,850.05,970.96,"1,025.9","1,286.1","1,073.6","1,187.1","1,692.8",992.94,846.38,"1,018.6","1,121.2","1,612.2","1,025.9","1,011.3",663.18,959.97,"1,080.9","1,176.1","1,326.4","1,326.4",967.30,985.62,"1,073.6","1,044.2","1,069.9","1,315.4","1,311.7","1,410.6","1,700.1","1,736.7","1,923.6","2,268.0","2,312.0","2,312.0","2,572.1","2,748","2,795.6","2,832.3"
135,MWI,Malawi,EN.ATM.CO2E.KT,CO2 emissions (kt),,,,,329.76,348.08,428.69,366.40,388.38,381.06,454.34,501.97,545.94,571.58,549.60,578.91,582.58,637.54,670.51,637.54,710.82,604.56,593.57,575.25,556.93,556.93,553.26,545.94,542.27,564.26,611.89,659.52,655.86,692.50,718.14,729.14,710.82,758.45,791.42,"1,099.2","1,029.6","1,029.6","1,007.6","1,036.9","1,066.2","1,047.9","1,047.9"
136,MYS,Malaysia,EN.ATM.CO2E.KT,CO2 emissions (kt),,,,,,,,,,,"14,590","16,664","17,899","17,499","19,034","19,430","23,875","22,592","23,219","27,257","27,975","30,800","30,547","37,941","34,669","36,208","39,952","40,729","42,689","49,841","56,547","68,535","75,237","91,648","93,934","121,033","125,272","124,719","114,093","107,846","126,500","136,605","140,665","167,778","174,289","183,171","187,729"
137,MDV,Maldives,EN.ATM.CO2E.KT,CO2 emissions (kt),,,,,,,,,,,,3.66400,3.66400,3.66400,3.66400,7.32800,10.9920,14.6560,21.9840,29.3120,43.9680,47.6320,47.6320,51.2960,58.6240,65.9520,80.6080,80.6080,95.2640,124.58,153.89,172.21,252.82,216.18,219.84,274.80,318.77,366.40,333.42,465.33,498.30,575.25,688.83,597.23,751.12,677.84,868.37
138,MLI,Mali,EN.ATM.CO2E.KT,CO2 emissions (kt),120.91,117.25,139.23,175.87,175.87,197.86,190.53,223.50,197.86,161.22,201.52,227.17,245.49,267.47,304.11,340.75,340.75,414.03,395.71,428.69,392.05,395.71,366.40,417.70,436.02,406.70,381.06,359.07,384.72,417.70,421.36,436.02,443.34,454.34,461.66,468.99,487.31,523.95,516.62,538.61,542.27,545.94,553.26,538.61,564.26,567.92,567.92
139,MLT,Malta,EN.ATM.CO2E.KT,CO2 emissions (kt),340.75,293.12,329.76,410.37,498.30,472.66,414.03,520.29,637.54,652.19,663.18,659.52,839.06,806.08,743.79,666.85,762.11,802.42,934.32,905.01,"1,022.3","1,143.2","1,311.7",996.61,"1,363.0","1,198.1","1,483.9","1,854.0","2,011.5","2,169.1","2,257.0","2,480.5","2,663.7","2,751.7","2,733.3","2,967.8","3,154.7","3,363.6","2,143.4","2,345.0","2,150.8","2,473.2","2,154.4","2,509.8","2,594.1","2,586.8","2,546.5"
140,MHL,Marshall Islands,EN.ATM.CO2E.KT,CO2 emissions (kt),,,,,,,,,,,,,,,,,,,,,,,,,,,,,,,47.6320,51.2960,54.9600,62.2880,65.9520,65.9520,65.9520,65.9520,69.6160,65.9520,76.9440,80.6080,84.2720,84.2720,87.9360,84.2720,91.6000
141,MRT,Mauritania,EN.ATM.CO2E.KT,CO2 emissions (kt),36.6400,47.6320,62.2880,87.9360,117.25,161.22,179.54,197.86,234.50,274.80,428.69,399.38,447.01,468.99,483.65,509.30,516.62,556.93,582.58,604.56,630.21,663.18,883.02,934.32,864.70,655.86,373.73,"3,282.9","3,228.0","2,846.9","2,663.7","2,748","2,942.2","2,960.5","3,121.7","2,982.5","2,997.2","2,997.2","1,110.2","1,198.1","1,194.5","1,282.4","1,410.6","1,450.9","1,612.2","1,648.8","1,663.5"
142,MUS,Mauritius,EN.ATM.CO2E.KT,CO2 emissions (kt),179.54,186.86,252.82,208.85,307.78,304.11,274.80,498.30,637.54,571.58,498.30,395.71,688.83,677.84,692.50,589.90,619.22,641.20,630.21,659.52,589.90,542.27,501.97,597.23,626.54,707.15,798.75,930.66,853.71,"1,051.6","1,461.9","1,520.6","1,707.4","1,773.4","1,623.2","1,828.3","1,949.2","1,996.9","2,194.7","2,465.9","2,766.3","2,964.2","2,978.8","3,143.7","3,195.0","3,407.5","3,847.2"
143,MYT,Mayotte,EN.ATM.CO2E.KT,CO2 emissions (kt),,,,,,,,,,,,,,,,,,,,,,,,,,,,,,,,,,,,,,,,,,,,,,,
144,MEX,Mexico,EN.ATM.CO2E.KT,CO2 emissions (kt),"63,065","65,252","63,761","66,307","74,218","75,185","80,864","90,028","93,912","102,204","113,980","123,209","128,863","140,848","153,947","158,721","178,554","185,171","236,563","257,861","297,213","325,008","354,111","329,265","321,183","304,951","310,356","321,633","323,528","339,525","384,379","377,832","401,882","376,531","394,060","377,374","385,163","397,577","400,189","383,811","383,636","395,005","388,824","403,656","407,807","429,065","435,833"
145,FSM,Micronesia Fed. Sts.,EN.ATM.CO2E.KT,CO2 emissions (kt),,,,,,,,,,,,,,,,,,,,,,,,,,,,,,,,,,,,,,,,,,,,,,,
146,MDA,Moldova,EN.ATM.CO2E.KT,CO2 emissions (kt),,,,,,,,,,,,,,,,,,,,,,,,,,,,,,,,,"20,954","15,620","12,080","11,183","11,512","10,787","9,621.7","6,532.9","6,595.2","7,133.8","6,796.7","7,346.3","7,679.7","8,137.7","7,815.3"
147,MCO,Monaco,EN.ATM.CO2E.KT,CO2 emissions (kt),,,,,,,,,,,,,,,,,,,,,,,,,,,,,,,,,,,,,,,,,,,,,,,
148,MNG,Mongolia,EN.ATM.CO2E.KT,CO2 emissions (kt),"1,293.4","1,392.3","1,971.2","1,601.2","2,044.5","1,956.6","1,952.9","2,150.8","2,480.5","2,682.0","2,846.9","3,033.8","3,282.9","3,477.1","3,748.3","4,063.4","4,400.5","4,972.0","5,778.1","6,294.8","6,873.7","6,642.8","6,756.4","6,990.9","6,448.6","9,024.4","9,669.3","10,578","11,589","10,560","10,039","12,201","11,073","9,310.2","7,954.5","7,917.9","8,035.2","7,709.1","7,701.7","7,551.5","7,500.2","7,877.6","8,280.6","8,027.8","8,548.1","8,804.6","9,434.8"
149,MNE,Montenegro,EN.ATM.CO2E.KT,CO2 emissions (kt),,,,,,,,,,,,,,,,,,,,,,,,,,,,,,,,,,,,,,,,,,,,,,,
150,MAR,Morocco,EN.ATM.CO2E.KT,CO2 emissions (kt),"3,638.4","3,773.9","3,077.8","3,957.1","4,418.8","4,257.6","5,463.0","5,411.7","5,624.2","5,822.1","7,287.7","8,196.4","8,042.5","9,632.7","11,128","11,102","11,538","12,692","13,066","15,946","15,931","15,843","17,045","17,781","17,800","17,851","18,866","20,101","21,160","22,900","23,523","24,956","26,018","28,194","29,616","30,349","31,170","31,837","32,012","33,126","33,881","37,688","38,205","37,457","40,333","47,496","45,283"
151,MOZ,Mozambique,EN.ATM.CO2E.KT,CO2 emissions (kt),"1,883.3","2,630.8","1,985.9","1,659.8","2,139.8","2,004.2","2,125.1","1,872.3","2,777.3","3,239.0","2,982.5","3,612.7","3,297.6","3,561.4","3,147.4","2,883.6","2,557.5","2,711.4","2,872.6","2,641.7","3,206","2,487.9","2,539.2","1,974.9","1,535.2","1,146.8",981.95,981.95,"1,011.3","1,040.6","1,000.3","1,025.9","1,000.3","1,077.2","1,069.9","1,110.2","1,040.6","1,124.8","1,132.2","1,187.1","1,348.4","1,579.2","1,586.5","1,916.3","1,930.9","1,854.0","2,037.2"
152,MMR,Myanmar,EN.ATM.CO2E.KT,CO2 emissions (kt),"2,715.0","2,590.4","2,879.9","2,634.4","2,857.9","2,726.0","2,806.6","3,616.4","2,927.5","3,213.3","4,613.0","5,100.3","4,895.1","4,107.3","4,671.6","4,583.7","4,895.1","5,169.9","5,151.6","5,096.6","5,521.6","5,635.2","5,594.9","5,770.8","6,565.9","6,705.1","6,785.7","4,972.0","4,114.7","4,459.1","4,272.2","4,177.0","4,884.1","5,338.4","6,239.8","6,954.3","7,251.1","7,492.9","8,071.8","8,822.9","8,881.5","7,342.7","8,167.1","9,592.4","9,768.2","10,464","10,017"
153,NAM,Namibia,EN.ATM.CO2E.KT,CO2 emissions (kt),,,,,,,,,,,,,,,,,,,,,,,,,,,,,,,7.32800,14.6560,14.6560,18.3200,29.3120,"1,740.4","1,905.3","1,901.6","1,993.2","1,769.7","1,762.4","2,084.8","2,337.6","2,462.2","2,597.8","2,722.4","2,828.6"
154,NPL,Nepal,EN.ATM.CO2E.KT,CO2 emissions (kt),80.6080,80.6080,87.9360,98.9280,150.22,179.54,190.53,212.51,252.82,399.38,227.17,197.86,267.47,421.36,425.02,351.74,282.13,337.09,329.76,512.96,542.27,454.34,443.34,494.64,703.49,677.84,703.49,872.03,992.94,912.34,633.87,959.97,"1,330.0","1,465.6","1,696.4","2,033.5","2,484.2","2,781.0","2,249.7","3,217.0","3,231.6","3,451.5","2,707.7","2,949.5","2,707.7","3,165.7","3,239.0"
155,NLD,Netherlands,EN.ATM.CO2E.KT,CO2 emissions (kt),"73,449","75,830","83,294","91,157","96,792","100,419","103,574","106,699","113,463","115,815","141,823","140,764","157,666","165,510","160,315","152,895","169,548","164,147","170,735","187,985","178,961","164,451","133,747","137,525","144,288","147,300","144,552","152,265","149,202","165,792","167,265","175,246","170,376","173,802","172,523","176,524","186,974","180,796","178,616","165,034","168,874","172,109","175,037","177,521","179,214","174,890","168,390"
156,ANT,Netherlands Antilles,EN.ATM.CO2E.KT,CO2 emissions (kt),,,,,,,,,,,,,,,,,,,,,,,,,,,"5,180.9","4,664.3","4,151.3","5,902.7","6,210.5","5,140.6","4,334.5","6,716.1","6,562.2","6,492.6","6,133.5","8,551.8","3,389.2","3,228.0","3,290.3","3,330.6","3,535.8","3,839.9","3,748.3","3,751.9","4,308.9"
157,NCL,New Caledonia,EN.ATM.CO2E.KT,CO2 emissions (kt),861.04,886.69,564.26,619.22,"1,099.2","1,231.1","1,509.6","1,472.9","1,839.3","1,557.2","2,392.6","2,418.2","1,703.8","2,597.8","2,781.0","2,528.2","2,388.9","2,139.8","1,542.5","1,641.5","2,000.5","1,392.3","1,264.1","1,154.2","1,205.5","1,454.6","1,403.3","1,458.3","1,546.2","1,692.8","1,623.2","1,788.0","1,769.7","1,769.7","1,722.1","1,729.4","1,762.4","1,824.7","1,802.7","2,033.5","2,297.3","2,117.8","2,425.6","2,748","2,550.1","2,799.3","2,938.5"
158,NZL,New Zealand,EN.ATM.CO2E.KT,CO2 emissions (kt),"11,534","11,758","11,201","12,219","13,095","13,689","14,004","13,630","13,480","14,260","14,187","15,048","16,184","18,195","18,741","18,247","19,210","20,277","17,181","15,931","16,986","16,261","17,166","16,829","18,192","20,445","21,900","22,981","24,245","24,267","22,724","23,483","24,827","24,296","25,366","25,479","28,085","29,411","28,462","30,074","31,126","32,316","31,826","31,159","30,701","30,081","30,466"
159,NIC,Nicaragua,EN.ATM.CO2E.KT,CO2 emissions (kt),531.28,560.59,659.52,842.72,948.98,780.43,959.97,"1,080.9","1,231.1","1,286.1","1,403.3","1,505.9","1,604.8","1,828.3","1,949.2","1,927.3","2,224.0","2,835.9","2,630.8","1,711.1","2,026.2","2,139.8","2,114.1","2,000.5","1,850.3","1,989.6","2,084.8","2,506.2","2,312.0","1,549.9","2,641.7","2,066.5","2,487.9","2,301.0","2,553.8","2,835.9","2,923.9","3,132.7","3,418.5","3,623.7","3,839.9","4,012.1","4,015.7","4,323.5","4,286.9","4,151.3","4,330.8"
160,NER,Niger,EN.ATM.CO2E.KT,CO2 emissions (kt),29.3120,54.9600,65.9520,87.9360,95.2640,91.6000,135.57,131.90,161.22,190.53,216.18,230.83,252.82,329.76,289.46,333.42,333.42,366.40,417.70,479.98,571.58,685.17,747.46,963.63,992.94,996.61,901.34,"1,000.3",989.28,"1,040.6","1,051.6","1,058.9","1,080.9","1,095.5","1,088.2","1,128.5","1,135.8","1,139.5","1,135.8","1,143.2",857.38,857.38,930.66,985.62,996.61,926.99,934.32
161,NGA,Nigeria,EN.ATM.CO2E.KT,CO2 emissions (kt),"3,403.9","4,111.0","4,177.0","5,345.8","7,269.4","11,754","12,897","12,828","6,628.2","12,102","21,522","32,254","41,392","49,537","62,240","47,357","55,202","50,527","48,255","70,232","68,099","65,904","65,549","59,881","69,568","69,836","73,445","59,295","70,690","42,407","45,338","45,210","64,831","60,013","46,621","34,889","40,388","40,157","40,150","44,752","79,117","83,283","98,045","93,062","97,514","113,786","97,191"
162,MNP,Northern Mariana Islands,EN.ATM.CO2E.KT,CO2 emissions (kt),,,,,,,,,,,,,,,,,,,,,,,,,,,,,,,,,,,,,,,,,,,,,,,
163,NOR,Norway,EN.ATM.CO2E.KT,CO2 emissions (kt),"13,091","13,341","14,066","14,971","16,177","16,396","19,547","19,313","21,123","22,204","27,989","27,176","29,404","30,499","27,671","29,642","29,195","31,177","32,533","33,269","34,903","33,207","32,815","30,041","33,046","34,837","33,595","35,083","33,423","37,256","31,305","31,998","29,656","31,287","29,228","32,972","33,145","34,112","34,566","40,927","38,758","41,073","37,413","42,528","49,651","60,811","40,190"
164,OMN,Oman,EN.ATM.CO2E.KT,CO2 emissions (kt),,,,,10.9920,25.6480,29.3120,135.57,161.22,234.50,234.50,"2,092.1","2,088.5","2,110.5","2,334.0","7,251.1","8,320.9","8,500.5","7,789.7","7,716.4","6,041.9","6,012.6","5,730.5","7,525.9","8,053.5","8,654.4","9,500.8","9,075.7","10,179","9,662.0","10,343","10,941","12,088","13,458","15,257","15,920","15,213","15,583","16,653","20,801","22,039","24,109","30,404","31,525","31,041","31,444","41,348"
165,PAK,Pakistan,EN.ATM.CO2E.KT,CO2 emissions (kt),"14,147","14,645","16,092","18,500","19,023","19,958","20,310","21,555","24,717","23,974","24,318","23,058","18,914","20,020","21,405","23,200","22,819","24,369","26,117","28,227","32,042","34,372","37,354","40,271","42,821","47,137","49,413","53,491","58,170","60,907","68,509","68,191","72,734","77,948","84,770","84,415","94,374","94,637","97,587","100,306","106,366","108,198","111,404","110,792","129,819","133,960","142,555"
166,PLW,Palau,EN.ATM.CO2E.KT,CO2 emissions (kt),,,,,,,,,,,,,,,,,,,,,,,,,,,,,,,,,113.58,109.92,109.92,113.58,117.25,117.25,117.25,117.25,117.25,109.92,109.92,117.25,117.25,117.25,117.25
167,PAN,Panama,EN.ATM.CO2E.KT,CO2 emissions (kt),996.61,"1,102.9","1,190.8","1,183.5","1,242.1","1,527.9","1,656.1","1,696.4","2,018.9","2,051.8","2,202.1","2,601.4","2,799.3","3,239.0","3,019.1","3,660.3","3,609.0","3,458.8","2,839.6","3,191.3","3,451.5","3,107.1","2,978.8","3,209.7","2,817.6","2,660.1","2,766.3","3,286.6","2,773.6","2,469.5","3,132.7","3,389.2","4,012.1","4,125.7","4,777.9","3,469.8","4,876.8","5,954","5,943.0","5,664.5","5,785.5","7,001.9","5,829.4","6,148.2","5,752.5","5,976.0","6,423.0"
168,PNG,Papua New Guinea,EN.ATM.CO2E.KT,CO2 emissions (kt),179.54,201.52,197.86,256.48,267.47,304.11,340.75,436.02,501.97,556.93,692.50,824.40,"1,267.7","1,344.7","1,586.5","1,531.6","1,571.9","1,579.2","1,674.4","1,795.4","1,828.3","1,930.9","1,945.6","2,007.9","2,044.5","2,125.1","2,062.8","2,334.0","2,198.4","2,033.5","2,139.8","2,062.8","2,051.8","1,993.2","2,180.1","2,037.2","2,161.8","2,553.8","2,835.9","2,462.2","2,685.7","3,228.0","3,510.1","3,942.5","4,477.4","4,609.3","4,616.6"
169,PRY,Paraguay,EN.ATM.CO2E.KT,CO2 emissions (kt),304.11,362.74,392.05,410.37,432.35,549.60,512.96,487.31,589.90,520.29,743.79,633.87,714.48,868.37,952.64,839.06,"1,055.2","1,183.5","1,487.6","1,366.7","1,531.6","1,443.6","1,403.3","1,454.6","1,542.5","1,604.8","1,747.7","1,974.9","2,253.4","2,341.3","2,260.7","2,231.4","2,619.8","2,949.5","3,495.5","3,960.8","3,748.3","4,191.6","4,499.4","4,499.4","3,686.0","3,817.9","3,894.8","4,067.0","4,085.4","3,828.9","3,982.8"
170,PER,Peru,EN.ATM.CO2E.KT,CO2 emissions (kt),"8,167.1","8,636.0","9,962.4","10,226","12,256","11,956","13,245","13,645","14,491","15,290","17,770","18,598","18,159","19,742","21,343","21,947","22,424","23,321","22,442","22,255","24,102","24,083","23,651","20,434","20,676","19,496","21,830","25,762","25,087","21,823","21,149","20,390","20,408","23,596","23,270","23,856","24,344","27,366","27,810","29,777","30,463","27,685","27,715","26,901","33,068","37,135","38,615"
171,PHL,Philippines,EN.ATM.CO2E.KT,CO2 emissions (kt),"8,434.5","8,826.6","10,457","11,589","12,912","14,037","16,173","18,269","22,259","22,871","24,791","27,597","26,450","31,547","30,550","32,577","35,196","36,970","37,699","38,091","36,962","34,991","35,185","35,783","31,727","29,972","30,664","33,566","39,740","40,593","44,496","45,793","50,285","51,248","56,224","63,054","65,589","77,340","75,588","72,961","78,827","76,889","78,307","72,851","76,852","76,369","68,279"
172,POL,Poland,EN.ATM.CO2E.KT,CO2 emissions (kt),"199,637","207,298","216,671","231,067","242,953","247,056","252,512","259,111","275,885","293,457","304,233","313,034","329,727","335,901","346,640","375,304","398,764","418,737","435,126","445,561","464,280","409,789","422,184","422,104","434,342","445,850","453,237","465,845","445,641","423,460","347,626","344,017","339,503","350,546","337,799","346,362","361,161","349,278","324,491","314,478","300,957","303,075","296,696","306,263","308,340","303,346","317,988"
173,PRT,Portugal,EN.ATM.CO2E.KT,CO2 emissions (kt),"8,218.4","9,083.1","9,295.6","10,017","11,014","11,589","11,842","12,399","13,000","14,601","15,246","16,393","18,335","19,987","20,698","21,339","22,405","22,709","24,732","26,113","28,414","25,487","29,455","30,265","29,206","31,115","30,184","33,167","33,712","42,092","44,342","47,548","51,978","47,405","48,412","52,615","50,757","53,319","58,133","64,743","63,318","62,673","67,179","61,599","63,211","65,413","59,958"
174,PRI,Puerto Rico,EN.ATM.CO2E.KT,CO2 emissions (kt),,,,,,,,,,,,,,,,,,,,,,,,,,,,,,,,,,,,,,,,,,,,,,,
175,QAT,Qatar,EN.ATM.CO2E.KT,CO2 emissions (kt),175.87,161.22,190.53,"6,133.5","6,269.1","6,287.4","6,272.8","6,683.1","7,075.2","7,166.8","7,562.5","9,145.3","10,776","12,458","10,479","10,948","10,376","9,918.4","10,523","14,348","13,088","12,850","12,344","11,259","12,322","12,395","13,286","11,490","11,919","14,315","11,765","17,660","26,780","30,697","30,199","30,800","31,800","36,259","32,375","31,382","34,702","27,978","28,938","28,268","36,962","46,676","46,159"
176,ROM,Romania,EN.ATM.CO2E.KT,CO2 emissions (kt),"53,406","55,729","63,827","69,477","72,056","78,659","84,114","92,054","100,108","111,558","120,025","125,734","132,325","144,849","150,832","162,136","174,634","178,265","193,756","195,929","196,471","198,006","195,628","200,421","189,139","194,207","202,004","212,017","212,629","213,996","158,736","137,422","124,964","122,037","116,713","128,420","127,731","115,892","103,596","86,174","87,636","93,216","89,761","93,351","92,593","91,791","98,419"
177,RUS,Russian Federation,EN.ATM.CO2E.KT,CO2 emissions (kt),,,,,,,,,,,,,,,,,,,,,,,,,,,,,,,,,"2,073,461","1,897,241","1,617,652","1,558,259","1,541,482","1,481,432","1,421,277","1,422,991","1,442,623","1,441,465","1,432,001","1,480,791","1,498,928","1,514,412","1,563,531"
178,RWA,Rwanda,EN.ATM.CO2E.KT,CO2 emissions (kt),106.26,139.23,84.2720,84.2720,36.6400,47.6320,43.9680,40.3040,54.9600,58.6240,58.6240,62.2880,65.9520,69.6160,73.2800,175.87,267.47,267.47,289.46,296.78,494.64,600.90,608.22,696.16,633.87,615.55,597.23,615.55,696.16,688.83,681.50,630.21,637.54,652.19,637.54,648.53,674.18,692.50,677.84,703.49,707.15,718.14,721.81,729.14,740.13,765.78,795.09
179,WSM,Samoa,EN.ATM.CO2E.KT,CO2 emissions (kt),14.6560,18.3200,18.3200,21.9840,25.6480,29.3120,25.6480,25.6480,29.3120,29.3120,29.3120,36.6400,36.6400,36.6400,32.9760,58.6240,47.6320,80.6080,106.26,95.2640,98.9280,102.59,113.58,113.58,113.58,113.58,113.58,113.58,113.58,120.91,124.58,124.58,128.24,128.24,120.91,131.90,131.90,131.90,131.90,139.23,139.23,142.90,142.90,150.22,153.89,157.55,157.55
180,SMR,San Marino,EN.ATM.CO2E.KT,CO2 emissions (kt),,,,,,,,,,,,,,,,,,,,,,,,,,,,,,,,,,,,,,,,,,,,,,,
181,STP,Sao Tome and Principe,EN.ATM.CO2E.KT,CO2 emissions (kt),10.9920,10.9920,10.9920,7.32800,10.9920,10.9920,10.9920,10.9920,14.6560,14.6560,14.6560,10.9920,10.9920,14.6560,18.3200,18.3200,29.3120,29.3120,32.9760,32.9760,40.3040,43.9680,47.6320,54.9600,51.2960,54.9600,58.6240,58.6240,65.9520,65.9520,65.9520,69.6160,73.2800,73.2800,73.2800,76.9440,76.9440,76.9440,80.6080,87.9360,87.9360,91.6000,91.6000,91.6000,91.6000,102.59,102.59
182,SAU,Saudi Arabia,EN.ATM.CO2E.KT,CO2 emissions (kt),"2,674.7","3,568.7","6,250.8","6,939.6","7,042.2","4,217.3","6,408.3","25,487","29,081","35,273","45,254","59,760","70,287","95,059","98,708","83,268","101,467","118,080","115,039","138,023","169,266","175,348","157,962","160,919","155,588","172,512","204,711","190,550","202,388","203,572","214,879","268,256","286,572","315,309","310,363","234,665","258,305","216,649","207,119","227,043","297,506","295,601","323,194","323,432","345,764","366,766","381,287"
183,SEN,Senegal,EN.ATM.CO2E.KT,CO2 emissions (kt),828.06,813.41,813.41,861.04,923.33,"1,692.8","1,718.4",699.82,-80.6080,490.98,"1,308.0","1,352.0","1,454.6","1,549.9","1,850.3","2,579.5","1,773.4","2,242.4","2,627.1","2,898.2","3,348.9","3,293.9","3,052.1","2,630.8","3,304.9","2,674.7","2,660.1","2,451.2","2,740.7","3,693.3","3,180.4","3,422.2","3,477.1","3,590.7","3,898.5","3,491.8","3,737.3","3,261.0","3,425.8","3,697.0","3,935.1","4,250.2","4,613.0","4,909.8","5,305.5","5,572.9","4,257.6"
184,SRB,Serbia,EN.ATM.CO2E.KT,CO2 emissions (kt),,,,,,,,,,,,,,,,,,,,,,,,,,,,,,,,,,,,,,,,,,,,,,,
185,SYC,Seychelles,EN.ATM.CO2E.KT,CO2 emissions (kt),,,,7.32800,7.32800,7.32800,7.32800,7.32800,7.32800,7.32800,29.3120,32.9760,43.9680,47.6320,54.9600,58.6240,80.6080,84.2720,76.9440,120.91,95.2640,98.9280,84.2720,98.9280,98.9280,150.22,164.88,201.52,197.86,234.50,113.58,142.90,164.88,161.22,186.86,190.53,197.86,414.03,439.68,512.96,564.26,641.20,542.27,556.93,773.10,696.16,743.79
186,SLE,Sierra Leone,EN.ATM.CO2E.KT,CO2 emissions (kt),714.48,289.46,326.10,370.06,304.11,282.13,300.45,252.82,384.72,"1,106.5",872.03,802.42,677.84,538.61,520.29,523.95,450.67,512.96,710.82,677.84,608.22,692.50,553.26,688.83,615.55,663.18,674.18,498.30,458,373.73,388.38,468.99,472.66,505.63,582.58,586.24,622.88,633.87,593.57,582.58,630.21,751.12,787.76,765.78,"1,003.9","1,003.9",992.94
187,SGP,Singapore,EN.ATM.CO2E.KT,CO2 emissions (kt),"1,392.3","2,092.1","2,575.8","3,396.5","3,700.6","2,528.2",674.18,"3,055.8","5,415.4","7,199.8","18,195","16,580","22,222","21,204","21,951","24,523","30,012","28,286","33,137","36,094","31,408","26,828","29,726","34,969","33,375","33,390","34,999","32,573","36,076","41,854","46,903","47,387","50,226","54,583","65,314","47,071","55,260","69,184","61,845","52,304","52,304","52,505","51,105","49,098","50,882","59,514","56,176"
188,SVK,Slovak Republic,EN.ATM.CO2E.KT,CO2 emissions (kt),,,,,,,,,,,,,,,,,,,,,,,,,,,,,,,,,"44,312","39,736","38,967","42,924","41,634","40,476","42,286","38,564","35,328","37,860","37,827","38,051","37,182","37,666","37,431"
189,SVN,Slovenia,EN.ATM.CO2E.KT,CO2 emissions (kt),,,,,,,,,,,,,,,,,,,,,,,,,,,,,,,,,"12,337","12,615","10,864","14,000","14,931","15,887","15,162","15,015","14,433","14,491","14,630","14,861","14,909","14,916","15,162"
190,SLB,Solomon Islands,EN.ATM.CO2E.KT,CO2 emissions (kt),10.9920,14.6560,14.6560,14.6560,18.3200,25.6480,25.6480,32.9760,36.6400,36.6400,40.3040,47.6320,54.9600,65.9520,65.9520,58.6240,62.2880,80.6080,62.2880,109.92,102.59,135.57,120.91,142.90,142.90,150.22,153.89,161.22,157.55,161.22,161.22,161.22,161.22,157.55,153.89,161.22,161.22,161.22,161.22,164.88,164.88,172.21,172.21,179.54,179.54,179.54,179.54
191,SOM,Somalia,EN.ATM.CO2E.KT,CO2 emissions (kt),84.2720,87.9360,106.26,102.59,135.57,131.90,139.23,227.17,153.89,161.22,216.18,186.86,234.50,263.81,329.76,501.97,479.98,798.75,556.93,487.31,813.41,274.80,718.14,934.32,714.48,857.38,923.33,992.94,"1,007.6",956.30,18.3200,3.66400,10.9920,10.9920,10.9920,10.9920,,,,,516.62,501.97,208.85,216.18,234.50,252.82,172.21
192,ZAF,South Africa,EN.ATM.CO2E.KT,CO2 emissions (kt),"97,869","102,145","105,695","109,752","119,575","128,170","128,269","133,795","137,990","143,182","149,663","168,452","171,607","173,414","176,616","185,076","192,983","199,816","201,963","218,763","228,300","257,195","280,560","292,036","315,738","323,997","330,632","328,807","342,826","340,877","333,288","346,101","324,634","342,320","358,687","353,224","358,405","371,083","371,973","370,790","368,368","362,505","347,461","380,631","415,032","408,793","414,347"
193,ESP,Spain,EN.ATM.CO2E.KT,CO2 emissions (kt),"48,892","53,637","60,013","58,778","64,365","71,063","77,669","86,456","97,081","96,810","116,841","128,775","145,197","155,409","173,428","181,529","197,966","196,083","204,572","209,266","214,927","208,940","212,900","204,942","199,248","206,573","182,808","185,732","196,680","228,443","228,989","236,178","242,795","226,340","241,381","256,136","252,552","263,771","275,159","285,283","295,765","298,367","316,310","322,190","343,280","356,196","351,979"
194,LKA,Sri Lanka,EN.ATM.CO2E.KT,CO2 emissions (kt),"2,257.0","2,334.0","2,561.1","2,531.8","2,271.7","2,656.4","2,660.1","2,945.9","3,239.0","4,316.2","3,594.4","3,176.7","3,440.5","3,587.1","2,854.3","2,824.9","2,715.0","2,835.9","3,363.6","3,744.6","3,319.6","3,971.8","4,411.5","4,799.8","3,759.3","3,850.9","3,543.1","3,957.1","3,374.5","3,392.9","3,770.3","4,059.7","5,052.7","4,898.8","5,404.4","5,792.8","6,946.9","7,500.2","7,756.7","8,529.8","10,153","10,237","10,952","10,604","11,904","11,582","11,868"
195,KNA,St. Kitts and Nevis,EN.ATM.CO2E.KT,CO2 emissions (kt),,,,,,,,,,,,,,,,,,,,,,54.9600,65.9520,51.2960,51.2960,51.2960,58.6240,54.9600,65.9520,65.9520,65.9520,73.2800,73.2800,84.2720,87.9360,95.2640,102.59,102.59,102.59,102.59,102.59,102.59,113.58,124.58,124.58,135.57,135.57
196,LCA,St. Lucia,EN.ATM.CO2E.KT,CO2 emissions (kt),14.6560,18.3200,18.3200,21.9840,21.9840,25.6480,29.3120,32.9760,36.6400,62.2880,65.9520,69.6160,76.9440,80.6080,73.2800,76.9440,84.2720,69.6160,98.9280,150.22,113.58,95.2640,113.58,102.59,113.58,128.24,131.90,146.56,164.88,164.88,164.88,172.21,205.18,227.17,263.81,311.44,329.76,311.44,307.78,318.77,329.76,362.74,326.10,348.08,362.74,373.73,381.06
197,VCT,St. Vincent and the Grenadines,EN.ATM.CO2E.KT,CO2 emissions (kt),10.9920,10.9920,10.9920,14.6560,18.3200,14.6560,18.3200,18.3200,21.9840,29.3120,29.3120,29.3120,36.6400,40.3040,32.9760,32.9760,32.9760,32.9760,36.6400,29.3120,36.6400,36.6400,40.3040,40.3040,65.9520,65.9520,65.9520,76.9440,65.9520,76.9440,80.6080,76.9440,84.2720,102.59,120.91,131.90,135.57,135.57,164.88,168.54,157.55,179.54,186.86,194.19,194.19,194.19,197.86
198,SDN,Sudan,EN.ATM.CO2E.KT,CO2 emissions (kt),"1,359.3","1,385.0","1,483.9","1,678.1","1,857.6","2,425.6","2,641.7","3,184.0","3,103.4","4,180.6","4,851.1","4,979.4","5,375.1","5,422.7","5,679.2","4,235.6","3,751.9","3,803.2","3,436.8","3,568.7","3,744.6","3,638.4","3,825.2","3,905.8","3,502.8","4,070.7","4,246.6","3,348.9","4,843.8","3,755.6","5,554.6","5,382.4","4,752.2","2,905.6","4,440.8","4,598.3","4,264.9","5,415.4","4,693.6","5,089.3","5,529.0","6,364.4","8,112.1","8,991.5","10,365","10,992","10,805"
199,SUR,Suriname,EN.ATM.CO2E.KT,CO2 emissions (kt),432.35,428.69,494.64,531.28,604.56,795.09,"1,095.5","1,333.7","1,450.9","1,520.6","1,608.5","1,714.8","1,744.1","2,106.8","1,601.2","2,018.9","1,996.9","1,898.0","2,392.6","2,293.7","2,370.6","2,029.9","1,872.3","1,374","1,553.5","1,597.5","1,758.7","1,758.7","1,876.0","1,854.0","1,810.0","2,099.5","2,110.5","2,154.4","2,161.8","2,180.1","2,128.8","2,139.8","2,161.8","2,150.8","2,125.1","2,264.4","2,249.7","2,238.7","2,282.7","2,377.9","2,436.6"
200,SWZ,Swaziland,EN.ATM.CO2E.KT,CO2 emissions (kt),32.9760,3.66400,,,10.9920,80.6080,201.52,227.17,278.46,304.11,366.40,399.38,381.06,370.06,311.44,337.09,333.42,340.75,439.68,447.01,465.33,436.02,436.02,271.14,333.42,439.68,458,436.02,436.02,436.02,425.02,326.10,263.81,131.90,483.65,454.34,340.75,"1,201.8","1,212.8","1,238.4","1,187.1","1,143.2","1,124.8","1,040.6","1,029.6","1,018.6","1,014.9"
201,SWE,Sweden,EN.ATM.CO2E.KT,CO2 emissions (kt),"49,182","48,815","51,285","55,326","60,383","62,581","72,533","68,945","77,626","86,397","92,303","84,521","84,712","87,295","79,824","80,758","88,236","85,734","79,362","84,488","71,657","69,235","61,533","57,943","56,704","61,354","61,500","59,760","57,565","55,539","51,179","55,242","56,814","53,095","56,371","53,494","60,533","54,476","54,857","50,988","49,633","50,889","57,191","54,616","54,297","51,454","50,838"
202,CHE,Switzerland,EN.ATM.CO2E.KT,CO2 emissions (kt),"19,507","20,372","24,131","29,078","28,143","30,345","31,499","32,533","35,999","38,065","40,264","41,909","42,938","46,225","41,447","39,066","40,451","41,051","42,173","39,886","40,542","38,904","36,640","40,081","39,183","39,831","42,316","40,264","40,670","39,491","42,935","42,316","43,290","40,989","41,436","39,355","39,993","41,546","41,971","40,667","39,062","42,960","40,722","40,205","40,407","41,323","41,795"
203,SYR,Syrian Arab Republic,EN.ATM.CO2E.KT,CO2 emissions (kt),"3,220.7","3,063.1","3,202.3","3,609.0","4,363.8","3,675.0","4,913.4","4,605.6","5,957.7","7,236.4","6,653.8","8,877.9","7,760.4","7,888.6","9,658.3","11,175","13,747","14,652","15,209","22,530","20,786","26,615","24,468","27,938","33,064","29,627","31,327","36,197","36,915","34,537","37,420","43,158","44,400","47,079","48,493","51,516","50,981","52,252","62,658","64,860","63,292","60,610","66,447","65,164","66,150","66,549","68,411"
204,TJK,Tajikistan,EN.ATM.CO2E.KT,CO2 emissions (kt),,,,,,,,,,,,,,,,,,,,,,,,,,,,,,,,,"21,281","13,960","5,210.2","5,334.8","5,741.5","5,074.6","5,441.0","5,518.0","4,264.9","4,972.0","4,642.3","5,045.3","5,422.7","5,800.1","6,386.4"
205,TZA,Tanzania,EN.ATM.CO2E.KT,CO2 emissions (kt),,,,,,,,,,,"1,766.0","2,462.2","2,165.4","3,184.0","2,304.7","2,282.7","2,788.3","2,011.5","2,202.1","2,070.2","1,883.3","2,121.5","2,165.4","2,216.7","2,366.9","2,356.0","2,297.3","2,388.9","2,286.3","2,205.7","2,370.6","2,432.9","2,359.6","2,634.4","2,443.9","3,550.4","3,458.8","2,879.9","2,553.8","2,535.5","2,649.1","3,125.4","3,587.1","3,803.2","4,349.2","5,082.0","5,367.8"
206,THA,Thailand,EN.ATM.CO2E.KT,CO2 emissions (kt),"3,711.6","4,144.0","5,030.7","5,565.6","7,474.6","7,445.2","9,471.4","12,157","17,085","14,550","15,363","19,232","21,819","24,435","24,230","24,388","28,755","32,133","35,039","36,706","40,084","38,018","37,875","42,414","45,932","48,629","49,662","56,902","66,952","78,831","95,759","116,057","126,734","142,442","158,157","181,324","202,553","209,900","186,362","196,797","201,392","216,920","230,458","245,979","267,937","270,894","272,323"
207,TMP,Timor-Leste,EN.ATM.CO2E.KT,CO2 emissions (kt),,,,,,,,,,,,,,,,,,,,,,,,,,,,,,,,,,,,,,,,,,,161.22,161.22,175.87,175.87,175.87
208,TGO,Togo,EN.ATM.CO2E.KT,CO2 emissions (kt),65.9520,91.6000,87.9360,106.26,131.90,131.90,179.54,197.86,194.19,241.82,274.80,315.10,399.38,403.04,377.39,311.44,322.43,461.66,355.41,"1,381.3",718.14,626.54,732.80,545.94,608.22,549.60,707.15,765.78,791.42,835.39,773.10,842.72,835.39,864.70,831.73,952.64,"1,058.9",985.62,"1,165.2","1,480.3","1,311.7","1,161.5","1,231.1","1,461.9","1,396.0","1,337.4","1,220.1"
209,TON,Tonga,EN.ATM.CO2E.KT,CO2 emissions (kt),10.9920,10.9920,10.9920,10.9920,10.9920,10.9920,10.9920,14.6560,14.6560,10.9920,25.6480,18.3200,21.9840,25.6480,21.9840,32.9760,29.3120,29.3120,36.6400,40.3040,40.3040,47.6320,43.9680,47.6320,47.6320,47.6320,47.6320,54.9600,69.6160,69.6160,76.9440,91.6000,87.9360,102.59,106.26,109.92,109.92,113.58,109.92,128.24,120.91,106.26,113.58,139.23,135.57,131.90,131.90
210,TTO,Trinidad and Tobago,EN.ATM.CO2E.KT,CO2 emissions (kt),"2,579.5","4,598.3","7,232.7","1,308.0","3,792.2","5,191.9","4,052.4","4,635.0","4,037.7","3,902.2","8,991.5","8,097.4","8,236.7","9,390.8","10,043","9,614.3","15,913","16,162","15,316","16,712","16,924","17,246","18,412","16,290","17,521","20,738","17,371","17,507","15,854","16,129","16,946","21,031","20,969","16,807","19,837","20,951","21,764","19,214","19,302","22,797","24,494","25,003","26,868","27,674","27,817","30,931","33,577"
211,TUN,Tunisia,EN.ATM.CO2E.KT,CO2 emissions (kt),"1,725.7","1,766.0","1,795.4","1,945.6","2,755.3","2,462.2","2,883.6","3,085.1","3,594.4","3,854.5","3,740.9","4,209.9","4,733.9","4,825.5","5,393.4","5,543.6","5,844.1","6,752.8","7,485.6","8,764.3","9,482.4","9,812.2","9,519.1","11,296","11,538","11,930","12,055","11,739","12,454","13,223","13,256","15,477","15,011","16,488","15,927","15,722","16,744","16,931","17,987","18,316","19,907","20,801","20,998","21,379","22,427","22,783","23,109"
212,TUR,Turkey,EN.ATM.CO2E.KT,CO2 emissions (kt),"16,807","17,349","21,614","22,655","26,319","27,370","31,525","33,500","36,288","38,780","42,605","47,698","53,817","59,441","61,094","65,648","73,665","81,509","78,688","77,999","77,582","82,154","89,424","97,752","100,577","115,878","130,607","140,350","123,550","140,961","146,527","149,565","150,979","164,012","161,509","175,905","192,708","202,693","207,320","200,648","222,859","200,685","209,009","221,452","226,743","248,295","269,256"
213,TKM,Turkmenistan,EN.ATM.CO2E.KT,CO2 emissions (kt),,,,,,,,,,,,,,,,,,,,,,,,,,,,,,,,,"28,044","27,641","33,449","34,592","31,338","29,906","26,025","35,086","35,618","39,648","41,040","43,125","39,608","41,726","44,071"
214,UGA,Uganda,EN.ATM.CO2E.KT,CO2 emissions (kt),421.36,406.70,428.69,432.35,490.98,626.54,732.80,809.74,981.95,"1,176.1","1,443.6","1,440.0","1,381.3","1,179.8","1,194.5","1,132.2",989.28,806.08,699.82,615.55,648.53,523.95,545.94,619.22,586.24,604.56,688.83,729.14,853.71,817.07,817.07,850.05,861.04,820.74,743.79,956.30,"1,051.6","1,132.2","1,337.4","1,392.3","1,531.6","1,630.5","1,703.8","1,718.4","1,832","2,337.6","2,704.0"
215,UKR,Ukraine,EN.ATM.CO2E.KT,CO2 emissions (kt),,,,,,,,,,,,,,,,,,,,,,,,,,,,,,,,,"611,045","521,428","427,391","429,688","397,134","328,082","314,463","317,544","304,764","305,622","311,865","337,202","328,555","326,997","318,926"
216,ARE,United Arab Emirates,EN.ATM.CO2E.KT,CO2 emissions (kt),10.9920,10.9920,18.3200,21.9840,18.3200,21.9840,25.6480,916,"1,242.1","20,507","15,235","21,167","23,435","30,605","31,302","31,045","39,619","38,754","44,778","36,578","36,875","36,827","36,842","35,314","46,357","49,885","47,196","47,654","48,328","54,443","54,769","59,386","61,031","67,685","76,120","73,580","43,492","44,679","98,811","88,966","126,650","113,690","95,777","127,317","131,974","135,594","139,452"
217,GBR,United Kingdom,EN.ATM.CO2E.KT,CO2 emissions (kt),"583,895","588,530","592,949","603,402","607,931","622,180","618,124","592,095","606,535","628,405","652,588","660,381","648,008","659,546","617,146","603,197","598,470","604,300","615,743","651,774","587,731","560,306","555,594","552,187","527,176","559,643","566,352","569,404","572,038","588,193","573,346","593,374","585,276","567,099","563,358","563,538","580,495","553,513","556,294","536,827","548,054","558,712","538,901","550,311","554,513","553,238","568,107"
218,USA,United States,EN.ATM.CO2E.KT,CO2 emissions (kt),"2,919,629","2,928,588","3,036,738","3,168,939","3,299,784","3,441,328","3,619,820","3,758,934","3,908,253","4,094,476","4,409,756","4,440,885","4,646,040","4,841,874","4,670,812","4,472,678","4,682,438","4,730,283","4,874,447","4,887,791","4,717,818","4,528,367","4,297,367","4,330,196","4,462,225","4,479,654","4,488,180","4,676,701","4,881,632","4,935,181","4,861,121","4,870,383","4,856,105","5,149,203","5,219,017","5,215,503","5,323,177","5,468,854","5,479,545","5,552,404","5,737,549","5,624,684","5,690,057","5,684,099","5,793,796","5,837,067","5,748,105"
219,URY,Uruguay,EN.ATM.CO2E.KT,CO2 emissions (kt),"4,316.2","4,118.3","4,008.4","4,316.2","4,554.4","5,518.0","5,400.7","4,880.4","4,880.4","5,591.3","5,737.8","5,803.8","6,071.2","5,770.8","5,679.2","5,965.0","5,891.7","5,646.2","5,737.8","6,272.8","5,833.1","5,371.4","4,869.5","3,814.2","3,447.8","3,293.9","3,176.7","3,557.7","4,803.5","4,876.8","3,990.1","4,550.7","5,166.2","4,462.8","4,063.4","4,587.3","5,437.4","5,551.0","5,682.9","6,719.8","5,301.8","5,089.3","4,616.6","4,591.0","5,822.1","5,987.0","6,859.0"
220,UZB,Uzbekistan,EN.ATM.CO2E.KT,CO2 emissions (kt),,,,,,,,,,,,,,,,,,,,,,,,,,,,,,,,,"113,921","118,435","110,891","100,830","103,105","101,698","117,955","117,325","118,754","120,864","125,771","121,187","118,285","112,481","115,588"
221,VUT,Vanuatu,EN.ATM.CO2E.KT,CO2 emissions (kt),,,40.3040,32.9760,62.2880,47.6320,76.9440,84.2720,62.2880,43.9680,40.3040,58.6240,62.2880,54.9600,62.2880,54.9600,43.9680,51.2960,58.6240,62.2880,62.2880,51.2960,51.2960,54.9600,54.9600,120.91,58.6240,47.6320,65.9520,62.2880,69.6160,65.9520,65.9520,65.9520,65.9520,65.9520,84.2720,87.9360,84.2720,84.2720,80.6080,84.2720,84.2720,87.9360,87.9360,87.9360,91.6000
222,VEN,Venezuela RB,EN.ATM.CO2E.KT,CO2 emissions (kt),"57,023","51,886","54,062","56,158","56,558","60,738","56,983","65,761","65,582","68,942","74,500","62,512","62,526","66,447","75,072","63,765","57,298","63,680","68,634","76,508","90,728","91,893","93,329","93,025","93,143","101,196","109,440","110,891","116,002","108,766","122,063","115,346","105,787","124,254","133,637","136,381","125,763","131,787","159,076","165,129","145,007","169,438","166,423","172,391","135,847","152,419","171,468"
223,VNM,Vietnam,EN.ATM.CO2E.KT,CO2 emissions (kt),,,,,,,,,,,"28,176","24,509","23,039","25,076","19,067","21,782","13,912","15,264","15,407","16,268","16,807","17,712","18,368","19,302","17,536","21,149","23,072","25,948","23,164","17,496","21,390","21,434","22,369","22,951","26,282","29,825","35,262","45,624","47,768","48,024","53,553","59,928","71,093","76,039","97,968","101,764","106,055"
224,VIR,Virgin Islands (U.S.),EN.ATM.CO2E.KT,CO2 emissions (kt),,,,,,,,,,,,,,,,,,,,,,,,,,,,,,,,,,,,,,,,,,,,,,,
225,WBG,West Bank and Gaza,EN.ATM.CO2E.KT,CO2 emissions (kt),,,,,,,,,,,,,,,,,,,,,,,,,,,,,,,,,,,,,,414.03,608.22,659.52,798.75,"1,355.7","1,168.8","1,282.4","2,209.4","2,751.7","2,982.5"
226,YEM,Yemen Rep.,EN.ATM.CO2E.KT,CO2 emissions (kt),,,,,,,,,,,,,,,,,,,,,,,,,,,,,,,,"10,102","14,370","9,423.8","11,358","11,241","14,923","15,462","12,190","13,890","14,616","16,246","16,272","17,126","19,126","20,159","21,185"
227,ZMB,Zambia,EN.ATM.CO2E.KT,CO2 emissions (kt),,,,,"3,275.6","3,913.2","3,499.1","4,788.8","4,569.0","4,272.2","3,766.6","3,792.2","4,063.4","4,587.3","4,198.9","4,078.0","4,023.1","3,740.9","3,473.5","3,601.7","3,528.4","3,363.6","3,517.4","3,268.3","2,817.6","2,751.7","2,887.2","2,700.4","3,140.0","2,601.4","2,443.9","2,414.6","2,454.9","2,498.8","2,418.2","2,169.1","1,868.6","2,388.9","2,312.0","1,806.4","1,817.3","1,905.3","1,967.6","2,125.1","2,286.3","2,363.3","2,469.5"
228,ZWE,Zimbabwe,EN.ATM.CO2E.KT,CO2 emissions (kt),,,,,"4,470.1","5,210.2","6,041.9","5,294.5","6,379.0","6,745.4","8,156.1","8,735.0","8,218.4","9,273.6","9,050.1","8,313.6","10,860","9,291.9","9,288.2","9,442.1","9,629.0","9,427.5","8,804.6","10,453","9,914.8","10,256","13,117","15,228","16,089","16,173","16,646","16,913","18,049","17,323","18,774","16,056","15,880","15,209","15,077","16,796","14,803","13,429","12,758","11,369","10,640","11,542","11,073"
