,,,,,1961,1962,1963,1964,1965,1966,1967,1968,1969,1970,1971,1972,1973,1974,1975,1976,1977,1978,1979,1980,1981,1982,1983,1984,1985,1986,1987,1988,1989,1990,1991,1992,1993,1994,1995,1996,1997,1998,1999,2000,2001,2002,2003,2004,2005,2006,2007
1,EAP,East Asia & Pacific,AG.LND.AGRI.ZS,Agricultural land (% of land area),36.0176,36.2239,36.4395,36.6628,36.9175,37.1729,37.4359,37.6804,37.9784,38.3009,38.5425,38.9039,39.2989,39.7961,40.1330,39.6157,40.0789,40.4825,40.8871,41.4127,41.9269,42.4353,43.8550,44.3088,45.6100,46.3325,47.1189,47.8005,48.4008,48.5025,48.3402,48.2123,48.0475,48.0490,48.1476,48.1975,48.2340,48.4316,49.7199,49.8122,49.7717,49.6752,48.9398,49.2305,49.4403,49.7504,49.9209
2,ECA,Europe & Central Asia,AG.LND.AGRI.ZS,Agricultural land (% of land area),27.3357,27.4050,27.3970,27.3796,27.4909,27.4597,27.5131,27.5553,27.6904,27.6450,27.6426,27.7347,27.8250,27.8595,27.7179,27.8119,27.8767,27.8502,27.8612,27.8772,27.8814,27.9279,27.9431,27.9879,28.0492,28.0863,28.0305,28.0465,28.0676,28.0266,28.0049,29.3463,29.2313,29.2000,28.7816,28.6501,28.6467,28.4992,28.3470,28.4482,28.4237,28.3948,28.2938,28.2676,28.2429,28.2114,28.1320
3,EMU,Euro area,AG.LND.AGRI.ZS,Agricultural land (% of land area),56.0463,55.9928,55.8800,55.5507,55.4274,55.2670,55.2281,54.9070,54.9706,54.4070,53.6091,53.4508,53.2221,53.1163,52.9893,52.6313,52.5841,52.5829,52.3907,52.1522,52.1006,52.0529,51.6237,51.5123,51.4214,51.3062,51.1966,50.9288,50.9062,50.7203,49.4323,49.2027,49.1152,49.1108,48.6791,48.7257,48.5735,48.6010,48.5313,48.2566,47.9535,47.7420,47.5241,47.2468,47.1620,46.6128,46.4236
4,HIC,High income,AG.LND.AGRI.ZS,Agricultural land (% of land area),38.3494,38.3022,38.2945,38.2705,38.2891,38.2996,38.3540,38.2697,38.3659,38.3507,38.2833,38.2776,38.2997,38.2764,38.2439,38.2531,37.9593,37.8219,37.9055,37.9447,37.9300,37.8762,37.6492,37.8595,38.0034,38.0972,38.1107,38.2847,38.2703,38.3268,38.1827,38.1826,39.3961,39.5712,39.3301,39.2569,39.0342,39.0698,38.7288,38.7666,38.7491,38.4266,38.1977,38.1485,38.2208,37.8285,37.5267
5,HPC,Heavily indebted poor countries (HIPC),AG.LND.AGRI.ZS,Agricultural land (% of land area),35.3313,35.3899,35.4759,35.5371,35.6001,35.7326,35.7741,35.8557,35.9159,35.9350,36.0996,36.1633,36.1911,36.2124,36.2973,36.3570,36.4370,36.5344,36.5981,36.6460,36.6828,36.7275,36.7901,36.8456,37.0377,37.2737,37.3656,37.5802,37.7138,37.8204,37.9092,38.0728,37.4140,37.6253,37.8661,38.0852,38.3265,38.5237,38.6672,38.7818,38.9977,39.0554,39.3486,39.3897,39.8627,39.8952,39.9521
6,LAC,Latin America & Caribbean,AG.LND.AGRI.ZS,Agricultural land (% of land area),27.7633,28.0416,28.3066,28.5516,28.7570,28.9708,29.1590,29.4481,29.9151,30.0396,30.4087,30.6610,30.8733,31.1458,31.3996,31.6240,31.8497,31.9273,32.1107,32.2591,32.3992,32.6105,32.6879,32.8415,32.9792,33.2718,33.4190,33.5524,33.6827,33.9530,34.1687,34.3245,34.5297,34.5790,34.9705,35.1563,35.2178,35.3045,35.3826,35.3712,35.3192,35.3045,35.3505,35.5087,35.5331,35.5156,35.5740
7,LDC,Least developed countries: UN classification,AG.LND.AGRI.ZS,Agricultural land (% of land area),35.9921,36.0450,36.1351,36.1928,36.2487,36.3834,36.4200,36.4917,36.5275,36.5497,36.6320,36.6689,36.6649,36.6529,36.7001,36.7427,36.7565,36.8423,36.8667,36.9135,36.9158,36.9384,36.9921,36.9964,37.1843,37.3952,37.5067,37.7231,37.8471,37.9561,38.0137,38.0866,37.3949,37.5797,37.7863,37.9819,38.1963,38.3661,38.5079,38.6454,38.8622,38.9093,39.2235,39.2700,39.7293,39.7970,39.8730
8,LIC,Low income,AG.LND.AGRI.ZS,Agricultural land (% of land area),34.6964,34.7571,34.8492,34.9075,34.9750,35.1151,35.1590,35.2402,35.2881,35.3127,35.4039,35.4501,35.4553,35.4500,35.5071,35.5696,35.5993,35.6959,35.7222,35.7827,35.7886,35.8350,35.8977,35.9027,36.0443,36.1146,36.1194,36.2138,36.2679,36.3721,36.4432,36.6182,35.7331,35.8971,36.0238,36.1734,36.4011,36.5573,36.7747,36.9913,37.2768,37.3203,37.5791,37.6621,38.0954,38.1739,38.2384
9,LMC,Lower middle income,AG.LND.AGRI.ZS,Agricultural land (% of land area),40.7871,40.9771,41.1134,41.3111,41.5071,41.6617,41.8209,41.9786,42.1724,42.3705,42.5865,42.8473,43.1732,43.4948,43.7074,43.4675,43.7757,43.9684,44.2358,44.4788,44.8165,45.1481,45.9056,46.2438,47.0332,47.5814,48.0848,48.5799,48.9390,48.9907,49.0018,49.1765,49.2420,49.2745,49.4308,49.5318,49.5435,49.7842,50.3949,50.3925,50.5154,50.3215,50.0247,50.1727,49.8366,49.9909,50.1130
10,LMY,Low & middle income,AG.LND.AGRI.ZS,Agricultural land (% of land area),32.9685,33.0977,33.2015,33.3089,33.4379,33.5533,33.6609,33.7962,33.9898,34.0733,34.2448,34.4029,34.5565,34.7134,34.8031,34.7996,34.9507,35.0443,35.1678,35.2855,35.3653,35.5263,35.8002,35.9387,36.2540,36.4976,36.6858,36.8968,37.0601,37.1518,37.2128,37.5914,37.4559,37.5237,37.5767,37.6207,37.6728,37.7605,37.9726,38.0419,38.1225,38.0637,38.0052,38.1111,38.0860,38.1422,38.1860
11,MIC,Middle income,AG.LND.AGRI.ZS,Agricultural land (% of land area),32.5496,32.6954,32.8020,32.9213,33.0652,33.1746,33.2977,33.4462,33.6751,33.7729,33.9638,34.1490,34.3386,34.5348,34.6324,34.6129,34.7935,34.8863,35.0333,35.1649,35.2627,35.4514,35.7766,35.9475,36.3048,36.5905,36.8231,37.0624,37.2521,37.3408,37.3993,37.8273,37.8736,37.9181,37.9532,37.9717,37.9811,38.0523,38.2630,38.2964,38.3274,38.2439,38.1084,38.2199,38.0837,38.1345,38.1734
12,MNA,Middle East & North Africa,AG.LND.AGRI.ZS,Agricultural land (% of land area),23.2147,23.2022,23.2306,23.2367,23.2653,23.2621,23.3351,23.3703,23.4485,23.5329,23.8804,24.0119,24.0656,24.0759,23.9632,23.9946,23.9789,23.9389,24.0696,23.9289,23.4992,23.5918,23.6776,23.7594,23.7926,23.7945,23.8634,23.9435,23.9679,24.0135,24.2723,24.4567,24.5594,24.6467,24.6756,24.7488,24.7005,24.8389,24.6885,24.5461,24.6361,24.7370,24.8130,24.9254,22.9773,22.9562,23.0109
13,NOC,High income: nonOECD,AG.LND.AGRI.ZS,Agricultural land (% of land area),31.6171,31.6120,31.6204,31.6268,31.6409,31.6404,31.6424,31.6559,31.6676,31.6825,31.6848,31.6949,31.7084,31.7293,31.7332,31.7499,31.7655,31.7782,31.7901,31.8065,31.8223,31.8373,31.9079,33.6316,35.3586,37.0790,38.8039,40.5178,42.2300,43.9704,44.0272,43.9810,60.5634,60.5024,60.4687,60.2446,58.9802,59.0136,59.0322,59.0542,59.0277,58.9594,58.9354,59.0813,58.9414,58.9091,58.9091
14,OEC,High income: OECD,AG.LND.AGRI.ZS,Agricultural land (% of land area),39.0127,38.9614,38.9521,38.9252,38.9442,38.9557,39.0153,38.9213,39.0258,39.0077,38.9335,38.9262,38.9492,38.9215,38.8854,38.8938,38.5696,38.4174,38.5081,38.5495,38.5318,38.4712,38.2149,38.2761,38.2640,38.1976,38.0424,38.0646,37.8801,37.7707,37.6068,37.6113,37.3103,37.5086,37.2471,37.1887,37.0236,37.0595,36.6822,36.7218,36.7051,36.3570,36.1086,36.0399,36.1336,35.7048,35.3728
15,SAS,South Asia,AG.LND.AGRI.ZS,Agricultural land (% of land area),52.1986,52.5836,52.6496,53.0937,53.3476,53.5396,53.5258,53.6443,53.5500,53.6422,53.5653,53.6673,53.9635,54.1885,54.4290,54.4198,54.5033,54.5368,54.4861,54.4654,54.5041,54.5664,54.5066,54.6403,54.6777,54.7430,54.8933,55.0126,54.8745,54.7982,54.7689,54.5805,54.6503,54.7555,54.7262,54.7754,54.8529,54.9275,54.8617,55.2039,56.1422,54.6585,54.9982,54.7427,54.8213,54.8555,54.9022
16,SSA,Sub-Saharan Africa,AG.LND.AGRI.ZS,Agricultural land (% of land area),40.5438,40.5524,40.5877,40.5904,40.5985,40.7069,40.7314,40.7931,40.8407,40.8524,40.9635,40.9899,41.0006,40.9892,41.0424,41.0831,41.1197,41.1968,41.2225,41.2616,41.2664,41.3079,41.3683,41.3952,41.6065,41.8129,41.9233,42.1412,42.2892,42.4022,42.5081,42.6626,42.1058,42.3196,42.5375,42.6195,42.7601,42.9898,43.1398,43.2580,43.4587,43.5889,43.8078,43.9452,44.4040,44.4686,44.5307
17,UMC,Upper middle income,AG.LND.AGRI.ZS,Agricultural land (% of land area),26.9861,27.1021,27.1886,27.2550,27.3637,27.4426,27.5413,27.6835,27.9360,27.9661,28.1401,28.2742,28.3718,28.4833,28.5032,28.6327,28.7270,28.7524,28.8181,28.8745,28.8101,28.9024,28.9355,28.9935,29.0590,29.1674,29.2170,29.2835,29.3587,29.4723,29.5630,30.1620,30.1947,30.2483,30.2010,30.1621,30.1702,30.1272,30.0691,30.1256,30.0944,30.0855,30.0592,30.1461,30.1452,30.1251,30.1078
18,WLD,World,AG.LND.AGRI.ZS,Agricultural land (% of land area),34.3583,34.4419,34.5169,34.5904,34.6909,34.7791,34.8730,34.9516,35.1200,35.1781,35.2878,35.4036,35.5233,35.6336,35.6917,35.6915,35.7278,35.7617,35.8749,35.9723,36.0277,36.1332,36.2778,36.4348,36.7058,36.9108,37.0538,37.2552,37.3726,37.4552,37.4633,37.7441,37.9570,38.0526,38.0296,38.0433,38.0250,38.0992,38.1682,38.2294,38.2846,38.1576,38.0550,38.1208,38.1209,38.0610,38.0155
19,AFG,Afghanistan,AG.LND.AGRI.ZS,Agricultural land (% of land area),57.8017,57.8937,57.9704,58.0669,58.0700,58.1283,58.2295,58.2310,58.2555,58.2709,58.3169,58.3322,58.3353,58.3353,58.3353,58.3353,58.3383,58.3383,58.3368,58.3368,58.3429,58.3445,58.3445,58.3445,58.3445,58.3445,58.3307,58.3230,58.3230,58.3230,58.3077,58.3077,58.3291,58.5269,58.5085,58.4410,58.5070,58.6250,58.2310,58.0133,57.5932,57.5165,59.6400,58.3598,59.0513,59.2720,59.2751
20,ALB,Albania,AG.LND.AGRI.ZS,Agricultural land (% of land area),44.9635,44.9635,45,44.8905,45.1460,45.2555,45.4015,45.2555,45.0730,44.8905,43.7956,42.8467,41.8248,40.9489,39.4161,39.2336,40.4745,40.6569,40.7664,40.8029,40.7299,40.6569,40.5110,40.6204,40.5839,40.5474,40.5474,40.7664,40.5110,40.9124,41.1314,41.1314,41.0949,41.0949,41.1314,41.2774,41.4234,41.5693,41.7883,41.7518,41.5693,41.6058,40.9124,40.9489,39.3066,40.8759,40.8394
21,DZA,Algeria,AG.LND.AGRI.ZS,Agricultural land (% of land area),19.0915,18.8518,18.6880,18.5428,18.5440,18.5440,18.5793,18.5591,18.5591,18.5646,19.0756,19.0600,18.6015,18.6150,18.3702,18.4827,18.4034,18.4080,18.3983,18.4025,16.4464,16.4195,16.4930,16.6307,16.3960,16.2436,16.2818,16.2978,16.2738,16.2386,16.2159,16.3179,16.3166,16.6433,16.6471,16.6416,16.6643,16.7214,16.6815,16.8033,16.8402,16.7336,16.7549,17.2752,17.3029,17.2903,17.3201
22,ASM,American Samoa,AG.LND.AGRI.ZS,Agricultural land (% of land area),20,20,20,20,20,20,20,20,20,20,20,20,20,20,20,20,20,20,20,20,20,20,20,20,20,20,20,20,20,20,20,15,15,15,20,20,25,25,25,25,25,25,25,25,25,25,25
23,ADO,Andorra,AG.LND.AGRI.ZS,Agricultural land (% of land area),55.3192,55.3192,55.3192,55.3192,55.3192,55.3192,55.3192,55.3192,55.3192,55.3192,55.3192,55.3192,55.3192,55.3192,55.3192,55.3192,55.3192,55.3192,55.3192,55.3192,55.3192,55.3192,55.3192,55.3192,55.3192,55.3192,55.3192,55.3192,55.3192,55.3192,55.3192,55.3192,55.3192,55.3192,55.3192,55.3192,55.3192,55.3192,55.3192,55.3192,55.3192,55.3192,55.3192,55.3192,55.3192,55.3192,55.3192
24,AGO,Angola,AG.LND.AGRI.ZS,Agricultural land (% of land area),45.8571,45.8811,45.8972,45.9212,45.9373,45.9613,45.9854,46.0095,46.0416,46.0416,46.0416,46.0416,46.0416,46.0416,46.0416,46.0416,46.0416,46.0416,46.0416,46.0416,46.0416,46.0416,46.0416,46.0416,46.0416,46.0416,46.0416,46.0416,46.0416,46.0448,46.0817,46.1218,46.1218,46.1218,46.1218,46.1218,46.1218,46.1218,46.0416,45.9613,45.9613,46.0335,46.1940,46.1940,46.1940,46.1940,46.1940
25,ATG,Antigua and Barbuda,AG.LND.AGRI.ZS,Agricultural land (% of land area),22.7273,20.4546,22.7273,20.4546,25,25,22.7273,22.7273,25,25,27.2727,27.2727,27.2727,27.2727,27.2727,27.2727,27.2727,27.2727,27.2727,27.2727,27.2727,27.2727,27.2727,29.5455,29.5455,29.5455,29.5455,29.5455,29.5455,29.5455,29.5455,29.5455,29.5455,29.5455,29.5455,29.5455,29.5455,29.5455,29.5455,29.5455,29.5455,29.5455,29.5455,29.5455,29.5455,29.5455,29.5455
26,ARG,Argentina,AG.LND.AGRI.ZS,Agricultural land (% of land area),50.3634,49.8537,49.2840,48.7074,48.1531,47.8490,47.3941,47.2231,47.2476,47.2396,47.1935,47.1475,47.1014,47.0554,47.0093,46.9633,46.9173,46.8712,46.8252,46.7791,46.7331,47.0528,47.0068,46.9607,46.9147,46.8687,46.7495,46.5453,46.5526,46.5489,46.5453,46.7609,46.7572,46.7536,46.7499,46.9290,46.9235,46.9198,47.0203,47.0532,47.0861,47.1310,47.3382,47.9959,47.9959,48.3613,48.7268
27,ARM,Armenia,AG.LND.AGRI.ZS,Agricultural land (% of land area),,,,,,,,,,,,,,,,,,,,,,,,,,,,,,,,41.4894,41.8794,42.5532,44.2199,45.8511,47.0922,47.1631,47.1631,46.6312,46.6312,48.9362,48.9362,48.9362,52.4823,57.0213,57.2695
28,ABW,Aruba,AG.LND.AGRI.ZS,Agricultural land (% of land area),11.1111,11.1111,11.1111,11.1111,11.1111,11.1111,11.1111,11.1111,11.1111,11.1111,11.1111,11.1111,11.1111,11.1111,11.1111,11.1111,11.1111,11.1111,11.1111,11.1111,11.1111,11.1111,11.1111,11.1111,11.1111,11.1111,11.1111,11.1111,11.1111,11.1111,11.1111,11.1111,11.1111,11.1111,11.1111,11.1111,11.1111,11.1111,11.1111,11.1111,11.1111,11.1111,11.1111,11.1111,11.1111,11.1111,11.1111
29,AUS,Australia,AG.LND.AGRI.ZS,Agricultural land (% of land area),60.0842,60.3580,60.7202,61.0506,61.5670,61.7203,62.0554,61.8071,62.3437,62.7139,62.9047,63.0615,63.3947,63.4871,63.3713,63.4931,62.3005,62.0296,62.5434,62.8622,62.8381,62.2315,61.3260,61.5752,61.5649,61.2948,61.3124,61.4768,60.7991,60.4612,60.2650,60.6821,59.9151,61.0624,60.3137,60.5575,60.1643,60.3707,59.0616,59.2921,59.3182,58.1857,57.2094,57.2888,57.9448,56.6139,55.3804
30,AUT,Austria,AG.LND.AGRI.ZS,Agricultural land (% of land area),49.1207,49.0115,48.3930,48.3202,48.3202,47.7259,47.6289,47.5682,47.2650,47.2529,47.2286,47.2286,46.0036,46.0036,45.9673,44.7423,44.8514,45.0697,44.4148,44.5725,44.7423,44.5725,42.4742,42.5470,42.5834,42.4378,42.4378,42.8381,43.0321,42.4500,42.6804,42.3529,41.8678,41.8435,41.6252,41.5525,41.5161,41.4676,41.1158,41.1158,40.9460,40.9218,40.9460,39.5634,39.5755,39.3087,39.2965
31,AZE,Azerbaijan,AG.LND.AGRI.ZS,Agricultural land (% of land area),,,,,,,,,,,,,,,,,,,,,,,,,,,,,,,,53.4290,53.5540,53.9073,53.9445,54.3903,55.1414,56.3484,56.7366,57.3864,57.4500,57.4318,57.5255,57.5152,57.5684,57.5529,57.5645
32,BHS,Bahamas The,AG.LND.AGRI.ZS,Agricultural land (% of land area),0.999001,0.999001,0.999001,0.999001,0.999001,0.999001,0.999001,0.999001,0.999001,0.999001,0.999001,0.999001,0.999001,0.999001,0.999001,1.09890,1.09890,1.09890,1.09890,1.09890,1.09890,1.09890,1.09890,1.09890,1.19880,1.19880,1.19880,1.19880,1.19880,1.19880,1.19880,1.19880,1.19880,1.19880,1.19880,1.19880,1.19880,1.19880,1.19880,1.29870,1.39860,1.39860,1.39860,1.39860,1.39860,1.39860,1.39860
33,BHR,Bahrain,AG.LND.AGRI.ZS,Agricultural land (% of land area),10.1449,10.1449,10.1449,10.1449,10.1449,10.1449,10.1449,10.1449,10.1449,10.1449,10.1449,10.1449,10.1449,10.1449,11.5942,14.4928,14.4928,14.4928,14.4928,14.4928,13.0435,11.5942,11.5942,11.5942,11.5942,11.5942,11.5942,11.5942,11.5942,11.5942,11.5942,12.6761,12.6761,12.6761,12.6761,12.6761,12.6761,12.6761,14.0845,14.0845,14.0845,14.0845,14.0845,14.0845,14.0845,14.0845,14.0845
34,BGD,Bangladesh,AG.LND.AGRI.ZS,Agricultural land (% of land area),72.8278,72.8048,72.8278,73.1351,74.0340,74.1338,74.4795,74.2798,74.3259,74.4949,74.4795,74.6101,74.6409,74.7715,74.7407,74.7023,74.6562,74.8099,74.9635,74.9635,75.0403,74.7484,74.7561,74.7638,74.7868,75.0096,75.6549,77.3066,77.4526,77.1069,74.8022,68.5872,67.8651,67.0201,67.2044,67.5655,67.9189,68.6180,69.4477,69.7857,69.7934,69.3631,69.2863,69.3324,69.4707,69.5245,69.5245
35,BRB,Barbados,AG.LND.AGRI.ZS,Agricultural land (% of land area),44.1861,44.1861,44.1861,44.1861,44.1861,44.1861,44.1861,44.1861,44.1861,44.1861,44.1861,44.1861,44.1861,44.1861,44.1861,44.1861,44.1861,44.1861,44.1861,44.1861,44.1861,44.1861,44.1861,44.1861,44.1861,44.1861,44.1861,44.1861,44.1861,44.1861,44.1861,44.1861,44.1861,44.1861,44.1861,44.1861,44.1861,44.1861,44.1861,44.1861,44.1861,44.1861,44.1861,44.1861,44.1861,44.1861,44.1861
36,BLR,Belarus,AG.LND.AGRI.ZS,Agricultural land (% of land area),,,,,,,,,,,,,,,,,,,,,,,,,,,,,,,,46.2976,46.1152,46.0757,46.0412,46.0116,45.8785,45.8835,45.7553,45.6123,45.0010,44.4954,44.3031,44.1645,44.1207,44.1498,44.1104
37,BEL,Belgium,AG.LND.AGRI.ZS,Agricultural land (% of land area),,,,,,,,,,,,,,,,,,,,,,,,,,,,,,,,,,,,,,,,45.9049,45.8719,45.9379,46.0370,46.0040,45.7398,45.6407,45.2444
38,BLZ,Belize,AG.LND.AGRI.ZS,Agricultural land (% of land area),3.46339,3.46339,3.50723,3.50723,3.50723,3.55107,3.55107,3.55107,3.59491,3.59491,3.63876,3.63876,3.68260,3.68260,3.72644,3.72644,3.77028,4.07716,4.12100,4.20868,4.25252,4.25252,4.25252,4.25252,4.42788,4.51556,4.91013,5.04165,5.26085,5.52389,5.69926,5.96230,6.26918,6.26918,6.40070,6.44454,6.48838,6.48838,6.57606,6.53222,6.53222,6.66374,6.66374,6.66374,6.66374,6.66374,6.66374
39,BEN,Benin,AG.LND.AGRI.ZS,Agricultural land (% of land area),13.0356,13.2164,13.3972,13.5780,13.7588,14.0300,14.3916,14.6628,15.4312,15.6120,16.0640,16.3352,16.5160,16.7872,17.1488,17.4200,17.6912,17.8720,18.0528,18.3240,18.5952,18.8935,18.9839,19.0743,19.2551,19.7975,19.8879,19.9783,20.0687,20.5207,20.6111,20.7467,20.9727,21.6959,22.7807,24.4983,26.1255,27.5719,28.1143,28.8827,29.5155,30.4195,31.3415,32.2455,32.2455,31.7935,31.8207
40,BMU,Bermuda,AG.LND.AGRI.ZS,Agricultural land (% of land area),20,20,20,20,20,20,20,20,20,20,20,20,20,20,20,20,20,20,20,20,20,20,20,20,20,20,20,20,20,20,20,20,20,20,20,20,20,20,20,20,20,20,20,20,20,20,20
41,BTN,Bhutan,AG.LND.AGRI.ZS,Agricultural land (% of land area),7.68085,7.72340,7.72340,7.76596,7.78723,7.82979,7.82979,7.87234,7.87234,8.12766,8.12766,8.19149,8.19149,8.34043,8.34043,8.46809,8.51064,8.51064,8.61702,8.78723,8.78723,8.89362,9.14894,9.44681,9.44681,9.44681,9.89362,9.78723,9.61702,9.65958,10.7234,10.7234,10.7234,12.5758,13.9482,13.9482,13.9482,13.9482,13.9482,13.9482,13.9482,13.8234,13.8733,14.5856,14.6117,14.6117,14.6377
42,BOL,Bolivia,AG.LND.AGRI.ZS,Agricultural land (% of land area),27.7319,27.6396,27.5150,27.5805,27.6147,27.6479,27.6821,27.7153,27.9341,27.9673,28.3707,28.8655,28.9006,29.3944,29.8902,29.9234,30.4191,30.4523,30.9471,30.9813,31.4770,31.5111,31.5453,32.0475,32.0198,32.4961,32.5182,32.5395,32.7426,32.7287,33.0435,33.0758,33.4284,33.5558,33.6933,33.7709,34.0266,34.1254,34.1540,34.1540,34.1604,34.2574,33.8290,33.8014,34.1198,33.8761,33.9961
43,BIH,Bosnia and Herzegovina,AG.LND.AGRI.ZS,Agricultural land (% of land area),,,,,,,,,,,,,,,,,,,,,,,,,,,,,,,,42.9688,42.7734,42.5781,42.4805,42.3828,42.2852,42.1875,41.1133,41.6016,41.5234,41.4648,42.3633,42.3711,42.1289,42.1680,41.9727
44,BWA,Botswana,AG.LND.AGRI.ZS,Agricultural land (% of land area),45.8772,45.8772,45.8772,45.8772,45.8790,45.8790,45.8790,45.8790,45.8790,45.8790,45.8790,45.8808,45.8808,45.8808,45.8808,45.8808,45.8808,45.8808,45.8843,45.8843,45.8843,45.8878,45.8878,45.8878,45.8913,45.8913,45.8949,45.8949,45.9037,45.9143,45.7025,45.6143,45.7908,45.8702,45.7819,45.7819,45.7025,45.5790,45.5967,45.7908,45.5261,45.6055,45.5173,45.5720,45.5976,45.5984,45.6161
45,BRA,Brazil,AG.LND.AGRI.ZS,Agricultural land (% of land area),17.7945,18.4307,19.0924,19.6279,20.1426,20.6981,21.2295,21.8955,22.9068,23.0982,23.5988,23.9777,24.3351,24.8295,25.2282,25.5345,25.8351,26.0111,26.3036,26.5122,26.6950,26.9683,27.0493,27.1796,27.3117,27.6680,27.8732,28.0973,28.3036,28.5608,28.9548,29.1638,29.4894,29.7205,30.5543,30.6190,30.6837,30.7482,30.8247,30.9012,31.1446,31.1605,31.1605,31.1842,31.2078,31.2078,31.1487
46,BRN,Brunei Darussalam,AG.LND.AGRI.ZS,Agricultural land (% of land area),3.98482,3.98482,3.98482,4.55408,4.55408,4.36433,4.36433,4.55408,4.55408,4.55408,3.60531,3.41556,3.41556,3.41556,3.41556,3.22581,2.84630,2.84630,2.84630,2.65655,2.65655,2.46679,2.46679,2.27704,2.27704,2.27704,2.27704,2.27704,2.27704,2.08729,2.08729,2.08729,2.08729,2.08729,1.89753,1.89753,1.89753,1.89753,1.89753,1.89753,2.08729,2.08729,2.08729,2.08729,2.08729,1.95446,2.16319
47,BGR,Bulgaria,AG.LND.AGRI.ZS,Agricultural land (% of land area),51.2790,51.3875,51.4598,52.1739,52.3637,52.4451,52.9965,53.1592,54.4337,54.3252,54.3162,54.4337,54.0721,54.5783,53.8281,56.0246,56.0969,56.1421,56.0969,55.8709,55.8528,55.8800,55.8348,55.7896,55.7625,55.7353,55.7353,55.6992,55.7534,55.6721,55.6901,55.6269,55.3286,55.6721,55.7173,55.7173,56.0698,51.0259,51.3333,50.4565,49.6972,48.9430,48.9657,49.0070,48.4628,47.5007,47.1043
48,BFA,Burkina Faso,AG.LND.AGRI.ZS,Agricultural land (% of land area),29.7478,29.7844,29.8209,29.8575,29.8940,29.9342,29.9708,30.0073,30.0512,30.1023,30.0439,30.3436,30.6031,30.8955,31.1988,31.3779,31.5607,31.7434,31.9262,32.1089,32.2917,32.4744,32.6572,32.8399,33.0227,33.2054,33.4064,34.9561,35.0877,34.9964,34.9050,34.8136,34.7222,34.4700,34.5395,34.9050,35.8187,36.3670,36.5497,36.9152,38.7427,39.1082,39.8392,39.8392,39.8757,40.4240,41.1550
49,BDI,Burundi,AG.LND.AGRI.ZS,Agricultural land (% of land area),61.3318,61.9159,62.4611,62.5000,63.2399,63.1231,64.8754,65.2648,73.8707,73.2087,73.9486,74.2212,77.8816,79.0498,80.2181,81.5810,83.4502,83.5280,83.7227,83.7227,83.7227,83.7227,83.7227,83.7227,83.7227,84.1122,83.7227,83.5280,82.9439,82.7492,82.7492,83.1386,83.1386,83.1386,83.5280,83.7227,84.1122,87.8505,87.8894,88.3956,89.8365,91.1604,90.7321,89.7586,89.0187,89.1745,89.3692
50,KHM,Cambodia,AG.LND.AGRI.ZS,Agricultural land (% of land area),19.9298,20.0147,20.0657,20.3660,20.5473,20.5473,20.5586,20.2640,19.6975,19.3689,13.8795,13.8795,13.8795,14.1627,14.1627,14.4460,14.4460,14.7292,14.7292,15.0125,15.0125,15.1824,15.2391,15.2447,16.9386,18.6381,20.9608,23.5101,25.1246,25.2379,25.5495,25.5778,25.6685,25.8894,25.8894,25.9461,25.9461,26.2293,26.2860,27.0224,27.7022,28.3254,28.8919,29.6284,30.3422,30.9030,30.9030
51,CMR,Cameroon,AG.LND.AGRI.ZS,Agricultural land (% of land area),15.8871,16.0141,16.1198,16.2468,16.3737,16.5006,16.6487,16.7545,16.8602,16.8772,16.9829,17.1247,17.2622,17.5160,17.7593,18.0026,18.2861,18.3432,18.8530,18.8911,18.9545,19.0603,19.1661,19.2719,19.3776,19.5257,19.4834,19.4834,19.4411,19.3988,19.3565,19.3776,19.3776,19.3776,19.3776,19.3776,19.3776,19.3776,19.3776,19.3776,19.3776,19.3776,19.3776,19.3776,19.3776,19.3776,19.3776
52,CAN,Canada,AG.LND.AGRI.ZS,Agricultural land (% of land area),7.67855,7.69263,7.70671,7.72067,7.73486,7.74882,7.70923,7.66954,7.62984,7.59014,7.55055,7.54527,7.54010,7.53493,7.52977,7.52460,7.46884,7.41309,7.35723,7.30147,7.24572,7.28828,7.33094,7.37350,7.41617,7.45862,7.45719,7.45565,7.45389,7.45235,7.45070,7.45741,7.46401,7.47060,7.47720,7.48391,7.47170,7.45961,7.44740,7.43530,7.42310,7.42486,7.42673,7.42860,7.43046,7.43244,7.43387
53,CPV,Cape Verde,AG.LND.AGRI.ZS,Agricultural land (% of land area),16.1290,16.1290,16.1290,16.1290,16.1290,16.1290,16.1290,16.1290,16.1290,16.1290,16.1290,16.1290,16.1290,16.1290,16.1290,16.1290,16.1290,16.1290,16.1290,16.1290,16.1290,16.1290,16.1290,16.1290,16.1290,16.1290,16.1290,16.6253,16.6253,16.8735,16.8735,17.1216,17.1216,17.1216,17.3697,17.3697,17.8660,17.8660,17.6179,17.6179,19.1067,19.1067,19.1067,19.1067,19.1067,19.3548,19.3548
54,CYM,Cayman Islands,AG.LND.AGRI.ZS,Agricultural land (% of land area),11.5385,11.5385,11.5385,11.5385,11.5385,11.5385,11.5385,11.5385,11.5385,11.5385,11.5385,11.5385,11.5385,11.5385,11.5385,11.5385,11.5385,11.5385,11.5385,11.5385,11.5385,11.5385,11.5385,11.5385,11.5385,11.5385,11.5385,11.5385,11.5385,11.5385,11.5385,11.5385,11.5385,11.5385,11.5385,11.5385,11.5385,11.5385,11.5385,11.5385,11.5385,11.5385,11.5385,11.5385,11.5385,11.5385,11.5385
55,CAF,Central African Republic,AG.LND.AGRI.ZS,Agricultural land (% of land area),7.60514,7.62119,7.63403,7.65650,7.67255,7.68860,7.70466,7.72071,7.73676,7.75281,7.76886,7.78491,7.80096,7.81701,7.84912,7.86517,7.88122,7.89727,7.91332,7.93740,7.93740,7.96148,7.97753,7.99679,7.99840,8.03210,8.03371,8.03531,8.03531,8.03531,8.03852,8.05779,8.05779,8.05779,8.04173,8.06100,8.22311,8.26485,8.26485,8.26485,8.26485,8.26485,8.33868,8.37079,8.37079,8.33066,8.35474
56,TCD,Chad,AG.LND.AGRI.ZS,Agricultural land (% of land area),38.0159,38.0159,38.0159,38.0159,38.0159,38.0159,38.0159,38.0159,38.0159,38.0159,38.0159,38.0159,38.0238,38.0438,38.1194,38.1989,38.1989,38.2386,38.2386,38.2386,38.2386,38.2386,38.2386,38.2386,38.2425,38.2822,38.2822,38.3021,38.3180,38.3577,38.3974,38.4133,38.4371,38.4530,38.4768,38.5165,38.5403,38.5562,38.5562,38.5562,38.6198,38.6198,38.7786,38.7786,39.0963,39.1757,39.1757
57,CHI,Channel Islands,AG.LND.AGRI.ZS,Agricultural land (% of land area),47.3684,47.3684,47.3684,47.3684,47.3684,47.3684,47.3684,47.3684,46.8421,46.8421,46.8421,46.8421,46.3158,46.3158,46.3158,46.3158,46.3158,45.7895,45.7895,45.7895,45.7895,45.7895,45.2632,45.2632,45.2632,45.2632,45.2632,44.7368,44.7368,44.7368,44.7368,44.7368,44.2105,44.2105,44.2105,44.2105,42.1053,42.1053,41.5790,41.5790,39.4737,38.9474,38.9474,39.4737,40,38.9474,37.8947
58,CHL,Chile,AG.LND.AGRI.ZS,Agricultural land (% of land area),17.9968,18.2253,18.4539,18.6851,18.9150,19.1422,19.4380,19.7338,19.9624,20.3012,20.6373,20.9734,21.2934,21.8473,22.2506,23.1245,22.9901,22.8556,22.7212,22.6539,22.5195,22.3178,22.2506,22.1834,22.1457,22.0973,21.7303,21.7182,21.7384,21.3754,21.2275,20.9142,20.8080,20.7717,20.6104,20.4786,20.4652,20.4612,20.2474,20.3146,20.3684,20.9263,20.7381,21.4238,21.3566,21.2423,21.1912
59,CHN,China,AG.LND.AGRI.ZS,Agricultural land (% of land area),36.7998,37.0949,37.4008,37.7066,38.1143,38.5006,38.8868,39.2726,39.7674,40.2595,40.7577,41.2525,41.8537,42.5657,43.0597,43.6980,44.3350,44.9637,45.7171,46.5530,47.3774,48.1591,50.4859,51.3434,53.1655,54.1411,55.0844,56.0395,56.9293,56.9716,56.9710,57.0130,57.1201,57.1948,57.3253,57.3660,57.3973,57.6647,58.4147,58.3607,58.2532,58.0922,58.0919,58.2196,58.6803,59.0230,59.2691
60,COL,Colombia,AG.LND.AGRI.ZS,Agricultural land (% of land area),36.0252,36.9283,37.3979,37.8504,38.7634,38.7742,38.7769,38.7787,38.7832,38.7832,40.6075,40.6201,40.6345,40.6480,40.6625,40.6760,40.8427,40.7941,40.8085,40.8220,40.8364,40.8499,40.8644,40.8797,40.8968,40.9148,40.9202,40.8139,40.7238,40.6336,40.4543,40.5435,40.4714,40.4371,40.1199,40.4867,40.6327,41.0482,41.1609,40.4317,37.6251,37.5007,37.9009,38.1875,38.3569,38.0126,38.2479
61,COM,Comoros,AG.LND.AGRI.ZS,Agricultural land (% of land area),51.0478,51.0478,53.7346,53.7346,56.4213,56.4213,56.4213,56.4213,56.4213,56.4213,56.4213,56.4213,56.4213,56.4213,56.4213,56.4213,56.4213,59.1080,59.1080,59.1080,59.1080,59.1080,59.1080,64.4815,65.0188,68.2429,68.2429,68.2429,68.7802,68.7802,71.4670,71.4670,71.4670,71.4670,72.5416,73.6163,74.6910,75.7657,76.8404,77.9151,78.9898,78.9898,78.9898,79.5271,79.5699,80.6452,80.6452
62,ZAR,Congo Dem. Rep.,AG.LND.AGRI.ZS,Agricultural land (% of land area),9.68219,9.69101,9.70424,9.71747,9.72630,9.73512,9.74835,9.77041,9.79246,9.81452,9.83657,9.85863,9.88068,9.90274,9.90274,9.92479,9.93803,9.94685,9.94685,9.96890,9.99096,9.99978,10.0130,10.0351,10.0571,10.0792,10.0792,10.0792,10.0792,10.0836,10.0924,10.1012,10.1012,10.1012,10.1012,10.0968,10.0924,10.0924,10.0924,10.0571,10.0571,10.0571,10.0571,10.0571,10.0571,9.99096,9.99096
63,COG,Congo Rep.,AG.LND.AGRI.ZS,Agricultural land (% of land area),30.8638,30.8638,30.8697,30.8726,30.8726,30.8726,30.8726,30.8726,30.8756,30.8873,30.8873,30.8931,30.9048,30.9165,30.9283,30.9458,30.9370,30.8053,30.8111,30.8199,30.8287,30.9048,30.9165,30.9283,30.9458,30.9370,30.8638,30.8697,30.8756,30.8082,30.8141,30.8199,30.8346,30.7994,30.8053,30.8111,30.8521,30.8580,30.8756,30.8638,30.8638,30.8785,30.8785,30.8785,30.8785,30.8785,30.8785
64,CRI,Costa Rica,AG.LND.AGRI.ZS,Agricultural land (% of land area),27.3208,27.6146,27.8104,29.0834,30.4544,32.0212,32.0407,33.6075,35.0568,36.3494,36.9565,36.9565,40.1097,40.1097,41.5590,43.1845,44.7904,46.2201,47.8457,49.2754,50.9009,52.4677,52.5264,53.8190,54.3087,54.3674,54.3674,54.3087,54.0541,54.0541,54.1520,54.0541,53.8582,54.2499,54.0541,53.7603,53.6624,53.6624,53.8582,53.6624,53.6624,53.6624,53.8582,53.8582,53.4665,53.7603,53.8582
65,CIV,Cote d'Ivoire,AG.LND.AGRI.ZS,Agricultural land (% of land area),49.3082,49.9371,49.9371,50.2516,50.5660,50.5660,50.7862,50.7862,50.9434,50.9434,51.2579,51.2893,51.6981,52.2799,52.5629,52.9560,53.7107,54.1195,54.1667,54.2610,54.6226,55,55.2956,56.2925,57.1698,57.4843,57.8616,58.8679,59.1824,59.5283,59.5912,60.3774,61.3271,61.9497,62.2642,62.2642,61.9497,61.9497,61.6352,61.6352,61.6352,61.6352,61.3208,62.5786,62.8931,63.5220,63.5220
66,HRV,Croatia,AG.LND.AGRI.ZS,Agricultural land (% of land area),,,,,,,,,,,,,,,,,,,,,,,,,,,,,,,,42.9900,40.6295,41.3448,41.7024,34.6030,34.7103,36.6238,36.3376,36.9099,37.2675,37.2139,32.7350,31.5936,22.1273,22.6837,22.2779
67,CUB,Cuba,AG.LND.AGRI.ZS,Agricultural land (% of land area),32.3256,34.6476,36.7693,43.2981,41.4132,41.0672,42.0780,43.0432,43.2071,45.7294,46.1938,50.8195,53.2781,51.2748,52.9048,54.6075,54.9809,54.1614,53.3783,54.0612,54.0703,55.3906,56.2648,55.9279,56.6564,58.7416,61.2457,61.8102,61.6645,61.3823,61.5097,61.6919,61.2821,60.8814,60.8632,60.2349,60.8906,60.7722,60.6447,59.6795,60.6083,60.5901,60.4444,59.4427,60.4353,60.3715,60.2805
68,CYP,Cyprus,AG.LND.AGRI.ZS,Agricultural land (% of land area),22.1862,22.1862,22.1862,22.1862,22.5108,22.7273,22.9437,24.1342,24.3507,25.1082,25.4329,24.8918,24.5671,22.5108,21.6450,21.6450,21.7533,19.2641,19.2641,18.7229,18.7229,18.7229,18.7229,18.7229,17.6407,17.6407,17.5325,17.5325,17.4242,17.5325,17.4242,17.3160,17.2078,16.0173,15.6926,15.9091,15.5844,15.9091,15.8009,15.3680,15.1515,15.1515,16.9913,16.8831,18.0736,16.9913,16.9913
69,CZE,Czech Republic,AG.LND.AGRI.ZS,Agricultural land (% of land area),,,,,,,,,,,,,,,,,,,,,,,,,,,,,,,,,55.4161,55.3384,55.4031,55.3902,55.3902,55.4420,55.4161,55.3773,55.3643,55.2996,55.2608,55.2032,55.1256,55.0809,55.0032
70,DNK,Denmark,AG.LND.AGRI.ZS,Agricultural land (% of land area),74.5811,74.1326,72.8818,72.4097,71.5837,71.4421,71.3477,71.2060,70.5924,70.2148,69.6483,69.7663,70.4744,69.1999,69.3179,69.2235,69.0819,68.9403,68.9004,68.5465,68.3577,68.1218,67.1543,67.3667,66.8712,66.5172,66.0061,65.7466,65.4400,65.7702,65.3456,64.9540,64.5534,63.4221,64.2470,64.0113,63.3514,62.9743,62.3144,62.3851,63.0686,62.8093,62.6444,62.3615,63.7992,63.8699,62.7622
71,DJI,Djibouti,AG.LND.AGRI.ZS,Agricultural land (% of land area),56.1260,56.1260,56.1260,56.1260,56.1260,56.1260,56.1260,56.1260,56.1260,56.1260,56.1260,56.1260,56.1260,56.1260,56.1260,56.1260,56.1260,56.1260,56.1260,56.1260,56.1260,56.1260,56.1260,56.1260,56.1260,56.1260,56.1260,56.1260,56.1260,56.0397,57.6359,59.1458,60.4400,60.4400,62.5971,63.8913,64.7541,64.7541,66.9111,69.0682,72.5194,73.3822,73.3822,73.3822,73.3822,73.3952,73.3952
72,DMA,Dominica,AG.LND.AGRI.ZS,Agricultural land (% of land area),22.6667,24,22.6667,22.6667,24,25.3333,25.3333,25.3333,25.3333,25.3333,25.3333,25.3333,25.3333,25.3333,25.3333,25.3333,25.3333,25.3333,25.3333,25.3333,25.3333,25.3333,25.3333,25.3333,25.3333,25.3333,25.3333,24,24,24,24,24,24,24,22.6667,22.6667,22.6667,22.6667,25.3333,28,29.3333,29.3333,30.6667,30.6667,30.6667,30.6667,30.6667
73,DOM,Dominican Republic,AG.LND.AGRI.ZS,Agricultural land (% of land area),45.3229,45.6333,45.9437,46.2541,46.5646,46.8750,47.1854,47.3924,48.2202,48.3237,48.5099,49.0480,49.7724,50.1863,50.8071,51.9454,52.5662,53.0836,53.6010,54.2219,54.3253,54.4288,54.4288,54.4288,54.4288,54.5737,54.5737,54.5737,54.6565,52.7732,53.1871,53.8080,53.8080,53.8080,53.8080,53.3940,52.5662,52.5662,52.1937,52.0488,52.0488,52.0488,52.0902,52.0902,52.0902,52.0902,52.0902
74,ECU,Ecuador,AG.LND.AGRI.ZS,Agricultural land (% of land area),17.0134,17.0134,17.0496,17.0496,17.0857,17.0857,17.1218,17.1037,17.3205,17.5372,17.7539,17.9707,18.1874,18.6678,19.4517,20.0657,21.0772,21.6912,22.3595,23.3998,24.4148,25.1409,25.6285,26.2065,26.8025,27.3804,27.8898,27.9078,28.0054,28.3413,28.5869,28.7278,28.8073,29.3635,29.2877,28.8506,28.9409,28.9951,29.1685,29.1360,28.1209,27.0553,26.1884,27.1890,27.0915,26.8892,26.7736
75,EGY,Egypt Arab Rep.,AG.LND.AGRI.ZS,Agricultural land (% of land area),2.57974,2.51645,2.50138,2.51745,2.68421,2.79271,2.81380,2.81380,2.84796,2.85600,2.86504,2.86805,2.86805,2.85600,2.83791,2.74248,2.64704,2.55161,2.45819,2.45618,2.47928,2.48029,2.48933,2.50440,2.50841,2.57873,2.55864,2.59280,2.58275,2.66010,2.65508,2.91326,3.26084,3.26084,3.29801,3.30102,3.31508,3.31508,3.49892,3.30604,3.35326,3.43965,3.42458,3.49390,3.53910,3.54915,3.55417
76,SLV,El Salvador,AG.LND.AGRI.ZS,Agricultural land (% of land area),60.0480,60.0480,60.3357,60.3357,60.4317,59.9520,59.5204,59.4245,59.3285,59.2326,61.2950,61.4389,61.7746,62.2542,62.7338,62.7413,63.1757,65.1544,67.5676,68.0502,66.1197,64.7201,64.5270,65.0097,65.9749,66.9402,66.9402,67.9054,67.9054,68.0502,68.9189,70.0290,70.0290,70.1737,70.2220,66.9884,67.8571,69.9807,71.4768,72.3938,74.8070,73.6004,77.9923,80.8398,78.7645,74.4691,75.0965
77,GNQ,Equatorial Guinea,AG.LND.AGRI.ZS,Agricultural land (% of land area),11.1943,11.3726,11.5508,11.5865,11.5865,11.7291,11.7291,11.7291,11.7291,11.7291,11.9073,11.9073,11.9073,11.9073,11.9073,11.9073,11.9073,11.9073,11.9073,11.9073,11.9073,11.9073,11.9073,11.9073,11.9073,11.9073,11.9073,11.9073,11.9073,11.9073,11.9073,11.9073,11.9073,11.9073,11.9073,11.9073,11.9073,11.9073,11.9073,11.9073,11.9073,11.5508,11.5508,11.5508,11.5508,11.5508,11.5508
78,ERI,Eritrea,AG.LND.AGRI.ZS,Agricultural land (% of land area),,,,,,,,,,,,,,,,,,,,,,,,,,,,,,,,,73.2673,73.3267,73.3366,72.6535,72.8713,73.9307,73.9307,74.5545,74.5743,74.5743,74.9208,74.2574,74.4753,74.7723,74.6733
79,EST,Estonia,AG.LND.AGRI.ZS,Agricultural land (% of land area),,,,,,,,,,,,,,,,,,,,,,,,,,,,,,,,32.4133,31.1394,25.9731,23.3782,23.7084,24.1331,24.6049,23.6141,23.2602,20.9955,16.4662,19.5565,18.1647,19.6745,17.9759,19.4150
80,ETH,Ethiopia,AG.LND.AGRI.ZS,Agricultural land (% of land area),,,,,,,,,,,,,,,,,,,,,,,,,,,,,,,,,30.5400,30.4720,30.5000,30.5000,30.4920,30.5080,30.6760,30.6620,31.4090,30.6040,31.6070,33.1010,33.6910,34.2190,35.0770
81,FRO,Faeroe Islands,AG.LND.AGRI.ZS,Agricultural land (% of land area),2.14286,2.14286,2.14286,2.14286,2.14286,2.14286,2.14286,2.14286,2.14286,2.14286,2.14286,2.14286,2.14286,2.14286,2.14286,2.14286,2.14286,2.14286,2.14286,2.14286,2.14286,2.14286,2.14286,2.14286,2.14286,2.14286,2.14286,2.14286,2.14286,2.14286,2.14286,2.14286,2.14286,2.14286,2.14286,2.14286,2.14286,2.14286,2.14286,2.14286,2.14286,2.14286,2.14286,2.14286,2.14286,2.14286,2.14286
82,FJI,Fiji,AG.LND.AGRI.ZS,Agricultural land (% of land area),12.4247,12.4247,12.4795,12.4795,12.2058,12.2058,12.0963,11.9869,12.0963,12.0963,12.0963,12.5889,12.8626,13.1363,13.4100,14.2310,14.7783,15.3257,15.5993,15.8730,16.4204,16.9677,17.5151,18.0624,18.8834,19.1571,19.9781,20.7991,21.6201,22.4412,23.2074,23.8095,23.8095,23.7001,24.0832,24.0832,24.0832,23.5359,23.4264,23.4264,23.4264,23.4264,23.4264,23.4264,23.4264,23.4264,23.4264
83,FIN,Finland,AG.LND.AGRI.ZS,Agricultural land (% of land area),9.11061,9.12702,9.14344,9.15985,9.17627,9.19269,9.20910,9.15985,9.03838,8.94317,8.86438,8.79871,8.69037,8.66082,8.57875,8.52950,8.55905,8.44742,8.35878,8.32595,8.26357,8.16836,8.04688,7.96809,7.90571,7.85646,7.94182,7.79737,7.83348,7.86960,7.96152,7.89914,7.82692,7.91884,7.41653,7.34430,7.46577,7.60366,7.53144,7.28192,7.29505,7.34102,7.37385,7.39683,7.46577,7.56634,7.54711
84,FRA,France,AG.LND.AGRI.ZS,Agricultural land (% of land area),63.0654,62.8846,62.7276,62.2802,62.0830,61.8000,61.4038,60.5803,60.5712,59.3332,59.5669,59.3697,59.2693,59.2364,59.0812,58.4677,58.2650,58.3581,58.1262,57.9217,57.8578,57.7830,57.6351,57.5310,57.4105,57.3247,57.2480,56.2930,56.0009,55.8183,55.5554,55.3819,55.1482,54.9948,54.8852,54.7739,54.7045,54.6442,54.5949,54.2407,54.1038,53.9650,54.2078,54.0672,53.9568,53.8710,53.7158
85,PYF,French Polynesia,AG.LND.AGRI.ZS,Agricultural land (% of land area),12.0219,12.0219,12.0219,12.0219,12.0219,12.0219,12.0219,12.0219,12.0219,12.0219,12.0219,12.0219,12.0219,12.0219,12.0219,12.0219,12.0219,12.0219,12.0219,12.0219,12.0219,12.0219,12.0219,12.0219,12.0219,12.0219,11.7486,11.7486,11.7486,11.7486,11.7486,11.7486,11.7486,11.7486,11.7486,11.7486,11.7486,11.7486,11.7486,11.7486,11.7486,12.2951,12.2951,12.2951,12.2951,12.2951,12.2951
86,GAB,Gabon,AG.LND.AGRI.ZS,Agricultural land (% of land area),20.1615,20.2197,20.2779,20.3361,20.3943,20.4525,20.3167,20.3749,20.2391,20.1032,20.1809,20.0450,19.9286,19.9868,20.0605,20.0023,20.0916,20.1770,19.9868,19.9946,19.9946,19.9946,19.9946,19.9946,19.9946,19.9946,19.9946,19.9946,19.9946,20.0140,20.0140,20.0256,20.0256,20.0256,20.0256,20.0256,20.0256,20.0256,20.0256,20.0256,20.0256,20.0256,20.0256,20.0256,20.0256,20.0256,20.0256
87,GMB,Gambia The,AG.LND.AGRI.ZS,Agricultural land (% of land area),52.1000,52.2000,52.3000,52.4000,52.5000,52.6000,52.8000,52.8000,53,53,53.3000,53.8000,54.3000,57,56.4000,56.3000,57,57.7000,56.6000,55.9000,58.1000,60.2000,58.3000,56.9000,61.9000,62.7000,63.4000,64.9000,63.1000,63.7000,64.6000,61.2000,61.1000,63,63.5000,64,66.9000,68.4000,70.9000,74.9000,78.4000,76.4000,77.4000,79.9000,79.4000,81,81.3000
88,GEO,Georgia,AG.LND.AGRI.ZS,Agricultural land (% of land area),,,,,,,,,,,,,,,,,,,,,,,,,,,,,,,,46.4671,45.0137,44.5676,43.8624,43.6754,43.7041,43.8193,43.1573,43.1717,43.2149,43.2292,43.2580,36.1491,36.1923,36.2354,36.2210
89,DEU,Germany,AG.LND.AGRI.ZS,Agricultural land (% of land area),55.5524,55.6040,55.6298,55.7904,56.0083,55.9997,55.6585,55.2943,55.2054,54.5431,54.3395,54.3309,54.1818,53.9639,53.8808,53.7833,53.6428,53.4994,53.3131,53.0980,52.9317,52.7454,52.5561,52.4242,52.3095,52.2063,51.9684,51.8881,51.7705,51.7017,49.1327,48.6022,49.2072,49.6258,49.7262,49.7090,49.6803,49.8122,49.1785,48.9377,48.8402,48.6481,48.7456,48.7800,48.8316,48.5879,48.5994
90,GHA,Ghana,AG.LND.AGRI.ZS,Agricultural land (% of land area),51.4195,51.4195,51.4195,51.4195,51.4195,51.4195,51.4195,51.4195,51.4195,51.4195,51.4195,51.4195,51.4195,51.4195,51.8590,51.8590,52.2985,52.7380,52.7380,52.7380,52.7380,53.6170,53.6170,54.0564,54.4959,54.4959,54.4959,54.9354,54.9354,55.3969,55.9023,55.9023,56.2539,56.6933,57.5723,58.4513,59.8928,61.6595,62.4066,63.5053,63.9888,64.5205,64.7578,65.2633,65.2633,65.7027,65.2633
91,GRC,Greece,AG.LND.AGRI.ZS,Agricultural land (% of land area),69.1234,69.0613,69.9845,69.7518,67.3235,70.5198,70.6982,70.9310,70.9387,71.0241,71.0241,71.0628,70.9310,70.9154,70.7370,70.7137,70.6905,71.1792,71.2258,71.2180,71.4197,71.4197,71.2335,71.4430,71.2490,71.2180,71.1947,71.2102,71.4895,71.5438,71.0939,71.1171,71.0628,71.1404,71.0939,71.1559,69.7052,68.1303,67.2614,66.1676,65.9581,65.5237,65.1668,64.8642,64.6548,64.4453,64.2358
92,GRL,Greenland,AG.LND.AGRI.ZS,Agricultural land (% of land area),0.687738,0.687738,0.687738,0.687738,0.687738,0.687738,0.687738,0.687738,0.687738,0.687738,0.687738,0.687738,0.687738,0.687738,0.687738,0.687738,0.687738,0.687738,0.687738,0.687738,0.687738,0.687738,0.687738,0.687738,0.687738,0.687738,0.687738,0.687738,0.687738,0.687738,0.687738,0.687738,0.687738,0.687738,0.687738,0.687738,0.572542,0.572542,0.572542,0.572542,0.572542,0.572542,0.572542,0.572542,0.572542,0.572542,0.572542
93,GRD,Grenada,AG.LND.AGRI.ZS,Agricultural land (% of land area),64.7059,64.7059,64.7059,64.7059,64.7059,64.7059,64.7059,64.7059,64.7059,64.7059,64.7059,58.8235,58.8235,58.8235,58.8235,58.8235,58.8235,55.8824,55.8824,47.0588,47.0588,47.0588,47.0588,47.0588,41.1765,41.1765,38.2353,38.2353,38.2353,38.2353,35.2941,35.2941,35.2941,35.2941,35.2941,35.2941,35.2941,35.2941,35.2941,35.2941,38.2353,38.2353,38.2353,38.2353,38.2353,38.2353,38.2353
94,GUM,Guam,AG.LND.AGRI.ZS,Agricultural land (% of land area),29.6296,29.6296,31.4815,31.4815,31.4815,31.4815,31.4815,31.4815,31.4815,31.4815,31.4815,31.4815,31.4815,31.4815,31.4815,31.4815,31.4815,31.4815,33.3333,33.3333,37.0370,37.0370,37.0370,37.0370,37.0370,37.0370,37.0370,37.0370,37.0370,37.0370,37.0370,37.0370,37.0370,37.0370,37.0370,37.0370,37.0370,37.0370,37.0370,37.0370,37.0370,37.0370,37.0370,37.0370,37.0370,37.0370,35.1852
95,GTM,Guatemala,AG.LND.AGRI.ZS,Agricultural land (% of land area),24.6921,24.8040,24.9160,25.0280,25.1400,25.2520,25.4573,25.5692,25.5879,25.7092,25.8212,26.1292,26.5304,26.8290,26.9504,27.3423,27.9302,28.0422,28.1448,28.4621,28.6208,28.9660,29.1060,35.3210,35.3210,35.3210,35.3210,39.9869,39.9869,39.9869,39.9869,39.9869,41.8253,42.1053,42.1053,42.1053,42.1986,41.3401,41.4334,41.6667,41.9466,42.2266,47.2564,44.7928,42.5719,40.1269,41.6573
96,GIN,Guinea,AG.LND.AGRI.ZS,Agricultural land (% of land area),47.8594,47.9001,47.9001,47.9204,47.9326,47.9408,48.0018,48.0221,48.0221,48.0221,48.0221,48.0628,48.0832,48.0832,48.0832,48.1035,48.1442,48.1646,48.1849,48.1931,48.2541,48.2785,48.3030,48.3884,48.5919,48.5919,48.5919,48.6041,48.7571,49.2272,49.1442,49.4193,49.4909,49.6028,49.6744,50.0806,50.4664,50.8929,51.2787,51.6645,52.0226,52.2953,52.7430,53.1703,54.0046,54.8185,55.2255
97,GNB,Guinea-Bissau,AG.LND.AGRI.ZS,Agricultural land (% of land area),48.2930,48.2930,48.2930,48.2930,48.2930,48.2930,48.6487,48.6487,48.6487,48.6487,48.6487,48.6487,48.8265,49.0043,49.0043,49.0043,49.0398,49.0398,49.0754,49.1821,49.4310,49.8933,50.2489,51.2091,51.4936,52.0982,52.2760,52.2760,53.2361,53.2361,53.2361,53.2361,53.2361,53.2361,53.5562,54.1252,55.7255,56.0811,57.1835,57.8947,57.8947,57.8947,57.9659,57.9659,57.9659,57.9659,57.9659
98,GUY,Guyana,AG.LND.AGRI.ZS,Agricultural land (% of land area),6.90865,6.90865,6.90865,6.90865,6.90865,6.93407,6.93407,6.94423,6.94423,6.96965,6.96965,6.98490,6.99507,6.99507,7.00025,7.40666,7.83338,8.26010,8.71222,8.71222,8.71222,8.71222,8.76302,8.77826,8.77826,8.78842,8.78842,8.78842,8.79858,8.79858,8.80874,8.80874,8.80874,8.80874,8.80874,8.80874,8.80874,8.80874,8.81382,8.67666,8.67666,8.67666,8.68682,8.68682,8.53442,8.53442,8.53442
99,HTI,Haiti,AG.LND.AGRI.ZS,Agricultural land (% of land area),60.2322,60.4136,60.5951,60.7765,60.9579,61.1393,61.3208,61.5022,61.6836,61.8650,62.0464,57.4746,57.4383,57.4383,57.4383,57.5109,57.5109,57.8737,57.8737,58.0552,58.0552,58.0552,58.0552,58.0552,58.0552,58.0552,58.0552,58.0189,57.9826,57.9463,57.9100,57.8737,57.8737,58.5994,58.4180,58.4180,62.0464,62.0464,62.0464,62.0464,61.3208,61.3208,61.3208,61.3208,61.3208,61.3208,61.3208
100,HND,Honduras,AG.LND.AGRI.ZS,Agricultural land (% of land area),26.6333,26.7227,26.7674,26.8121,26.8567,26.9461,27.0355,27.0802,27.0802,27.1695,27.2142,27.5270,27.6164,27.6700,28.0186,28.3314,29.0017,29.1090,29.1090,29.1090,29.1715,29.2162,29.2251,29.2877,29.2966,29.3592,29.3592,29.3592,30.1278,29.6720,29.8686,29.9848,31.7097,31.4595,31.1020,31.1020,30.3423,30.3423,29.8239,26.2311,26.2401,27.0623,28.0901,27.9560,27.9560,27.9560,27.9560
101,HKG,Hong Kong SAR China,AG.LND.AGRI.ZS,Agricultural land (% of land area),,,,,,,,,,,,,,,,,,,,,,,,,,,,,,,,,,,,,,,,,,,,,,,
102,HUN,Hungary,AG.LND.AGRI.ZS,Agricultural land (% of land area),78.6650,77.8938,77.5741,77.5186,77.2384,76.9581,76.8222,76.7085,76.5418,76.4059,76.1921,76.0920,75.9698,75.3807,75.2473,75.1195,74.7999,74.4470,73.9657,73.7070,73.4260,73.2228,73.1086,72.9195,72.7526,72.5746,72.4410,72.2933,72.1487,72.0374,71.8816,68.2764,68.2172,68.1282,68.7625,68.8182,68.9866,68.9644,68.8864,65.3202,65.4430,65.2645,65.4430,65.4318,65.4280,64.8254,64.8030
103,ISL,Iceland,AG.LND.AGRI.ZS,Agricultural land (% of land area),22.8030,22.7930,22.7930,22.7930,22.7930,22.7930,22.7930,22.7930,22.8030,22.8030,22.8030,22.8030,22.8130,22.8130,22.8130,22.8130,22.7731,22.7631,22.7631,22.7631,22.7631,22.7631,22.7631,22.7531,22.7531,22.7531,22.7531,22.7531,22.7531,22.7531,22.7531,22.7431,22.7431,22.7431,22.7431,22.7431,22.7431,22.7531,22.7531,22.7531,22.7531,22.7531,22.7531,22.7531,22.7531,22.7531,22.7531
104,IND,India,AG.LND.AGRI.ZS,Agricultural land (% of land area),58.8281,59.3309,59.2562,59.4375,59.6138,59.7439,59.8078,59.9928,59.8314,59.8852,59.7675,59.9424,60.2854,60.5444,60.8296,60.8135,60.8064,60.8767,60.7284,60.6604,60.6954,60.7849,60.7021,60.9043,60.8602,60.9537,61.0960,60.9312,60.9729,60.8908,60.9245,60.8572,60.8902,60.8875,60.8034,60.8374,60.8289,60.8935,60.8606,61.4064,60.6655,60.5535,60.6450,60.5690,60.4933,60.5074,60.5074
105,IDN,Indonesia,AG.LND.AGRI.ZS,Agricultural land (% of land area),21.3075,21.3075,21.2799,21.2799,21.2523,21.2247,21.2247,21.2247,21.1971,21.1971,21.1695,21.1695,21.1419,21.1419,21.1176,21.0017,21.0017,21.0017,20.9763,20.9763,20.9487,20.9487,20.9211,20.4530,21.9031,22.7935,24.0040,24.3640,24.5285,24.8862,22.9216,22.8261,23.1931,23.1683,23.2875,23.2743,23.4173,23.6933,24.2458,24.7172,24.5091,24.4986,26.0029,27.5264,26.7426,26.7724,26.7724
106,IRN,Iran Islamic Rep.,AG.LND.AGRI.ZS,Agricultural land (% of land area),36.3950,36.4066,36.4435,36.4803,36.5172,36.5233,36.5663,36.5970,36.6400,36.6584,36.9372,37.3338,37.7520,37.4321,37.1128,36.8119,36.6541,36.1469,36.7861,35.4383,35.7864,36.1469,36.3575,36.5601,37.0698,37.2724,37.4751,37.9915,37.8865,37.7637,38.6829,39.1680,39.3921,39.3952,39.4265,39.5610,39.1956,39.7820,39.1066,38.6135,39.1901,39.3258,39.4615,39.5972,29.2475,29.3832,29.5189
107,IRQ,Iraq,AG.LND.AGRI.ZS,Agricultural land (% of land area),20.1203,20.2460,20.3718,20.2689,20.3946,20.4061,20.5318,20.5433,20.5547,20.5615,20.5753,20.9434,20.9662,21.2177,21.2292,21.2292,21.2292,21.4670,21.5813,21.5813,21.5813,21.6064,21.6750,21.7207,21.7436,21.7665,21.7665,21.9265,22.3838,23.0697,23.4927,23.0240,22.4410,21.7893,22.1552,21.8236,22.1552,22.7268,22.4981,21.2635,21.4212,22.5644,22.3358,22.1071,22.2923,21.1491,21.6064
108,IRL,Ireland,AG.LND.AGRI.ZS,Agricultural land (% of land area),81.8696,81.9713,82.3196,82.2471,82.1890,81.7971,82.0729,82.3632,82.6100,82.2616,82.3342,82.4793,82.4793,82.6245,82.9583,82.9874,83.0600,83.1325,83.0600,83.1325,83.2051,83.1325,82.7987,82.6825,82.8132,82.6535,82.2906,82.2035,82.0874,82.0003,64.4796,64.0587,63.9280,63.7248,63.7103,63.0135,64.3199,64.1022,64.1312,64.0441,64.0151,63.4780,63.4345,62.4909,62.4474,61.8377,62.0700
109,IMY,Isle of Man,AG.LND.AGRI.ZS,Agricultural land (% of land area),57.0175,57.0175,56.4912,55.7895,56.1404,54.3860,54.5614,54.7368,55.4386,55.4386,55.4386,55.6140,55.9649,55.4386,55.7895,55.4386,55.0877,54.7368,54.2105,53.8597,53.6842,53.3333,52.8070,52.4561,52.1053,51.7544,51.4035,50.8772,50.7018,50,49.2982,48.5965,49.6491,48.9474,48.2456,49.2982,48.5965,47.8947,47.1930,48.2456,47.5439,46.8421,46.1404,47.1930,46.4912,45.6140,45.6140
110,ISR,Israel,AG.LND.AGRI.ZS,Agricultural land (% of land area),23.6137,23.3364,24.1220,24.2606,23.7523,24.2606,24.2606,24.0758,24.1682,24.2606,24.3531,24.3531,24.8152,25.1848,24.9538,24.4917,24.5379,24.6303,24.6303,24.6303,24.8614,24.9538,25.5545,26.0629,26.5712,26.7560,26.6636,26.6174,26.5712,26.7560,26.7098,26.6636,26.6636,26.7560,26.4787,26.0629,26.0166,25.9704,25.8318,26.1553,25.9242,26.0166,25.5083,23.4519,23.3734,23.0961,23.1516
111,ITA,Italy,AG.LND.AGRI.ZS,Agricultural land (% of land area),70.3240,70.2186,69.7358,69.5726,69.4978,69.3788,69.2904,69.2088,68.7736,68.6138,60.0082,59.5288,59.4404,59.5084,59.5594,59.6002,59.5050,59.8042,59.8688,59.7124,59.6750,59.6240,58.6855,58.6311,58.1245,57.9443,57.8423,57.2541,57.2915,57.2575,54.5850,54.3266,54.0954,53.3882,52.1336,52.1880,52.1744,52.6470,53.7180,53.1672,52.7082,51.9296,50.6800,50.5984,50.0986,48.2865,47.2156
112,JAM,Jamaica,AG.LND.AGRI.ZS,Agricultural land (% of land area),49.2151,49.3998,49.3998,49.2151,46.8144,47.7378,47.7378,47.7378,47.7378,46.8144,46.8144,46.8144,46.8144,46.8144,46.8144,46.8144,46.8144,46.8144,45.8910,45.8910,45.8910,44.9677,44.0443,44.0443,44.0443,44.0443,44.0443,44.0443,44.0443,43.9520,43.9520,43.9520,46.4451,47.3684,47.3684,47.3684,47.3684,47.3684,47.3684,47.3684,47.3684,47.3684,47.3684,47.3684,47.3684,47.3684,47.3684
113,JPN,Japan,AG.LND.AGRI.ZS,Agricultural land (% of land area),19.3892,19.4164,19.1437,19.1710,19.1001,18.8056,18.6474,18.5356,18.1402,18.2602,17.8375,17.6869,17.5859,17.4986,17.1160,17.0150,16.9623,16.9050,16.8504,16.5466,16.4902,16.4555,16.4145,16.4409,16.1245,16.0625,16.0176,15.9545,15.7131,15.6144,15.5074,15.4004,15.2880,15.1755,14.9287,14.8121,14.6886,14.5679,14.4609,14.4252,13.1495,13.0672,12.9931,12.9328,12.8724,12.8148,12.7572
114,JOR,Jordan,AG.LND.AGRI.ZS,Agricultural land (% of land area),12.2847,12.3073,12.3187,12.3640,12.3753,12.3980,12.4320,12.4547,12.4660,12.5113,12.5227,12.5680,12.5793,12.6247,12.6360,12.6587,12.6700,12.7153,12.7493,12.7720,12.6655,12.7391,12.8967,11.9005,12.6677,12.7584,13.1006,13.2026,13.0304,11.7883,11.4506,12.7006,12.3527,12.1487,12.6247,11.9107,12.0240,12.0807,12.0920,12.1147,11.5821,11.6161,11.3894,11.7520,11.4801,11.5367,10.9282
115,KAZ,Kazakhstan,AG.LND.AGRI.ZS,Agricultural land (% of land area),,,,,,,,,,,,,,,,,,,,,,,,,,,,,,,,82.0325,82.1376,82.1021,79.3466,78.3294,77.6531,76.8159,75.9096,76.5896,76.8111,77.0075,76.9656,76.9893,76.9893,77.0078,77.0078
116,KEN,Kenya,AG.LND.AGRI.ZS,Agricultural land (% of land area),44.2773,44.2861,44.2949,44.3037,44.3125,44.3213,44.3300,44.3388,44.3476,44.3564,44.3652,44.3740,44.3828,44.3915,44.9310,44.9415,44.9450,44.9450,44.9450,44.9450,44.9450,44.9450,44.9450,44.8132,46.3050,46.3383,46.4473,46.8461,47.5331,47.0359,47.2239,47.5665,47.1589,47.8476,47.8230,46.4754,46.7266,46.4877,47.2221,46.8619,47.1571,47.1202,47.2186,47.4259,47.4435,47.5349,47.4400
117,KIR,Kiribati,AG.LND.AGRI.ZS,Agricultural land (% of land area),48.1482,48.1482,53.0864,53.0864,53.0864,53.0864,46.9136,46.9136,46.9136,46.9136,46.9136,46.9136,46.9136,46.9136,46.9136,46.9136,46.9136,46.9136,46.9136,46.9136,46.9136,46.9136,46.9136,48.1482,48.1482,48.1482,48.1482,48.1482,48.1482,48.1482,48.1482,48.1482,45.6790,45.6790,45.6790,45.6790,45.6790,45.6790,45.6790,45.6790,45.6790,45.6790,45.6790,45.6790,45.6790,45.6790,45.6790
118,PRK,Korea Dem. Rep.,AG.LND.AGRI.ZS,Agricultural land (% of land area),19.7658,19.7658,19.7658,19.7658,19.7658,19.7658,19.7658,19.7658,19.7658,19.7658,19.7658,19.7658,20.1811,20.1811,20.1811,20.1811,20.1811,20.1811,20.1811,20.8870,20.8870,20.8870,20.8870,20.8870,20.8870,20.8870,20.8870,20.8870,20.8870,20.9119,21.0115,21.0115,21.1776,22.0081,22.0081,22.0081,22.8386,23.2539,23.6691,23.6691,23.6691,24.4996,24.4996,24.9149,25.3301,25.3301,25.3301
119,KOR,Korea Rep.,AG.LND.AGRI.ZS,Agricultural land (% of land area),21.4018,21.0777,21.2701,22.1918,23.0730,23.4478,23.6605,23.7314,23.6706,23.5389,23.2857,22.9920,23.0021,22.9717,23.0123,22.9920,22.9616,22.9211,22.8097,22.7590,22.7388,22.7185,22.6476,22.5767,22.4856,22.4552,22.4754,22.4248,22.2526,22.0703,21.8880,21.6348,21.4525,21.2296,20.7434,20.3383,20.0851,19.9433,19.7914,19.9838,20.1054,19.8264,19.6488,19.5518,19.4218,19.1784,18.9847
120,KSV,Kosovo,AG.LND.AGRI.ZS,Agricultural land (% of land area),,,,,,,,,,,,,,,,,,,,,,,,,,,,,,,,,,,,,,,,,,,,,,,52.3560
121,KWT,Kuwait,AG.LND.AGRI.ZS,Agricultural land (% of land area),7.57576,7.57576,7.57576,7.57576,7.57576,7.57576,7.57576,7.57576,7.57576,7.57576,7.57576,7.57576,7.57576,7.57576,7.57576,7.57576,7.57576,7.57576,7.57576,7.57576,7.63187,7.63187,7.63187,7.68799,7.68799,7.74411,7.74411,7.91246,7.91246,7.91246,7.91246,7.91246,7.96858,7.96858,7.96858,8.02469,8.02469,8.02469,8.08081,8.30528,8.47363,8.64198,8.64198,8.64198,8.64198,8.64198,8.64198
122,KGZ,Kyrgyz Republic,AG.LND.AGRI.ZS,Agricultural land (% of land area),,,,,,,,,,,,,,,,,,,,,,,,,,,,,,,,52.5965,52.7633,54.0824,54.4265,55.4797,55.5839,55.7351,55.9228,55.8603,56.1835,56.1835,56.5172,56.1522,56.0219,55.9494,55.9364
123,LAO,Lao PDR,AG.LND.AGRI.ZS,Agricultural land (% of land area),6.71577,6.71577,6.49913,6.28250,6.28250,6.32582,6.32582,6.36915,6.37782,6.39948,6.42114,6.55113,6.63778,6.73744,6.79376,6.84575,6.88908,6.92374,6.95407,6.95841,6.97140,7.00607,7.01906,7.06239,7.08406,7.09705,7.10572,7.14905,7.15771,7.19237,7.20104,7.20971,7.21404,7.32236,7.36569,7.36569,7.60832,7.71231,7.82062,7.95494,7.96794,8.27123,8.40121,8.48787,8.48787,9.13778,9.22444
124,LVA,Latvia,AG.LND.AGRI.ZS,Agricultural land (% of land area),,,,,,,,,,,,,,,,,,,,,,,,,,,,,,,,40.7736,40.5157,40.9347,29.5246,30.2015,28.5576,28.1870,26.0596,25.5923,25.3813,25.6060,25.3973,26.3606,27.8375,29.8040,29.5422
125,LBN,Lebanon,AG.LND.AGRI.ZS,Agricultural land (% of land area),54.9365,55.7185,55.7185,56.6960,58.2600,58.2600,59.2375,60.2151,60.6061,61.0948,61.5836,62.0723,63.0499,62.5611,62.0723,61.5836,61.0948,60.5083,59.9218,58.7488,58.4555,58.4555,58.4555,58.4555,58.5533,58.6510,59.0420,59.0420,59.0420,59.1398,59.2375,59.2375,59.2375,59.3353,59.5308,60.4106,60.8016,61.1926,56.9404,58.1623,58.4555,60.2151,61.2903,62.3949,63.8319,67.3509,67.1652
126,LSO,Lesotho,AG.LND.AGRI.ZS,Agricultural land (% of land area),85.0412,84.8764,84.8764,84.9423,84.9423,85.1071,85.1071,83.4596,81.6475,79.9671,77.8913,77.7265,77.7265,77.7265,78.2867,77.7265,75.5189,75.5519,76.0791,75.6507,75.8484,75.5189,75.3542,75.8155,76.0461,75.4860,76.7710,77.1993,75.9473,76.4745,76.5404,76.9687,76.9028,76.7381,76.5733,76.6392,76.7381,76.7381,76.7381,76.9028,76.9028,75.9143,75.9143,76.2438,76.9028,75.9143,75.9143
127,LBR,Liberia,AG.LND.AGRI.ZS,Agricultural land (% of land area),26.8169,26.7961,26.7961,26.7650,26.7650,26.7338,26.7338,26.7130,26.7130,26.6923,26.6923,26.6923,26.6923,26.6923,26.6923,26.6923,26.7442,26.7442,26.7442,26.7442,26.7442,26.7857,26.8376,26.8480,26.8688,26.9622,27.0245,26.9934,26.9934,25.8825,25.9552,25.9552,25.9552,25.9552,25.9552,25.9552,26.1628,26.5781,26.6819,26.8895,26.8895,26.8895,26.8895,26.9414,26.9414,26.9934,26.9934
128,LBY,Libya,AG.LND.AGRI.ZS,Agricultural land (% of land area),6.34825,6.46931,6.58411,6.70232,6.81712,6.93534,7.05014,7.16949,7.28600,7.40250,7.52185,7.63722,7.75487,7.87024,7.98788,8.10325,8.22090,8.33911,8.45391,8.57042,8.63010,8.69091,8.75513,8.76081,8.76763,8.77218,8.77502,8.77502,8.77786,8.78355,8.78639,8.78923,8.78923,8.79491,8.81765,8.90346,8.90346,8.78070,8.78070,8.78070,8.78070,8.78070,8.78070,8.85743,8.85743,8.83754,8.83754
129,LIE,Liechtenstein,AG.LND.AGRI.ZS,Agricultural land (% of land area),56.2500,56.2500,56.2500,56.2500,56.2500,56.2500,56.2500,56.2500,56.2500,56.2500,56.2500,56.2500,56.2500,56.2500,56.2500,56.2500,56.2500,56.2500,56.2500,56.2500,56.2500,56.2500,56.2500,56.2500,56.2500,50,50,50,50,43.7500,43.7500,43.7500,43.7500,43.7500,43.7500,43.7500,43.7500,43.7500,43.7500,43.7500,43.7500,43.7500,43.7500,43.7500,43.7500,37.5000,37.5000
130,LTU,Lithuania,AG.LND.AGRI.ZS,Agricultural land (% of land area),,,,,,,,,,,,,,,,,,,,,,,,,,,,,,,,54.0683,53.1749,49.8724,54.4033,54.4193,54.5150,54.6426,55.7754,54.5310,46.2029,46.0274,40.5393,41.7199,45.2617,44.4959,42.9962
131,LUX,Luxembourg,AG.LND.AGRI.ZS,Agricultural land (% of land area),,,,,,,,,,,,,,,,,,,,,,,,,,,,,,,,,,,,,,,,49.4209,49.4209,49.4209,49.4209,49.4209,49.8070,49.8070,50.5792
132,MAC,Macao SAR China,AG.LND.AGRI.ZS,Agricultural land (% of land area),,,,,,,,,,,,,,,,,,,,,,,,,,,,,,,,,,,,,,,,,,,,,,,
133,MKD,Macedonia FYR,AG.LND.AGRI.ZS,Agricultural land (% of land area),,,,,,,,,,,,,,,,,,,,,,,,,,,,,,,,51.3960,51.0028,50.9634,50.6095,50.7275,50.4522,50.7668,50.4129,48.5647,48.8400,52.4577,51.1601,49.6264,48.2894,48.6827,42.3122
134,MDG,Madagascar,AG.LND.AGRI.ZS,Agricultural land (% of land area),60.4344,60.4774,60.5203,60.5633,60.6063,60.6493,60.6923,60.7353,60.7869,60.8213,60.8557,60.9073,60.9416,61.0018,61.4902,61.4988,61.7825,61.9046,61.9390,61.9734,62.0336,62.0766,62.1367,62.1797,62.2399,62.2829,62.3173,62.3689,62.4119,62.4635,62.5065,62.5408,62.7472,62.7300,62.7300,62.9295,64.4668,66.1863,67.9231,69.6427,70.2325,70.2325,70.2325,70.2325,70.2325,70.2325,70.2325
135,MWI,Malawi,AG.LND.AGRI.ZS,Agricultural land (% of land area),34.0136,35.0765,35.6080,36.1395,38.2972,38.8287,38.3185,39.4026,39.9341,39.4026,40.9970,41.5285,42.0600,42.0918,41.5604,41.5816,41.6135,42.1769,42.1981,40.7100,41.7730,42.8359,41.8793,42.4107,42.5702,43.6331,43.6862,43.7394,44.2708,44.8342,45.9184,45.3869,45.3869,43.2611,45.4932,46.5561,47.0876,48.6820,49.6918,50.1701,51.2330,51.2330,51.2330,52.8274,52.8274,52.8274,52.8274
136,MYS,Malaysia,AG.LND.AGRI.ZS,Agricultural land (% of land area),12.7834,12.9448,13.1030,13.2613,13.4196,13.5778,13.7361,13.8944,14.0527,14.2109,14.3692,14.5275,14.6857,14.8440,14.9962,15.1606,15.2580,15.2640,15.2854,15.3980,15.5867,16.1558,16.8468,17.4555,18.1494,18.8251,19.4552,20.4596,21.2266,21.9875,22.7515,23.3602,23.9994,23.9994,23.9994,24.0116,24.0146,24.0146,24.0146,24.0146,23.9537,23.9537,23.9537,23.9537,23.9537,23.9537,23.9537
137,MDV,Maldives,AG.LND.AGRI.ZS,Agricultural land (% of land area),16.6667,16.6667,16.6667,16.6667,16.6667,16.6667,16.6667,16.6667,16.6667,16.6667,20,20,23.3333,26.6667,26.6667,26.6667,26.6667,26.6667,26.6667,26.6667,26.6667,30,30,30,30,30,30,30,30,30,30,30,30,30,30,30,30,30,30,33.3333,36.6667,43.3333,46.6667,43.3333,43.3333,43.3333,43.3333
138,MLI,Mali,AG.LND.AGRI.ZS,Agricultural land (% of land area),25.9779,25.9820,25.9861,25.9902,25.9943,25.9976,26.0025,26.0025,26.0025,26.0435,26.0435,26.0435,26.0435,26.0845,26.1254,26.2885,26.2869,26.2869,26.2910,26.2910,26.2935,26.2935,26.2935,26.2935,26.3098,26.3123,26.3123,26.3262,26.3262,26.3262,26.3344,26.4164,27.1515,28.8808,29.0275,30.0363,30.8559,30.8559,30.8559,31.6951,32.2401,32.3138,32.5187,31.9942,32.2810,32.3220,32.4695
139,MLT,Malta,AG.LND.AGRI.ZS,Agricultural land (% of land area),56.2500,53.1250,50,46.8750,43.7500,43.7500,43.7500,43.7500,43.7500,43.7500,43.7500,43.7500,43.7500,43.7500,40.6250,40.6250,43.7500,43.7500,43.7500,40.6250,40.6250,40.6250,40.6250,40.6250,40.6250,40.6250,40.6250,40.6250,40.6250,40.6250,40.6250,40.6250,40.6250,40.6250,34.3750,34.3750,31.2500,28.1250,28.1250,28.1250,31.2500,31.2500,34.3750,31.2500,29.0625,28.7500,29.0625
140,MHL,Marshall Islands,AG.LND.AGRI.ZS,Agricultural land (% of land area),,,,,,,,,,,,,,,,,,,,,,,,,,,,,,,,,,,72.2222,72.2222,72.2222,72.2222,72.2222,72.2222,72.2222,72.2222,72.2222,77.7778,77.7778,77.7778,77.7778
141,MRT,Mauritania,AG.LND.AGRI.ZS,Agricultural land (% of land area),38.3448,38.3448,38.3458,38.3458,38.3458,38.3458,38.3458,38.3458,38.3555,38.3555,38.3167,38.3167,38.3041,38.2750,38.2711,38.2740,38.2750,38.2711,38.2740,38.2885,38.3080,38.3274,38.3468,38.3574,38.3768,38.3962,38.4156,38.4350,38.4545,38.4748,38.4845,38.4962,38.5078,38.5466,38.5757,38.5660,38.5660,38.5660,38.5660,38.5660,38.5292,38.4806,38.4806,38.4806,38.5660,38.5583,38.5292
142,MUS,Mauritius,AG.LND.AGRI.ZS,Agricultural land (% of land area),48.7685,49.2611,49.2611,49.2611,49.7537,48.7685,51.7241,54.6798,54.6798,55.1724,55.1724,55.6650,55.6650,55.6650,55.6650,56.1576,56.1576,56.1576,56.1576,56.1576,56.1576,56.1576,56.1576,56.1576,56.1576,56.1576,56.1576,55.6650,55.6650,55.6650,55.6650,55.6650,55.6650,55.1724,55.1724,55.1724,55.1724,54.6798,54.6798,54.6798,54.6798,52.2168,52.2168,51.2315,51.2315,50.7389,49.7537
143,MYT,Mayotte,AG.LND.AGRI.ZS,Agricultural land (% of land area),40.1070,40.1070,40.1070,40.1070,42.7808,42.7808,42.7808,42.7808,42.7808,42.7808,42.7808,42.7808,42.7808,42.7808,42.7808,42.7808,42.7808,45.4545,45.4545,45.4545,45.4545,45.4545,45.4545,45.4545,45.4545,45.4545,45.4545,45.4545,48.1283,48.1283,48.1283,48.1283,48.1283,50.8021,50.8021,50.8021,50.8021,53.4759,53.4759,53.4759,53.4759,53.4759,53.4759,53.4759,53.4759,53.4759,53.4759
144,MEX,Mexico,AG.LND.AGRI.ZS,Agricultural land (% of land area),50.5383,50.5049,50.4689,50.4380,50.4020,50.3686,50.3300,50.2940,50.2631,50.2261,50.2991,50.3712,50.4535,50.5152,50.5872,50.6849,50.7724,50.8444,50.9113,51.0296,51.0553,51.1263,51.1520,51.1520,51.5445,51.9561,52.3162,52.6763,53.0363,53.3964,53.7565,54.1166,54.4767,54.8368,55.1455,55.1455,55.1455,55.1969,55.1969,55.1969,55.2483,55.2483,55.2483,55.2483,55.1969,54.9397,54.9397
145,FSM,Micronesia Fed. Sts.,AG.LND.AGRI.ZS,Agricultural land (% of land area),,,,,,,,,,,,,,,,,,,,,,,,,,,,,,,,,,,35,35,35,33.5714,33.5714,33.5714,33.5714,33.5714,33.5714,33.5714,33.5714,33.5714,33.5714
146,MDA,Moldova,AG.LND.AGRI.ZS,Agricultural land (% of land area),,,,,,,,,,,,,,,,,,,,,,,,,,,,,,,,77.8826,77.6024,77.6260,77.6192,77.6192,77.6428,77.6664,77.7204,77.3723,77.2202,77.0681,77.0916,76.8856,76.6798,75.9805,75.4941
147,MCO,Monaco,AG.LND.AGRI.ZS,Agricultural land (% of land area),,,,,,,,,,,,,,,,,,,,,,,,,,,,,,,,,,,,,,,,,,,,,,,
148,MNG,Mongolia,AG.LND.AGRI.ZS,Agricultural land (% of land area),90.5552,90.5552,90.5552,90.5540,90.5552,90.5552,90.5552,90.5552,90.5353,90.5559,90.5501,90.5552,90.5552,90.5559,90.5552,80.8157,81.0880,81.0506,80.2756,80.1945,80.1508,80.1546,80.4456,80.2080,80.1952,80.1598,80.3902,80.6116,80.8028,80.8826,81.1877,79.5528,76.6781,76.2565,76.2565,76.2565,76.1779,76.1458,83.8603,83.9813,83.8719,83.7898,74.3989,74.3186,74.1747,74.6928,74.6646
149,MNE,Montenegro,AG.LND.AGRI.ZS,Agricultural land (% of land area),,,,,,,,,,,,,,,,,,,,,,,,,,,,,,,,,,,,,,,,,,,,,,38.2900,38.2156
150,MAR,Morocco,AG.LND.AGRI.ZS,Agricultural land (% of land area),52.3592,52.8297,53.4346,54.0171,54.7117,55.4241,55.8722,56.5443,56.9723,57.5906,60.0708,58.6324,59.2091,59.6684,60.3115,60.8335,61.6177,62.5543,62.7470,64.8219,65.1804,65.3753,65.5904,65.8391,65.8705,66.0923,66.4710,66.6458,67.3628,67.9879,68.0148,68.5996,68.8125,69.3793,68.8976,69.3838,69.2247,69.4062,68.7721,68.6803,68.0484,67.8535,69.1822,67.3112,67.1947,67.0984,67.1297
151,MOZ,Mozambique,AG.LND.AGRI.ZS,Agricultural land (% of land area),59.3212,59.3352,59.3479,59.3581,59.3708,59.3784,59.4115,59.5387,59.6709,59.7790,59.7790,59.8032,59.8693,59.8693,59.8947,59.8947,59.8947,59.8947,59.8947,59.8947,59.9583,60.0600,60.0600,60.1872,60.2508,60.3144,60.4415,60.5051,60.5687,60.6323,60.6959,60.7213,60.7213,60.7849,60.8866,61.0201,61.2109,61.3380,61.2808,61.2299,61.4207,61.9929,62.0819,62.2091,62.0947,62.2218,62.0565
152,MMR,Myanmar,AG.LND.AGRI.ZS,Agricultural land (% of land area),15.9592,16.0204,16.0771,16.2500,16.1934,16.4336,16.4749,16.4764,16.4749,16.5269,16.5330,16.5330,15.7940,15.8108,15.8322,15.8552,15.8460,15.8628,15.8781,15.8904,15.9455,15.9761,15.9715,15.9470,15.9577,15.9669,15.9470,15.8720,15.9057,15.9562,15.9378,15.9103,15.9837,15.9455,15.9898,16.0725,16.0954,16.0862,16.2331,16.5438,16.7381,16.7167,16.8039,16.9600,17.2386,17.7468,18.3376
153,NAM,Namibia,AG.LND.AGRI.ZS,Agricultural land (% of land area),46.9361,46.9361,46.9361,46.9409,46.9409,46.9409,46.9446,46.9446,46.9446,46.9470,46.9494,46.9494,46.9494,46.9494,46.9494,46.9519,46.9519,46.9531,46.9531,46.9543,46.9543,46.9543,46.9604,46.9604,46.9604,46.9604,46.9604,46.9604,46.9604,46.9604,46.9604,46.9604,47.0065,47.0673,47.1523,47.1523,47.1523,47.1523,47.1523,47.1523,47.1523,47.1523,47.1523,47.1523,47.1523,47.1523,47.1341
154,NPL,Nepal,AG.LND.AGRI.ZS,Agricultural land (% of land area),24.6923,24.6923,24.7622,24.6923,24.6923,24.6923,24.7902,24.7902,24.7902,25.7343,25.7343,26.4476,27.2238,27.9301,28.1329,28.3846,28.6294,28.8042,29.0490,29.2937,29.4825,29.6643,29.8392,30.0490,30.2098,29.6783,29.3427,29.0070,29.0210,29.0420,29.0210,29.0629,29.0629,29.0629,29.0629,29.0629,29.0979,29.1329,29.1818,29.4733,29.5724,29.3826,29.3687,29.3687,29.3687,29.3687,29.3687
155,NLD,Netherlands,AG.LND.AGRI.ZS,Agricultural land (% of land area),68.5427,68.2168,67.8021,67.1801,66.7950,66.4988,66.3211,65.9656,65.4621,64.9585,63.0332,62.6185,62.2334,62.0261,61.6706,61.4040,61.0190,60.6043,60.2488,59.8341,59.5675,59.3898,59.5083,59.7156,59.8045,59.6860,59.6564,59.5972,59.3602,59.4194,58.9751,58.8270,58.8863,58.3827,58.1754,58.6789,58.2346,58.4419,58.2642,57.9384,57.1979,57.7310,56.9609,57.0201,56.9017,56.8720,56.6943
156,ANT,Netherlands Antilles,AG.LND.AGRI.ZS,Agricultural land (% of land area),7.50000,7.50000,7.50000,7.50000,8.75000,8.75000,8.75000,8.75000,8.75000,10,10,10,10,10,10,10,10,10,10,10,10,10,10,10,10,10,10,10,10,10,10,10,10,10,10,10,10,10,10,10,10,10,10,10,10,10,10
157,NCL,New Caledonia,AG.LND.AGRI.ZS,Agricultural land (% of land area),14.2779,14.2779,14.2779,14.3326,14.3326,14.3326,14.3326,14.3873,14.3873,14.3873,14.3873,14.4420,14.4420,14.4420,14.4420,14.4967,14.4967,14.4967,14.4967,14.4967,14.4967,14.8797,15.3173,15.8643,15.2079,14.6061,14.0044,13.4573,12.9103,12.6915,12.5274,12.5821,12.5821,12.6368,12.7462,12.8556,13.0197,13.1291,13.2385,13.3479,13.4573,13.5667,13.6214,13.6214,13.6214,13.7309,13.7856
158,NZL,New Zealand,AG.LND.AGRI.ZS,Agricultural land (% of land area),58.9332,59.2320,59.3665,59.4524,59.2133,59.1237,59.1834,59.1685,58.5821,58.5596,58.5335,59.9940,59.8483,59.7624,61.1819,62.4370,62.0485,62.7433,62.3212,62.7806,64.7417,62.4893,62.4930,61.9290,61.4322,61.6675,61.5218,61.0175,60.7224,60.4460,60.2107,59.6168,59.4636,56.4641,55.9374,55.6722,55.6685,55.6685,55.6685,57.5735,57.5922,48.2350,47.2115,47.6411,47.2190,45.7062,45.8929
159,NIC,Nicaragua,AG.LND.AGRI.ZS,Agricultural land (% of land area),28.5857,28.5857,28.9024,29.0691,29.3191,29.8358,29.8358,29.8358,29.8775,29.8775,30.0442,30.0858,30.1692,30.2525,30.2525,30.2525,31.0859,31.1276,31.1693,31.2109,31.8943,31.9110,31.9193,32.3610,32.1277,32.1443,32.4110,32.8361,33.2778,33.5445,33.8362,34.3362,34.9196,35.1696,37.9448,38.7866,39.9783,40.7534,41.5285,42.4535,42.8702,43.6203,44.1704,43.3786,44.1704,43.5036,43.3369
160,NER,Niger,AG.LND.AGRI.ZS,Agricultural land (% of land area),24.8678,24.8678,24.8678,24.8678,24.8678,24.8678,24.8678,25.4022,25.4014,24.6309,24.6546,24.6128,24.3262,23.5099,23.5099,23.5099,23.5099,23.5099,23.6504,24.2520,23.9046,23.9678,24.4809,24.2994,24.2994,24.6941,24.4825,24.7099,24.7928,26.0891,26.9243,27.6309,27.6309,27.6309,28.4203,28.4203,28.4203,28.4203,29.2098,29.2098,29.9992,29.9992,30.3245,30.0876,34.0388,34.0388,34.3530
161,NGA,Nigeria,AG.LND.AGRI.ZS,Agricultural land (% of land area),75.5405,75.6503,75.7601,75.8809,75.9907,76.0565,76.1444,76.1444,76.5836,76.7483,76.7483,76.7483,76.7483,76.7483,76.8580,76.9678,77.1325,77.1325,77.1984,77.2808,77.2808,77.4597,77.6376,77.8166,77.9945,78.3513,78.4852,78.7378,78.9310,79.1352,79.4218,79.5558,79.6897,79.8226,79.9653,78.1306,76.7900,78.7663,78.8344,78.8893,78.9442,81.0303,81.1401,82.3479,84.5439,85.6418,86.1908
162,MNP,Northern Mariana Islands,AG.LND.AGRI.ZS,Agricultural land (% of land area),,,,,,,,,,,,,,,,,,,,,,,,,,,,,,,,,,,8.69565,8.69565,8.69565,6.52174,6.52174,6.52174,6.52174,6.52174,6.52174,6.52174,6.52174,6.52174,6.52174
163,NOR,Norway,AG.LND.AGRI.ZS,Agricultural land (% of land area),3.39819,3.38833,3.37847,3.34889,3.32260,3.30288,3.28645,3.26673,3.24044,3.13527,3.05968,2.99067,2.97095,2.96109,2.95123,2.94466,2.95452,2.95780,3.13527,3.07611,3.07611,3.09583,3.10569,3.13527,3.14513,3.18457,3.18785,3.20757,3.25687,3.20757,3.31931,3.29631,3.32917,3.38504,3.70383,3.72026,3.41133,3.44091,3.41133,3.42448,3.44091,3.43762,3.41791,3.41791,3.40476,3.40147,3.39490
164,OMN,Oman,AG.LND.AGRI.ZS,Agricultural land (% of land area),3.34410,3.34410,3.34410,3.34733,3.34733,3.34733,3.35380,3.36026,3.36026,3.36672,3.36672,3.37318,3.37641,3.37965,3.38288,3.38611,3.38934,3.39580,3.39580,3.39580,3.39580,3.39580,3.40872,3.42165,3.42811,3.44750,3.45719,3.46688,3.47981,3.48950,3.48950,3.49919,3.47981,3.48045,3.48175,3.48433,3.47981,3.47722,3.47851,3.48950,3.49273,3.49273,3.48950,5.83199,5.81260,5.80614,5.81260
165,PAK,Pakistan,AG.LND.AGRI.ZS,Agricultural land (% of land area),28.3844,28.7697,28.9280,30.8038,31.4744,32.0309,31.4718,31.4381,31.4381,31.5639,31.4952,31.2747,31.6275,31.8532,32.2099,32.1191,32.5732,32.4045,32.7288,32.8196,32.8715,32.9883,32.8715,32.8586,33.2218,33.3126,33.6239,34.7914,33.7536,33.6499,33.6758,33.8055,34.2466,34.3893,34.4412,34.6098,34.9990,34.9860,34.8692,34.9600,43.9628,35.3752,35.3233,35.0638,35.1027,35.0898,35.4141
166,PLW,Palau,AG.LND.AGRI.ZS,Agricultural land (% of land area),,,,,,,,,,,,,,,,,,,,,,,,,,,,,,,,,,,13.0435,13.0435,13.0435,13.0435,13.0435,13.0435,13.0435,13.0435,13.0435,13.0435,13.0435,13.0435,13.0435
167,PAN,Panama,AG.LND.AGRI.ZS,Agricultural land (% of land area),21.8456,21.9801,22.1146,22.1684,22.3029,22.4375,22.4509,22.5854,22.6930,22.6527,23.0428,23.4463,23.7154,24.0113,24.2938,24.5763,24.8722,24.8857,24.9126,24.9529,25.3161,25.7466,26.1098,26.4461,26.8362,27.1725,27.5087,27.8450,28.2486,28.5714,28.7060,28.9212,28.9212,28.7194,28.6790,28.6790,28.7867,28.9077,29.0153,29.9973,29.9973,29.9973,29.9973,29.9973,29.9973,29.9973,29.9973
168,PNG,Papua New Guinea,AG.LND.AGRI.ZS,Agricultural land (% of land area),1.09305,1.09305,1.09305,1.11514,1.11514,1.12838,1.22775,1.29179,1.36024,1.41545,1.47728,1.49936,1.52144,1.54132,1.57665,1.59873,1.62302,1.66939,1.69589,1.70472,1.71797,1.70031,1.69368,1.71135,1.78422,1.83280,1.86813,1.90567,1.92112,1.93658,1.94762,1.95866,1.97191,1.98295,2.06245,2.10882,2.12428,2.15078,2.19273,2.21923,2.23027,2.20819,2.21923,2.25235,2.27443,2.29652,2.29652
169,PRY,Paraguay,AG.LND.AGRI.ZS,Agricultural land (% of land area),26.2044,26.4838,26.7808,27.1130,27.4226,27.7372,27.9914,28.2331,28.4848,28.7365,28.9907,29.2424,29.6149,30.2869,30.8432,31.3969,31.9255,31.2233,31.7518,32.8090,33.8711,34.9685,36.3202,37.6718,39.0108,41.6587,42.9096,43.0028,43.0959,43.1890,43.2796,43.6572,43.6572,40.3524,41.4246,47.8757,48.2532,49.3380,50.5487,51.1578,50.8306,49.2852,48.9907,50.3348,50.3348,51.0924,51.3466
170,PER,Peru,AG.LND.AGRI.ZS,Agricultural land (% of land area),13.2469,13.3586,13.6172,13.8031,13.8672,13.8086,13.8156,13.8906,13.9211,13.9945,14.0016,14.2750,14.3117,14.3117,14.3195,14.3898,14.4859,14.5266,14.5547,14.5930,14.6125,14.6516,14.6891,14.7289,14.7383,14.7609,14.7805,14.7883,14.7961,17.0594,17.1063,17.1531,17.1609,16.6938,16.5898,16.5148,16.4188,16.4383,16.4922,16.5508,16.5234,16.5313,16.5781,16.6250,16.6797,16.7969,16.8438
171,PHL,Philippines,AG.LND.AGRI.ZS,Agricultural land (% of land area),25.8600,26.1249,26.3931,27.3319,27.2648,27.2581,27.8448,27.7644,27.6705,27.8616,27.7577,28.2639,28.8234,29.7193,30.8281,32.4446,33.8398,34.0075,34.8593,35.6340,35.7850,36.0197,36.1539,36.2880,36.5899,36.8246,36.9588,37.0929,37.2271,37.3612,37.4183,37.2774,37.1097,36.9420,36.9420,37.2439,38.0152,38.8537,38.6860,37.5088,37.3411,37.3445,37.4619,38.0655,38.0655,38.5686,38.5686
172,POL,Poland,AG.LND.AGRI.ZS,Agricultural land (% of land area),66.6995,66.5026,66.2466,66.0693,65.4654,65.4687,65.0486,64.9107,64.1887,64.1427,64.0278,63.5782,63.4347,63.2165,63.1144,63.0302,62.9051,62.7475,62.5427,62.4122,62.0957,62.0353,61.9980,62.1970,62.1170,62.0061,61.9753,61.8164,61.7778,61.7338,61.6024,61.5695,61.4776,61.4573,61.1801,60.6979,60.6420,60.5940,60.5697,60.4974,58.4459,55.1732,52.7985,53.6543,51.9244,52.4436,53.1701
173,PRT,Portugal,AG.LND.AGRI.ZS,Agricultural land (% of land area),42.3497,42.4153,42.4809,42.5465,42.6120,42.6776,42.7432,42.7650,42.8743,42.9399,43.0055,43.0710,43.1257,43.1803,43.2350,43.2896,43.3443,43.3989,43.4536,43.4863,43.5191,43.5519,43.5847,43.6175,43.6503,43.6831,43.7268,43.7705,43.7705,43.3115,42.8415,42.3825,43.2678,43.1913,42.8853,40.7650,39.1475,41.2022,42.2186,41.8579,41.4754,42.0328,41.6612,41.7159,40.2186,39.2131,38.2077
174,PRI,Puerto Rico,AG.LND.AGRI.ZS,Agricultural land (% of land area),69.4476,67.7565,68.2074,65.9527,68.6584,65.5017,64.0361,63.8106,63.3596,62.2322,59.7520,58.0609,55.4679,55.6934,55.5806,55.5806,55.3551,55.8061,54.7914,53.5513,52.6494,52.6494,52.5366,52.3112,51.9729,52.1984,52.0857,52.0857,50.7328,49.0417,47.3506,46.2232,35.0620,34.8365,34.8365,34.8365,32.8072,30.7215,29.3010,27.8692,26.4600,25.0282,24.2390,24.2390,22.7734,22.6607,21.3078
175,QAT,Qatar,AG.LND.AGRI.ZS,Agricultural land (% of land area),4.40035,4.40035,4.40035,4.40035,4.40035,4.40035,4.40035,4.40035,4.40035,4.40035,4.40035,4.40035,4.40035,4.48663,4.48663,4.48663,4.48663,4.48663,4.57291,4.74547,4.83175,4.91803,5.00431,5.09060,5.09060,5.17688,5.26316,5.26316,5.17688,5.26316,5.26316,5.52200,5.60828,5.69456,5.78085,5.95341,6.12597,6.12597,6.12597,6.12597,6.12597,6.12597,6.12597,6.12597,6.12597,6.12597,6.12597
176,ROM,Romania,AG.LND.AGRI.ZS,Agricultural land (% of land area),63.3889,63.7666,63.9229,64.0011,64.2138,64.4048,64.4178,64.9996,64.9822,64.8172,64.8389,64.8737,64.7044,64.8129,64.8867,64.9258,64.9475,64.9692,64.9779,64.9648,64.8954,64.9605,65.0386,65.0864,65.2080,65.2861,65.5249,65.5943,64.3471,64.3950,64.4905,64.4557,64.4688,64.4765,64.4778,64.4040,64.4709,64.2319,64.3772,64.6772,64.4204,64.4625,64.3618,61.4348,61.6575,61.0444,58.9238
177,RUS,Russian Federation,AG.LND.AGRI.ZS,Agricultural land (% of land area),,,,,,,,,,,,,,,,,,,,,,,,,,,,,,,,13.5224,13.3524,13.2902,13.2125,13.1952,13.3093,13.2643,13.2282,13.2567,13.2390,13.2258,13.2029,13.1846,13.1662,13.1574,13.1558
178,RWA,Rwanda,AG.LND.AGRI.ZS,Agricultural land (% of land area),53.3036,53.7090,54.1143,54.5197,54.9250,55.3304,55.7357,56.0600,56.6275,56.9112,58.6948,61.1269,61.0053,64.2075,65.3425,66.4370,67.4909,68.0989,68.7880,69.5176,71.3417,71.9497,72.5578,73.2874,73.7333,74.1792,74.6656,75.1115,75.1925,76.1654,76.0843,74.4629,70.1257,60.1946,60.1946,62.6267,64.6534,65.4641,67.3287,67.6936,70.8958,74.9899,76.4086,76.2059,76.2059,76.0032,78.0300
179,WSM,Samoa,AG.LND.AGRI.ZS,Agricultural land (% of land area),31.4488,31.8021,31.8021,32.1555,32.1555,32.5088,32.5088,33.2156,33.2156,33.5689,33.9223,34.2756,34.2756,34.9823,34.9823,35.3357,35.3357,35.6890,36.0424,36.3958,36.3958,36.3958,36.3958,36.3958,36.3958,36.3958,36.3958,36.3958,34.6290,34.6290,34.6290,32.5088,32.5088,32.5088,32.5088,32.5088,32.5088,32.5088,30.3887,30.3887,30.3887,30.3887,30.3887,30.3887,30.3887,30.3887,30.3887
180,SMR,San Marino,AG.LND.AGRI.ZS,Agricultural land (% of land area),16.6667,16.6667,16.6667,16.6667,16.6667,16.6667,16.6667,16.6667,16.6667,16.6667,16.6667,16.6667,16.6667,16.6667,16.6667,16.6667,16.6667,16.6667,16.6667,16.6667,16.6667,16.6667,16.6667,16.6667,16.6667,16.6667,16.6667,16.6667,16.6667,16.6667,16.6667,16.6667,16.6667,16.6667,16.6667,16.6667,16.6667,16.6667,16.6667,16.6667,16.6667,16.6667,16.6667,16.6667,16.6667,16.6667,16.6667
181,STP,Sao Tome and Principe,AG.LND.AGRI.ZS,Agricultural land (% of land area),36.4583,36.4583,36.4583,36.4583,37.5000,37.5000,37.5000,37.5000,37.5000,37.5000,38.5417,38.5417,38.5417,38.5417,38.5417,38.5417,38.5417,38.5417,38.5417,38.5417,38.5417,38.5417,38.5417,38.5417,39.5833,39.5833,39.5833,39.5833,43.7500,43.7500,43.7500,43.7500,43.7500,45.8333,46.8750,46.8750,47.9167,48.9583,51.0417,54.1667,56.2500,57.2917,58.3333,59.3750,59.3750,59.3750,59.3750
182,SAU,Saudi Arabia,AG.LND.AGRI.ZS,Agricultural land (% of land area),43.0850,43.0950,43.1060,43.1205,43.1310,43.1420,43.1520,43.1700,43.1875,43.2100,43.2335,43.2585,43.2850,43.3200,43.3420,43.3750,,,,,,,,,,,,,,,,,,,,,,,,,,,,,,,
183,SEN,Senegal,AG.LND.AGRI.ZS,Agricultural land (% of land area),44.9125,44.9125,45.4319,45.4319,45.9513,45.9513,46.4707,47.3537,46.2422,46.0396,46.4655,46.4655,46.7252,46.9849,46.9849,46.9797,45.9357,45.9305,45.9253,45.9201,45.9149,45.9097,45.9045,45.8993,45.8942,45.8838,45.8734,45.8630,45.8474,46.0656,45.2345,45.5513,45.5410,45.6085,45.0839,44.9281,44.9488,44.9956,45.2553,45.4734,45.7591,45.7072,45.0943,45.3799,45.8422,44.8657,44.8605
184,SRB,Serbia,AG.LND.AGRI.ZS,Agricultural land (% of land area),,,,,,,,,,,,,,,,,,,,,,,,,,,,,,,,,,,,,,,,,,,,,,57.3336,57.1865
185,SYC,Seychelles,AG.LND.AGRI.ZS,Agricultural land (% of land area),10.8696,10.8696,10.8696,10.8696,10.8696,10.8696,10.8696,10.8696,10.8696,10.8696,10.8696,10.8696,10.8696,10.8696,10.8696,10.8696,10.8696,10.8696,10.8696,10.8696,10.8696,13.0435,13.0435,13.0435,13.0435,13.0435,13.0435,13.0435,13.0435,13.0435,13.0435,13.0435,13.0435,13.0435,13.0435,13.0435,13.0435,13.0435,13.0435,13.0435,13.0435,13.0435,13.0435,13.0435,13.0435,13.0435,13.0435
186,SLE,Sierra Leone,AG.LND.AGRI.ZS,Agricultural land (% of land area),36.2888,36.3586,36.4563,36.5261,36.5959,36.6937,36.7635,36.8333,36.9031,36.9869,37.0567,37.1265,37.1963,37.2941,37.3639,37.4337,37.5175,37.5873,37.6710,37.7409,37.8246,37.9084,38.0061,38.0760,38.1458,38.2296,38.2994,38.3133,38.3133,38.3133,38.3133,38.3133,38.2575,38.2714,38.2714,38.2714,38.2575,38.2575,38.2575,38.3971,38.5926,39.0952,39.7235,40.2122,43.0048,44.4010,44.4010
187,SGP,Singapore,AG.LND.AGRI.ZS,Agricultural land (% of land area),20.8955,20.8955,19.4030,19.4030,19.4030,19.4030,19.4030,17.9105,17.9105,17.9105,14.9254,16.4179,16.4179,13.4328,11.9403,11.9403,11.9403,11.9403,11.9403,11.9403,10.4478,8.95522,8.95522,8.95522,7.46269,5.97015,4.47761,4.47761,2.98508,2.98508,1.79105,1.79105,1.79105,1.79105,1.79105,1.79105,1.79105,1.79105,1.79105,1.79105,1.79105,1.77778,1.16448,1.16110,1.16110,1.15274,1.14778
188,SVK,Slovak Republic,AG.LND.AGRI.ZS,Agricultural land (% of land area),,,,,,,,,,,,,,,,,,,,,,,,,,,,,,,,,50.8524,50.8524,50.8524,50.8108,50.8316,50.7900,50.7900,50.7277,46.8815,46.5073,46.4768,40.2079,40.3534,40.3119,40.1247
189,SVN,Slovenia,AG.LND.AGRI.ZS,Agricultural land (% of land area),,,,,,,,,,,,,,,,,,,,,,,,,,,,,,,,28.0040,27.8054,27.2592,26.7130,26.0675,24.5780,24.3297,24.8262,25.7200,25.3227,25.0745,25.3227,24.4290,25.3227,24.4290,24.8262
190,SLB,Solomon Islands,AG.LND.AGRI.ZS,Agricultural land (% of land area),1.96499,1.96499,1.96499,1.96499,1.96499,1.96499,1.96499,1.96499,1.96499,1.96499,1.96499,1.96499,1.96499,1.96499,1.96499,1.96499,2.00072,2.03644,2.10790,2.10790,2.10790,2.21508,2.21508,2.28653,2.28653,2.35799,2.32226,2.39371,2.42944,2.42944,2.46517,2.53662,2.53662,2.57235,2.60807,2.60807,2.60807,2.64380,2.71526,2.71526,2.75098,2.82244,2.96535,2.96535,2.96535,2.96535,3.00107
191,SOM,Somalia,AG.LND.AGRI.ZS,Agricultural land (% of land area),69.9860,69.9939,70.0019,70.0099,70.0179,70.0258,70.0338,70.0418,70.0497,70.0577,70.0657,70.0737,70.0816,70.0896,70.0976,70.1055,70.1135,70.1215,70.1294,70.1374,70.1454,70.1533,70.1613,70.1693,70.1773,70.1852,70.1932,70.1996,70.2012,70.2044,70.2044,70.2060,70.2075,70.2171,70.2267,70.2346,70.2426,70.2442,70.2442,70.2442,70.2506,70.4977,70.5774,70.7384,70.7384,70.4036,70.1804
192,ZAF,South Africa,AG.LND.AGRI.ZS,Agricultural land (% of land area),84.0103,83.0189,82.0687,81.0362,80.0860,79.9427,79.7089,79.5409,79.3647,79.1967,79.0205,78.8525,78.6763,78.5166,78.3321,78.1576,78.1032,78.0538,77.9962,77.9550,77.9056,77.8504,77.8504,77.8504,77.8504,78.0587,78.4704,78.7998,79.2939,79.7056,80.1996,80.6113,81.0230,81.5170,81.9493,82.0934,82.0523,82.0753,82.0440,82.0440,82.0440,82.0440,82.0440,81.9930,81.9930,81.8283,81.8283
193,ESP,Spain,AG.LND.AGRI.ZS,Agricultural land (% of land area),66.4893,66.4933,66.3032,65.5348,65.4168,64.3403,64.7925,64.3463,65.0826,64.2663,65.3968,65.1647,64.5884,64.1881,63.8893,63.0863,63.2382,63.0152,62.7678,62.5423,62.4795,62.4494,61.6523,61.3247,61.4929,61.2886,61.2706,61.2246,61.4709,61.0123,60.8101,60.6259,60.1334,60.4337,59.5047,60.3456,60.1854,59.9832,59.6228,59.6513,59.2153,58.9512,58.3983,58.2375,58.4344,57.3430,57.4372
194,LKA,Sri Lanka,AG.LND.AGRI.ZS,Agricultural land (% of land area),26.6142,26.4119,31.8737,32.5391,33.3591,34.1173,34.8909,35.9121,36.0204,36.0978,36.1906,36.2835,36.3763,36.4691,36.5001,37.0726,37.6451,38.2021,36.5001,36.3454,36.3454,35.5253,35.7110,35.7574,35.8193,35.9895,36.1133,36.1597,36.2061,36.1906,36.2370,36.2680,35.8966,35.9431,35.9895,36.0050,36.0204,36.0359,36.2835,36.3608,36.3763,36.4537,36.6703,35.7419,37.2892,36.9797,36.5156
195,KNA,St. Kitts and Nevis,AG.LND.AGRI.ZS,Agricultural land (% of land area),57.1429,57.1429,57.1429,57.1429,57.1429,57.1429,57.1429,57.1429,51.4286,42.8571,42.8571,42.8571,42.8571,42.8571,42.8571,42.8571,42.8571,42.8571,42.8571,57.6923,57.6923,53.8462,53.8462,50,50,46.1539,46.1539,46.1539,46.1539,46.1539,46.1539,46.1539,46.1539,38.4615,38.4615,34.6154,34.6154,34.6154,38.4615,36.5385,35.7692,31.1539,31.1539,30.7692,19.2308,19.2308,19.2308
196,LCA,St. Lucia,AG.LND.AGRI.ZS,Agricultural land (% of land area),27.8689,27.8689,29.5082,29.5082,29.5082,29.5082,31.1475,31.1475,31.1475,31.1475,32.7869,32.7869,32.7869,32.7869,32.7869,32.7869,32.7869,32.7869,32.7869,32.7869,32.7869,32.7869,32.7869,32.7869,32.7869,32.7869,34.4262,34.4262,34.4262,34.4262,34.4262,34.4262,34.4262,34.4262,34.4262,29.5082,31.1475,31.1475,29.5082,27.8689,26.2295,22.9508,22.9508,21.3115,18.0328,19.6721,18.0328
197,VCT,St. Vincent and the Grenadines,AG.LND.AGRI.ZS,Agricultural land (% of land area),25.6410,25.6410,28.2051,28.2051,28.2051,28.2051,28.2051,28.2051,28.2051,28.2051,28.2051,28.2051,25.6410,25.6410,25.6410,25.6410,28.2051,28.2051,30.7692,30.7692,30.7692,28.2051,30.7692,30.7692,30.7692,33.3333,33.3333,33.3333,33.3333,30.7692,30.7692,30.7692,30.7692,30.7692,30.7692,28.2051,28.2051,28.2051,28.2051,25.6410,25.6410,25.6410,25.6410,25.6410,28.2051,30.7692,35.8974
198,SDN,Sudan,AG.LND.AGRI.ZS,Agricultural land (% of land area),45.8081,45.8502,45.8923,45.9352,45.9773,46.0185,46.0648,46.1056,46.1477,46.1890,46.2302,46.2715,46.3165,46.3405,46.3826,46.4226,46.4638,46.4798,46.4794,46.4857,46.4983,46.5236,46.5446,46.5678,47.4327,48.7163,49.5812,50.8607,51.7088,51.7298,51.7529,52.1949,53.3388,53.9205,54.8291,55.4668,55.8573,56.2361,56.2614,56.1995,56.2597,56.3232,56.9739,56.9600,57.5913,57.5333,57.5644
199,SUR,Suriname,AG.LND.AGRI.ZS,Agricultural land (% of land area),0.262821,0.269231,0.262821,0.294872,0.301282,0.282051,0.275641,0.275641,0.301282,0.307692,0.333333,0.339744,0.358974,0.365385,0.371795,0.378205,0.391026,0.397436,0.410256,0.442308,0.467949,0.480769,0.480769,0.493590,0.519231,0.538462,0.564103,0.564103,0.564103,0.564103,0.570513,0.570513,0.570513,0.570513,0.570513,0.570513,0.564103,0.564103,0.564103,0.564103,0.583333,0.512821,0.554487,0.535256,0.511538,0.530769,0.532051
200,SWZ,Swaziland,AG.LND.AGRI.ZS,Agricultural land (% of land area),85.3488,85.9302,85.6977,85.8721,86.2791,86.8023,87.0349,87.0930,86.8605,86.8605,86.8605,87.9651,87.9651,86.1628,76.3372,79.7093,80.9884,80.9884,77.9070,75.0581,74.6512,74.7674,74.8837,73.7791,74.6512,77.2674,75.9884,74.7093,73.4884,73.7209,75.6977,77.9651,77.9070,77.9070,77.9070,77.9070,77.9651,77.9651,77.9651,77.9651,78.0233,78.0233,78.0233,78.0233,78.0233,78.0233,78.0233
201,SWE,Sweden,AG.LND.AGRI.ZS,Agricultural land (% of land area),10.3258,10.1674,9.70195,9.60934,9.38026,9.25353,9.22428,9.06831,9.12680,9.14630,9.15848,9.09999,9.06100,9.10243,9.08050,9.10243,9.07075,9.08537,9.04394,9.02688,8.95621,8.91965,8.86116,8.80023,8.51510,8.47123,8.42005,8.37619,8.32988,8.31770,8.18366,8.14954,8.17878,8.17878,7.96188,8.03500,7.94239,7.87415,7.78398,7.68406,7.68650,7.72549,7.70843,7.75961,7.83759,7.70843,7.64263
202,CHE,Switzerland,AG.LND.AGRI.ZS,Agricultural land (% of land area),54.1250,54.1250,54.1250,54.4500,54.4500,54.4750,54.4750,54.4250,54.3750,54.3500,54.3500,50.4500,50.4250,50.5000,50.5000,50.5250,50.5250,50.5250,50.5250,50.5000,50.5000,50.5000,50.5250,50.5250,50.5250,50.5250,50.5250,50.5250,50.5250,50.5250,50.5250,39.5250,39.5250,39.5250,39.5250,39.5250,39.5250,39.5000,39.5000,38.3000,38.1250,39.0750,39.0250,39.0750,39.0250,39,39.0250
203,SYR,Syrian Arab Republic,AG.LND.AGRI.ZS,Agricultural land (% of land area),81.2983,81.4561,81.8424,80.8249,77.8050,74.1648,74.1648,73.0275,73.1581,73.2343,73.2289,77.0541,78.7790,78.9912,76.7603,77.3370,76.3957,76.2270,75.9604,76.5154,76.8038,76.7929,76.1291,76.0311,75.9114,75.7427,75.6720,74.7252,73.4139,73.4302,73.5227,74.0723,74.2301,75.0136,75.0299,75.0354,75.1116,74.8395,74.9102,74.6055,74.6708,74.8667,75.2383,75.7422,75.3282,75.5663,75.6794
204,TJK,Tajikistan,AG.LND.AGRI.ZS,Agricultural land (% of land area),,,,,,,,,,,,,,,,,,,,,,,,,,,,,,,,32.0735,32.4593,31.9377,32.7379,32.7594,32.5950,32.4879,32.6379,32.6736,32.6736,32.6593,32.8380,33.0594,33.0952,32.9880,32.7308
205,TZA,Tanzania,AG.LND.AGRI.ZS,Agricultural land (% of land area),29.3520,29.3520,30.4809,30.4809,30.4809,32.7388,32.7388,32.7388,32.7388,33.8677,36.1255,36.1255,36.1255,36.1255,36.1255,36.1255,36.1255,37.2545,37.2545,37.2545,37.2545,37.2545,37.2545,37.2545,38.3834,38.3834,38.3834,38.3834,38.3834,38.3834,38.3868,38.3834,38.3834,38.3834,38.3834,38.3834,38.3868,38.3834,38.3834,38.3834,38.4963,38.7221,39.1973,39.2301,39.2301,39.2301,38.6092
206,THA,Thailand,AG.LND.AGRI.ZS,Agricultural land (% of land area),22.8092,23.4493,24.3888,24.8390,25.3284,25.8568,26.3462,26.8160,27.2466,27.8886,28.1842,29.8107,31.4745,33.0463,33.7059,34.3479,35.1641,35.9686,36.6067,37.0687,37.8575,38.7148,38.9477,39.2472,40.2768,40.6643,41.5745,41.7507,41.7644,41.8544,42.1147,41.8368,41.5843,41.3396,41.5158,40.8366,40.0125,39.2492,39.1806,38.8225,38.8107,38.5386,38.2744,38.2763,38.3644,38.5602,38.6580
207,TMP,Timor-Leste,AG.LND.AGRI.ZS,Agricultural land (% of land area),15.4674,15.4674,15.4674,15.4674,15.4674,15.4674,15.6019,15.6019,15.6691,16.3416,16.3416,16.4761,16.8124,16.8124,17.1486,17.3504,17.6194,18.2246,18.5609,18.7626,18.9644,19.0989,19.2334,19.4351,19.6369,19.8386,20.1076,20.3766,20.5111,21.3853,22.1923,22.1923,22.5286,22.8648,22.8648,22.9993,23.0666,22.9321,22.6631,22.6631,24.3443,24.3443,24.7478,26.0928,26.0928,26.0928,26.0928
208,TGO,Togo,AG.LND.AGRI.ZS,Agricultural land (% of land area),56.4442,56.4442,56.4442,56.4442,56.5361,56.5361,56.5361,56.5361,56.5361,56.5361,52.9509,52.9509,52.9509,52.9509,52.9509,52.9509,52.9509,54.7895,55.7088,55.8007,55.8007,55.8007,55.8007,56.7200,56.8119,56.8119,57.1796,57.7312,57.7312,58.6505,58.7424,58.7424,60.6729,60.6729,60.6729,62.5115,63.4308,64.9016,66.7402,66.7402,66.7402,66.7402,66.7402,66.7402,66.7402,66.7402,66.7402
209,TON,Tonga,AG.LND.AGRI.ZS,Agricultural land (% of land area),37.5000,38.8889,40.2778,40.2778,41.6667,43.0556,43.0556,43.0556,45.8333,44.4444,44.4444,45.8333,45.8333,47.2222,47.2222,45.8333,45.8333,45.8333,45.8333,47.2222,47.2222,47.2222,45.8333,45.8333,45.8333,45.8333,45.8333,45.8333,44.4444,44.4444,44.4444,44.4444,44.4444,44.4444,45.8333,45.8333,43.0556,43.0556,43.0556,41.6667,41.6667,41.6667,41.6667,41.6667,41.6667,41.6667,43.0556
210,TTO,Trinidad and Tobago,AG.LND.AGRI.ZS,Agricultural land (% of land area),18.9084,18.9084,19.1033,19.1033,19.1033,19.1033,19.1033,19.1033,19.1033,19.1033,19.6881,19.6881,21.4425,21.6374,20.6628,20.6628,20.6628,20.6628,20.6628,19.6881,18.5185,17.1540,14.4250,14.4250,13.8402,13.8402,13.8402,14.0351,14.0351,15.0098,15.7895,15.7895,15.7895,15.7895,14.8148,14.8148,13.8402,12.8655,13.0604,13.0604,11.6959,11.6959,11.6959,10.7213,10.5263,10.5263,10.5263
211,TUN,Tunisia,AG.LND.AGRI.ZS,Agricultural land (% of land area),55.6643,55.5291,55.3939,55.7994,55.6643,55.5291,55.3939,55.2588,56.1020,57.1704,57.0803,57.5888,58.0330,58.2196,58.5350,58.8504,59.0178,58.1488,57.6146,55.9990,56.3208,56.7456,57.2799,57.2734,56.7842,56.0376,55.9732,54.6601,55.8059,55.6385,59.2817,60.2150,60.6462,59.7515,60.1699,60.0155,60.1635,60.6334,61.3157,61.4766,61.1419,62.8411,62.9763,63.2724,63.2338,63.2531,63.2467
212,TUR,Turkey,AG.LND.AGRI.ZS,Agricultural land (% of land area),47.4475,47.6177,48.5558,48.4545,48.4597,48.7039,48.4649,48.8560,50.2098,49.6057,49.7824,50.4476,50.3969,49.8006,49.3250,49.2483,49.4121,49.4329,50.5334,50.1267,50.1709,48.3232,47.7086,48.8715,49.5433,50.0020,51.2285,51.0154,51.8392,51.5533,52.0601,51.8483,51.8600,52.1666,51.3143,51.1467,50.9881,51.8678,52.3654,52.5954,53.2308,53.5270,52.8098,53.5452,53.5621,52.6175,51.2636
213,TKM,Turkmenistan,AG.LND.AGRI.ZS,Agricultural land (% of land area),,,,,,,,,,,,,,,,,,,,,,,,,,,,,,,,68.5506,68.6911,68.8698,68.9188,68.9337,68.9358,68.9784,69.0848,69.0848,69.0848,69.2550,69.2550,69.2550,69.4040,69.4635,69.3997
214,UGA,Uganda,AG.LND.AGRI.ZS,Agricultural land (% of land area),45.7534,46.2405,46.9711,50.0913,50.0812,50.1522,50.1674,50.3552,50.4820,50.6342,50.8879,51.2430,51.6489,52.0751,52.8006,53.4652,53.4652,53.8305,53.8305,54.1857,54.5916,54.9975,57.3313,58.3460,58.8534,59.9543,59.9543,59.9543,60.1827,60.6900,61.0452,61.1466,61.2988,61.4003,61.5018,61.7555,61.7555,62.0091,62.0091,62.2628,62.4658,62.4658,63.2268,63.9878,64.4952,64.4952,65.0025
215,UKR,Ukraine,AG.LND.AGRI.ZS,Agricultural land (% of land area),,,,,,,,,,,,,,,,,,,,,,,,,,,,,,,,72.3725,72.3052,72.2551,72.2413,72.2189,72.2430,71.8236,71.5509,71.4698,71.4335,71.4537,71.3830,71.3812,71.2900,71.2579,71.2306
216,ARE,United Arab Emirates,AG.LND.AGRI.ZS,Agricultural land (% of land area),2.48804,2.48804,2.48804,2.48804,2.50000,2.51196,2.51196,2.51196,2.51196,2.53589,2.53589,2.53589,2.54785,2.55981,2.57177,2.58373,2.59569,2.60766,2.61962,2.66746,2.71531,2.71531,2.77512,2.77512,2.81101,2.84689,2.84689,2.85885,2.85885,3.40909,3.70813,4.05502,4.24641,4.44976,4.58134,4.68900,4.78469,4.82057,6.23206,6.60287,6.78230,6.83014,6.68660,6.69857,6.67464,7.11723,7.11723
217,GBR,United Kingdom,AG.LND.AGRI.ZS,Agricultural land (% of land area),81.8419,81.7551,81.6228,81.4409,80.9532,80.8085,80.8250,80.2960,80.1058,77.9110,77.8862,77.5266,77.2786,77.0388,76.8115,76.7495,76.4271,76.3775,76.2700,76.3403,75.7244,75.5632,75.2945,75.2366,75.0961,74.9390,74.8812,76.1501,75.6665,75.2408,74.9928,74.6910,72.4755,71.9588,71.8348,72.3102,72.6863,72.4094,71.1735,70.1195,70.0740,70.1691,70.0864,70.4791,70.0864,73.7321,72.9426
218,USA,United States,AG.LND.AGRI.ZS,Agricultural land (% of land area),48.8602,48.4761,48.1979,47.9325,47.5898,47.5545,47.5280,47.5813,47.5433,47.4290,47.3089,47.1997,47.0796,46.9658,46.9658,46.9658,46.9847,46.7480,46.7480,46.7480,46.7480,47.1013,47.1013,47.1013,47.1013,47.1013,46.6153,46.6153,46.6153,46.6153,46.6153,46.4495,46.1786,45.9811,45.8719,45.4534,45.2983,45.2658,45.1893,45.2306,45.2901,45.4126,45.5038,45.2606,45.0646,44.8661,44.8768
219,URY,Uruguay,AG.LND.AGRI.ZS,Agricultural land (% of land area),87.0186,86.8072,86.5215,86.5787,86.2759,86.3273,86.3273,86.1159,86.1159,86.0302,86.0302,86.0302,86.0245,86.0587,86.0873,86.1559,86.1616,86.1616,86.1673,86.1673,85.9673,85.7102,85.5217,85.2703,85.0817,84.8303,84.7160,84.6989,84.7046,84.7046,84.7046,84.8189,84.8189,84.8189,84.8760,85.0417,85.0360,85.2017,85.1960,85.4645,85.4474,84.8017,84.8017,84.2190,84.2190,83.6533,83.8933
220,UZB,Uzbekistan,AG.LND.AGRI.ZS,Agricultural land (% of land area),,,,,,,,,,,,,,,,,,,,,,,,,,,,,,,,65.1716,64.9930,64.9812,64.9859,64.9812,64.9741,64.2619,64.2525,64.2337,64.2454,63.5778,63.0936,63.0936,62.8585,62.7410,62.6234
221,VUT,Vanuatu,AG.LND.AGRI.ZS,Agricultural land (% of land area),8.61362,8.61362,8.61362,8.61362,9.26989,9.26989,9.26989,9.26989,9.26989,9.84413,9.84413,9.84413,9.84413,9.84413,10.3363,10.3363,10.4184,10.4184,10.5004,10.5004,10.7465,10.8286,11.0747,11.0747,11.0747,11.2387,11.2387,11.4028,11.4028,11.4848,11.4848,11.6489,11.6489,11.6489,11.8950,11.8950,11.8950,12.0591,12.0591,12.0591,12.0591,12.0591,12.0591,12.0591,12.0591,12.0591,12.0591
222,VEN,Venezuela RB,AG.LND.AGRI.ZS,Agricultural land (% of land area),21.8038,21.8831,21.9625,22.0441,22.1235,22.2028,22.2958,22.4001,22.4931,22.5985,22.7039,22.7481,22.8774,22.9511,23.0123,23.2073,23.4499,23.5134,23.6948,23.8309,23.8535,23.9896,24.1256,24.2503,24.5338,24.7718,24.8966,24.9532,24.7265,24.7832,24.7798,24.4963,24.4918,24.4997,24.5111,24.5247,24.5292,24.5360,24.5258,24.2560,24.2594,24.1483,24.1483,24.2050,24.2050,24.2050,24.2050
223,VNM,Vietnam,AG.LND.AGRI.ZS,Agricultural land (% of land area),19.3309,19.3462,19.3616,19.3769,19.3923,19.4077,19.4845,19.5613,19.6074,19.7149,19.7303,19.8071,19.9146,19.9914,20.0068,20.6519,20.9285,21.0022,21.0452,21.0698,21.1251,21.1497,21.2050,21.2295,20.7380,20.6612,20.6151,20.6151,20.6304,20.6642,20.7410,21.5828,21.7733,21.9362,21.7488,23.6013,24.0991,24.7473,25.8472,28.2261,30.4831,30.4460,30.7576,31.5916,32.4253,32.5023,32.4830
224,VIR,Virgin Islands (U.S.),AG.LND.AGRI.ZS,Agricultural land (% of land area),34.2857,34.2857,40,45.7143,45.7143,45.7143,42.8571,42.8571,42.8571,42.8571,42.8571,42.8571,42.8571,42.8571,42.8571,42.8571,42.8571,42.8571,42.8571,45.7143,45.7143,42.8571,40,40,34.2857,34.2857,34.2857,31.4286,31.4286,31.4286,31.4286,28.5714,28.5714,25.7143,25.7143,25.7143,22.8571,22.8571,20,20,20,17.1429,17.1429,17.1429,17.1429,11.4286,11.4286
225,WBG,West Bank and Gaza,AG.LND.AGRI.ZS,Agricultural land (% of land area),,,,,,,,,,,,,,,,,,,,,,,,,,,,,,,,,,,,62.6246,62.4585,62.2924,58.9701,62.4585,61.6279,62.2924,61.7940,61.7940,62.1263,61.9601,61.9601
226,YEM,Yemen Rep.,AG.LND.AGRI.ZS,Agricultural land (% of land area),44.2014,44.2222,44.2449,44.2639,44.2828,44.3037,44.3169,44.3264,44.3453,44.3548,44.3700,44.3908,44.4003,44.4097,44.4343,44.4343,44.4343,44.4381,44.4400,44.4400,44.4438,44.4438,44.4438,44.4438,44.4533,44.4533,44.4703,44.4703,44.4741,44.7488,44.7582,44.4741,44.9363,44.9457,44.9571,44.9931,44.9268,44.8510,44.8283,44.8302,44.6900,44.8056,44.5006,44.6181,44.5537,44.7507,44.7469
227,ZMB,Zambia,AG.LND.AGRI.ZS,Agricultural land (% of land area),28.9888,29.0601,29.1099,29.1772,29.2713,29.3520,29.4327,29.5134,29.5942,29.6614,29.7690,29.8094,29.8699,29.9103,29.9977,30.0757,30.1161,30.2372,30.2910,30.4120,30.5466,30.5869,30.6407,30.6811,30.7887,30.8425,30.9232,31.0174,31.0981,31.1653,31.3671,31.6631,31.8447,32.1137,32.3747,32.6181,32.8482,33.0715,33.3150,33.5450,33.7481,33.9983,34.2203,34.2875,34.3548,34.4220,34.4220
228,ZWE,Zimbabwe,AG.LND.AGRI.ZS,Agricultural land (% of land area),28.3960,28.6157,28.8355,29.0552,29.2232,29.4946,29.7144,29.9341,30.1538,30.3735,30.5933,30.7613,30.8518,31.0715,31.1620,31.2524,31.3171,31.4463,31.5756,31.7306,31.9245,32.1442,32.3381,32.4803,32.6742,32.8680,33.0619,33.2946,33.4884,33.6306,34.0701,34.5095,34.9490,35.3884,35.8278,36.2673,36.7067,37.1462,37.5856,38.0251,38.4904,38.9557,39.4210,39.8863,40.3516,39.9380,39.9380
