,,,,,1960,1961,1962,1963,1964,1965,1966,1967,1968,1969,1970,1971,1972,1973,1974,1975,1976,1977,1978,1979,1980,1981,1982,1983,1984,1985,1986,1987,1988,1989,1990,1991,1992,1993,1994,1995,1996,1997,1998,1999,2000,2001,2002,2003,2004,2005,2006,2007,2008
1,EAP,East Asia & Pacific,BN.GSR.FCTY.CD,Net income (BoP current US$),,,,,,,,,,,,,,,,,,,,,,,,,,,,,,,,,,,,,,,,,,,,,,,,,
2,ECA,Europe & Central Asia,BN.GSR.FCTY.CD,Net income (BoP current US$),,,,,,,,,,,,,,,,,,,,,,,,,,,,,,,,,,,,,,,,,,,,,,,,,
3,EMU,Euro area,BN.GSR.FCTY.CD,Net income (BoP current US$),,,,,,,,,,,,,,,,,,,,,,,,,,,,,,,,,,,,,,,,,,,,,,,,,
4,HIC,High income,BN.GSR.FCTY.CD,Net income (BoP current US$),,,,,,,,,,,,,,,,,,,,,,,,,,,,,,,,,,,,,,,,,,,,,,,,,
5,HPC,Heavily indebted poor countries (HIPC),BN.GSR.FCTY.CD,Net income (BoP current US$),,,,,,,,,,,,,,,,,,,,,,,,,,,,,,,,,,,,,,,,,,,,,,,,,
6,LAC,Latin America & Caribbean,BN.GSR.FCTY.CD,Net income (BoP current US$),,,,,,,,,,,,,,,,,,,,,,,,,,,,,,,,,,,,,,,,,,,,,,,,,
7,LDC,Least developed countries: UN classification,BN.GSR.FCTY.CD,Net income (BoP current US$),,,,,,,,,,,,,,,,,,,,,,,,,,,,,,,,,,,,,,,,,,,,,,,,,
8,LIC,Low income,BN.GSR.FCTY.CD,Net income (BoP current US$),,,,,,,,,,,,,,,,,,,,,,,,,,,,,,,,,,,,,,,,,,,,,,,,,
9,LMC,Lower middle income,BN.GSR.FCTY.CD,Net income (BoP current US$),,,,,,,,,,,,,,,,,,,,,,,,,,,,,,,,,,,,,,,,,,,,,,,,,
10,LMY,Low & middle income,BN.GSR.FCTY.CD,Net income (BoP current US$),,,,,,,,,,,,,,,,,,,,,,,,,,,,,,,,,,,,,,,,,,,,,,,,,
11,MIC,Middle income,BN.GSR.FCTY.CD,Net income (BoP current US$),,,,,,,,,,,,,,,,,,,,,,,,,,,,,,,,,,,,,,,,,,,,,,,,,
12,MNA,Middle East & North Africa,BN.GSR.FCTY.CD,Net income (BoP current US$),,,,,,,,,,,,,,,,,,,,,,,,,,,,,,,,,,,,,,,,,,,,,,,,,
13,NOC,High income: nonOECD,BN.GSR.FCTY.CD,Net income (BoP current US$),,,,,,,,,,,,,,,,,,,,,,,,,,,,,,,,,,,,,,,,,,,,,,,,,
14,OEC,High income: OECD,BN.GSR.FCTY.CD,Net income (BoP current US$),,,,,,,,,,,,,,,,,,,,,,,,,,,,,,,,,,,,,,,,,,,,,,,,,
15,SAS,South Asia,BN.GSR.FCTY.CD,Net income (BoP current US$),,,,,,,,,,,,,,,,,,,,,,,,,,,,,,,,,,,,,,,,,,,,,,,,,
16,SSA,Sub-Saharan Africa,BN.GSR.FCTY.CD,Net income (BoP current US$),,,,,,,,,,,,,,,,,,,,,,,,,,,,,,,,,,,,,,,,,,,,,,,,,
17,UMC,Upper middle income,BN.GSR.FCTY.CD,Net income (BoP current US$),,,,,,,,,,,,,,,,,,,,,,,,,,,,,,,,,,,,,,,,,,,,,,,,,
18,WLD,World,BN.GSR.FCTY.CD,Net income (BoP current US$),,,,,,,,,,,,,,,,,,,,,,,,,,,,,,,,,,,,,,,,,,,,,,,,,
19,AFG,Afghanistan,BN.GSR.FCTY.CD,Net income (BoP current US$),,,,,,,,,,,,,,,,,,,,"23,200,000","45,000,000","23,500,000","21,100,000","6,300,000","1,900,000","20,600,000","-10,800,000","7,900,000","11,800,000","12,200,000",,,,,,,,,,,,,,,,,,,
20,ALB,Albania,BN.GSR.FCTY.CD,Net income (BoP current US$),,,,,,,,,,,,,,,,,,,,,"3,500,000","10,500,000","13,400,000","6,600,000","3,200,000","1,400,000","100,000","400,000","200,000","-100,000","-1,900,000","-25,100,000","-35,100,000","33,900,000","13,800,000","43,600,000","71,800,000","49,600,000","77,350,000","75,300,000","106,600,000","149,000,000","127,690,000","170,404,100","175,411,600","174,058,700","263,023,200","297,332,400","149,832,800"
21,DZA,Algeria,BN.GSR.FCTY.CD,Net income (BoP current US$),,,,,,,,,,,,,,,,,,"-1,170,794,000","-1,265,791,000","-1,706,085,000","-1,868,689,000","-2,000,321,000","-1,989,246,000","-1,791,889,000","-1,678,983,000","-1,544,214,000","-1,692,995,000","-1,898,864,000","-2,498,831,000","-2,046,511,000","-2,267,930,000","-2,547,627,000",,,,,,,,,,,,,,,,,
22,ASM,American Samoa,BN.GSR.FCTY.CD,Net income (BoP current US$),,,,,,,,,,,,,,,,,,,,,,,,,,,,,,,,,,,,,,,,,,,,,,,,,
23,ADO,Andorra,BN.GSR.FCTY.CD,Net income (BoP current US$),,,,,,,,,,,,,,,,,,,,,,,,,,,,,,,,,,,,,,,,,,,,,,,,,
24,AGO,Angola,BN.GSR.FCTY.CD,Net income (BoP current US$),,,,,,,,,,,,,,,,,,,,,,,,,,"-214,000,000","-233,000,000","-294,000,000","-615,000,000","-779,000,000","-765,300,000","-1,042,100,000","-782,288,000","-816,100,000","-734,700,000","-767,257,000","-1,473,354,000","-921,000,000","-968,790,000","-1,372,030,000","-1,680,860,000","-1,560,990,000","-1,634,657,000","-1,726,484,000","-2,483,624,000","-4,030,889,000","-6,177,867,000","-7,599,027,000","-14,504,100,000"
25,ATG,Antigua and Barbuda,BN.GSR.FCTY.CD,Net income (BoP current US$),,,,,,,,,,,,,,,,,,"-200,000","-400,000","-1,800,000","-1,200,000","-2,000,000","-3,700,000","-1,000,000","-400,000","-2,700,000","-36,033,330","-39,959,260","-31,625,930","-45,481,480","-45,325,920","-32,200,000","-29,666,670","-22,937,040","-26,559,260","-26,859,260","-26,218,520","-22,155,560","-21,037,040","-23,445,190","-44,518,890","-24,788,150","-41,446,720","-38,696,280","-68,266,730","-58,814,810","-65,209,310","-64,245,870","-50,945,640"
26,ARG,Argentina,BN.GSR.FCTY.CD,Net income (BoP current US$),,,,,,,,,,,,,,,,,"-492,000,000","-741,000,000","-668,000,000","-907,000,000","-1,512,000,000","-3,684,000,000","-4,707,000,000","-5,399,000,000","-5,701,000,000","-5,294,000,000","-4,404,000,000","-4,472,000,000","-5,127,000,000","-6,422,000,000","-4,400,000,000","-4,260,000,000","-2,383,655,000","-3,068,850,000","-3,558,753,000","-4,636,072,000","-5,464,729,000","-6,145,111,000","-7,404,518,000","-7,490,377,000","-7,547,770,000","-7,726,729,000","-7,490,685,000","-7,975,688,000","-9,282,804,000","-7,304,191,000","-6,149,578,000","-5,941,281,000","-7,550,025,000"
27,ARM,Armenia,BN.GSR.FCTY.CD,Net income (BoP current US$),,,,,,,,,,,,,,,,,,,,,,,,,,,,,,,,,,"-1,300,000","-4,020,000","40,020,000","44,730,000","98,510,000","60,400,000","54,930,000","52,900,000","64,455,100","88,213,570","94,491,670","107,414,600","132,518,200","215,167,100","278,386,600","471,201,100"
28,ABW,Aruba,BN.GSR.FCTY.CD,Net income (BoP current US$),,,,,,,,,,,,,,,,,,,,,,,,,,,"-6,368,715","-12,234,640","-17,039,110","-11,284,920","-7,765,363","-7,765,363","-7,318,436","-11,229,050","-12,737,430","-8,212,291","-11,843,580","-17,206,700","391,061","-42,875,270","-26,729,850","-58,412,210","-135,445,400","-52,977,660","-76,157,590","-483,997,000","-116,395,500","-101,340,800","-105,419,000"
29,AUS,Australia,BN.GSR.FCTY.CD,Net income (BoP current US$),"-277,760,000","-280,000,000","-272,160,000","-331,520,100","-312,480,100","-347,200,100","-339,360,100","-453,600,100","-554,400,100","-586,880,100","-684,320,100","-696,212,700","-675,008,100","-975,413,400","-929,982,400","-1,244,393,000","-1,623,398,000","-1,617,903,000","-1,917,857,000","-2,448,321,000","-2,688,180,000","-2,835,657,000","-2,518,281,000","-3,166,478,000","-4,110,999,000","-4,502,697,000","-4,896,624,000","-5,834,105,000","-8,563,291,000","-10,383,300,000","-13,176,000,000","-12,170,890,000","-10,117,600,000","-8,089,537,000","-12,367,420,000","-14,036,020,000","-15,192,680,000","-13,837,930,000","-11,345,940,000","-11,614,060,000","-10,814,100,000","-9,931,955,000","-11,452,270,000","-14,968,560,000","-21,015,340,000","-27,721,420,000","-32,382,580,000","-40,546,930,000","-39,399,060,000"
30,AUT,Austria,BN.GSR.FCTY.CD,Net income (BoP current US$),,,,,,,,"-33,769,230","-56,192,310","-44,076,920","-46,153,850","-51,017,870","-83,713,730","-133,695,800","-107,342,800","-137,716,400","-215,124,900","-337,454,100","-486,057,500","-484,550,800","-527,737,200","-462,761,700","-412,114,700","-367,795,500","-349,778,400","-254,203,000","-676,268,200","-862,199,200","-918,691,600","-934,173,100","-942,350,300","-1,475,301,000","-1,415,377,000","-1,072,462,000","-1,269,927,000","-1,597,415,000","-438,644,900","-288,581,600","-2,001,338,000","-2,787,761,000","-2,259,287,000","-2,980,828,000","-1,461,288,000","-1,097,331,000","-1,209,805,000","-2,042,988,000","-3,673,646,000","-2,197,907,000","-2,867,268,000"
31,AZE,Azerbaijan,BN.GSR.FCTY.CD,Net income (BoP current US$),,,,,,,,,,,,,,,,,,,,,,,,,,,,,,,,,,,,"-6,042,000","-12,126,000","-9,485,000","-13,286,000","-44,969,000","-335,453,000","-367,185,000","-384,691,000","-442,008,000","-700,602,000","-1,645,637,000","-2,680,579,000","-5,079,395,000","-5,266,049,000"
32,BHS,Bahamas The,BN.GSR.FCTY.CD,Net income (BoP current US$),,,,,,,,,,,,,,,,,"-75,600,000","-83,600,000","-127,800,000","-133,600,000","-134,500,000","-151,900,000","-131,600,000","-138,500,000","-165,100,000","-180,600,000","-183,600,000","-183,300,000","-166,900,000","-131,600,000","-172,800,000","-179,000,000","-82,600,000","-128,400,000","-137,600,000","-135,700,000","-148,800,000","-152,600,000","-197,500,000","-126,800,000","-140,200,000","-198,900,000","-184,345,100","-152,420,000","-141,320,000","-182,064,700","-218,000,000","-231,600,000","-117,043,000"
33,BHR,Bahrain,BN.GSR.FCTY.CD,Net income (BoP current US$),,,,,,,,,,,,,,,,"-216,687,700","-242,669,900","-293,188,400","-387,143,400","-575,445,300","-208,222,700","-26,861,700","-11,436,170","11,170,210","-111,702,100","-370,212,800","-397,074,500","-396,276,600","-431,117,000","-360,372,400","221,542,600","191,223,400","32,180,850","-193,883,000","-242,553,200","-58,894,340","-25,213,770","-236,116,900","-161,987,500","-270,387,600","-223,623,600","-321,570,900","-524,944,400","-492,977,500","-574,772,300","-412,351,400","-384,913,200","-298,714,400","-923,677,300"
34,BGD,Bangladesh,BN.GSR.FCTY.CD,Net income (BoP current US$),,,,,,,,,,,,,,,,,"-23,811,740","-32,165,410","-26,977,560","-1,547,068","6,590,802","-55,494,820","-125,244,200","-81,864,750","-67,625,450","-112,028,100","-135,521,500","-125,088,300","-125,891,000","-108,212,000","-115,563,000","-96,963,990","-65,899,650","-75,655,580","-38,254,520","68,325,640","-63,680,470","-111,369,400","-114,686,500","-164,124,400","-266,455,600","-285,294,600","-265,229,600","-304,771,300","-371,341,300","-793,630,500","-840,697,500","-967,940,600","-770,854,800"
35,BRB,Barbados,BN.GSR.FCTY.CD,Net income (BoP current US$),,,,,,,,,,,"700,000","-405,089","-1,977,847","-1,684,343","-48,704","-1,337,384","5,250,000","700,000","5,550,000","1,900,000","300,000","-6,900,000","-10,050,000","-16,200,000","-17,000,000","-19,650,000","-27,600,000","-33,600,000","-35,500,000","-25,850,000","-45,650,000","-39,500,000","-19,800,000","-32,100,000","-31,500,000","-40,450,000","-45,600,000","-40,300,000","-46,600,000","-60,200,000","-71,050,000","-82,000,000","-87,988,000","-92,178,000","-103,969,200","-148,607,800","-199,921,000","-100,709,500",
36,BLR,Belarus,BN.GSR.FCTY.CD,Net income (BoP current US$),,,,,,,,,,,,,,,,,,,,,,,,,,,,,,,,,,"-7,400,000","-28,800,000","-51,000,000","-30,800,000","-84,600,000","-92,900,000","-42,000,000","-46,700,000","-48,900,000","-51,200,000","14,200,000","-900,000","-71,000,000","-120,800,000","-411,100,000","-787,900,000"
37,BEL,Belgium,BN.GSR.FCTY.CD,Net income (BoP current US$),,,,,,,,,,,,,,,,"590,689,900","760,290,800","699,813,000","794,459,500","519,586,100","60,917,940","8,515,539","-179,933,800","-107,819,200","8,429,633","-21,072,860","245,001,000","485,138,000","496,178,600","2,684,182,000","2,316,457,000","3,177,760,000","2,986,007,000","4,873,118,000","5,237,467,000","6,807,877,000","7,046,021,000","6,354,285,000","5,936,343,000","5,766,640,000","5,047,882,000","2,906,878,000","4,475,123,000","6,481,126,000","5,621,714,000","5,423,679,000","4,953,085,000","7,113,102,000","6,966,416,000"
38,BLZ,Belize,BN.GSR.FCTY.CD,Net income (BoP current US$),,,,,,,,,,,,,,,,,,,,,,,,,"-13,500,000","-10,250,000","-2,400,000","-7,450,000","-7,700,000","-9,400,000","-10,200,000","-10,800,000","-16,100,000","-17,500,000","-25,318,000","-22,251,000","-26,060,000","-23,355,000","-32,100,000","-40,140,740","-52,899,080","-67,049,500","-67,481,160","-89,477,870","-116,744,100","-114,426,200","-125,282,500","-158,952,800","-156,589,500"
39,BEN,Benin,BN.GSR.FCTY.CD,Net income (BoP current US$),,,,,,,,,,,,,,,"2,284,958","-1,264,506","33,480","-195,376","252,597","1,264,563","8,115,349","561,336","-18,961,900","-46,897,380","-48,094,010","-28,045,940","-25,988,580","-28,633,320","-32,290,270","-30,521,780","-25,497,600","-15,396,650","7,024,018","5,009,490","-2,865,970","-7,588,324","-20,953,860","-19,992,480","-13,402,790","-11,393,550","-12,267,260","-13,408,570","-25,844,050","-38,093,580","-37,000,880","-17,758,420","-30,212,850","-49,586,160",
40,BMU,Bermuda,BN.GSR.FCTY.CD,Net income (BoP current US$),,,,,,,,,,,,,,,,,,,,,,,,,,,,,,,,,,,,,,,,,,,,,,,"1,597,731,000","1,824,330,000","1,827,155,000"
41,BTN,Bhutan,BN.GSR.FCTY.CD,Net income (BoP current US$),,,,,,,,,,,,,,,,,,,,,,,,,,,,,,,,,,,,,,,,,,,,,,,,,
42,BOL,Bolivia,BN.GSR.FCTY.CD,Net income (BoP current US$),,,,,,,,,,,,,,,,,"-31,500,000","-67,100,000","-113,900,000","-182,300,000","-263,100,000","-362,200,000","-410,700,000","-361,800,000","-414,900,000","-372,900,000","-308,500,000","-277,700,000","-264,800,000","-259,100,000","-248,600,000","-247,000,000","-197,700,000","-205,900,000","-182,500,000","-206,600,000","-208,200,000","-196,500,000","-161,900,000","-196,000,000","-225,294,000","-211,346,000","-204,680,000","-302,610,300","-384,653,500","-376,410,000","-397,247,200","-489,437,600","-536,375,800"
43,BIH,Bosnia and Herzegovina,BN.GSR.FCTY.CD,Net income (BoP current US$),,,,,,,,,,,,,,,,,,,,,,,,,,,,,,,,,,,,,,,"809,078,500","728,054,700","590,357,900","532,396,600","508,041,600","533,295,200","504,484,100","469,502,200","416,759,300","541,794,300","602,977,200"
44,BWA,Botswana,BN.GSR.FCTY.CD,Net income (BoP current US$),,,,,,,,,,,,,,,,"53,954,810","7,475,002","13,896,150","-9,539,254","2,822,063","-32,937,700","56,290,000","37,293,830","-47,222,880","-97,968,740","-131,454,000","-129,154,500","-243,546,400","-326,700,300","-238,822,500","-105,887,500","62,872,340","112,384,300","293,635,200","-224,349,900","-32,429,040","-253,063,600","-144,795,700","119,570,100","-266,197,000","-351,337,500","-137,094,400","-698,160,000","-715,757,800","-992,360,700","-839,967,200","-772,189,700","-738,123,600","-256,144,300"
45,BRA,Brazil,BN.GSR.FCTY.CD,Net income (BoP current US$),,,,,,,,,,,,,,,,"-2,017,000,000","-2,587,000,000","-3,426,000,000","-4,226,000,000","-5,454,000,000","-7,018,000,000","-10,262,000,000","-13,494,000,000","-11,007,000,000","-11,466,000,000","-11,190,000,000","-11,122,000,000","-10,314,000,000","-12,080,000,000","-12,546,000,000","-11,608,000,000","-9,651,000,000","-7,997,000,000","-10,322,000,000","-9,091,000,000","-11,105,000,000","-12,177,000,000","-16,344,000,000","-19,617,000,000","-18,844,000,000","-17,885,820,000","-19,743,210,000","-18,190,550,000","-18,552,120,000","-20,520,130,000","-25,967,390,000","-27,488,970,000","-29,291,170,000","-40,561,770,000"
46,BRN,Brunei Darussalam,BN.GSR.FCTY.CD,Net income (BoP current US$),,,,,,,,,,,,,,,,,,,,,,,,,,,,,,,,,,,,,,,,,,"57,933,080","62,940,210","-57,399","8,401,232","72,939,300","65,326,840","62,371,370","63,648,120"
47,BGR,Bulgaria,BN.GSR.FCTY.CD,Net income (BoP current US$),,,,,,,,,,,,,,,,,,,,,"-412,000,000","-261,000,000","-212,000,000","-128,000,000","-60,000,000","-97,000,000","-162,000,000","-314,000,000","-429,000,000","-592,000,000","-758,000,000","-28,100,000","-95,600,000","-192,300,000","-192,500,000","-432,200,000","-396,200,000","-356,600,000","-283,903,500","-185,172,000","-323,415,100","24,922,850","343,495,800","343,837,900","303,410,000","89,631,710","-863,105,500","-1,531,166,000","-1,798,470,000"
48,BFA,Burkina Faso,BN.GSR.FCTY.CD,Net income (BoP current US$),,,,,,,,,,,,,,,"-2,226,795","-11,917,160","-9,345,032","-19,965,020","-10,595,780","-8,945,963","-3,497,736","-9,516,749","-10,191,530","-10,079,620","-7,424,077","-4,879,103","-5,460,490","-8,800,926","-8,782,997","-6,407,357","-176,299","233,954","2,561,470","-7,133,711","-29,416,180",,,,,,"-20,056,850","-24,423,000",,,,,,,
49,BDI,Burundi,BN.GSR.FCTY.CD,Net income (BoP current US$),,,,,,,,,,,,,,,,,,,,,,,,,,"-18,319,550","-20,626,940","-28,374,000","-22,935,290","-17,602,940","-14,814,130","-11,040,560","-13,562,000","-11,001,730","-11,366,940","-12,524,150","-13,925,840","-12,532,960","-8,259,898","-9,430,542","-12,083,140","-13,903,600","-11,717,340","-17,344,960","-19,193,020","-17,786,710","-8,824,969","-5,886,938","-4,304,178"
50,KHM,Cambodia,BN.GSR.FCTY.CD,Net income (BoP current US$),,,,,,,,,,,,,,,,,,,,,,,,,,,,,,,,,"-20,600,000","-16,124,000","-47,000,000","-57,200,000","-85,700,000","-42,500,000","-60,063,630","-98,598,140","-123,145,200","-137,896,300","-183,819,900","-179,339,200","-221,041,200","-294,709,400","-306,126,300","-347,604,800","-408,655,100"
51,CMR,Cameroon,BN.GSR.FCTY.CD,Net income (BoP current US$),,,,,,,,,,,,,,,,,,"-41,151,140","-74,183,760","-95,852,960","-176,212,000","-183,453,200","-194,214,200","-279,269,200","-327,446,700","-595,887,100","-317,493,900","-406,506,300","-494,010,000","-414,001,800","-557,802,600","-424,342,700","-782,117,200","-652,558,000","-316,423,800","-412,242,100","-594,753,300","-714,792,700","-399,471,300","-768,498,800","-493,085,100","-332,325,500","-376,885,700","-409,704,400","-443,474,800","-620,363,500","-331,176,700","-499,150,000","-205,232,100"
52,CAN,Canada,BN.GSR.FCTY.CD,Net income (BoP current US$),"-635,013,300","-877,635,700","-993,015,300","-1,117,514,000","-998,216,600","-1,551,904,000","-1,518,190,000","-1,836,600,000","-1,805,622,000","-1,958,793,000","-1,618,405,000","-2,570,147,000","-3,288,077,000","-3,754,599,000","-4,656,669,000","-4,865,096,000","-5,938,851,000","-6,271,711,000","-8,550,175,000","-9,375,432,000","-10,763,560,000","-14,365,440,000","-9,562,851,000","-12,586,400,000","-12,410,030,000","-12,815,580,000","-14,009,910,000","-17,150,950,000","-17,473,890,000","-20,483,150,000","-19,387,680,000","-17,397,710,000","-17,512,500,000","-20,801,190,000","-18,938,480,000","-22,721,430,000","-21,551,000,000","-20,879,840,000","-19,985,200,000","-22,619,850,000","-22,290,660,000","-25,415,840,000","-19,301,290,000","-21,244,960,000","-18,552,480,000","-18,874,940,000","-12,228,870,000","-10,209,630,000","-14,064,790,000"
53,CPV,Cape Verde,BN.GSR.FCTY.CD,Net income (BoP current US$),,,,,,,,,,,,,,,,,,"989,823","636,606","1,292,977","3,390,175","523,671","-4,472,210","-6,874,441","-4,495,869","-4,076,102","-2,691,375","-223,002","748,326","3,989,583","2,285,263","1,197,199","1,281,433","963,114","-341,552","-2,572,563","-4,400,939","-3,586,520","-5,561,564","-8,509,090","-12,642,850","-5,133,304","-11,846,590","-13,185,090","-18,486,640","-33,471,690","-40,315,700","-32,170,290","-48,045,060"
54,CYM,Cayman Islands,BN.GSR.FCTY.CD,Net income (BoP current US$),,,,,,,,,,,,,,,,,,,,,,,,,,,,,,,,,,,,,,,,,,,,,,,,,
55,CAF,Central African Republic,BN.GSR.FCTY.CD,Net income (BoP current US$),,,,,,,,,,,,,,,,,,"-606,481","1,156,629","-5,420,229","2,565,322","3,301,282","-7,262,972","-10,688,440","-9,663,654","-7,374,926","-12,326,030","-19,161,190","-21,165,270","-20,755,050","-21,598,460","-13,466,530","-15,739,060","-18,745,410","-22,694,330",,,,,,,,,,,,,,
56,TCD,Chad,BN.GSR.FCTY.CD,Net income (BoP current US$),,,,,,,,,,,,,,,,,,"-2,295,672","-3,656,010","-8,560,483","-3,682,325","-1,068,359","960,053","1,041,814","-4,960,085","-2,250,353","-8,827,384","-10,172,020","-13,321,620","-9,444,603","-20,751,860","-2,328,904","2,637,029","-11,428,060","-7,337,834",,,,,,,,,,,,,,
57,CHI,Channel Islands,BN.GSR.FCTY.CD,Net income (BoP current US$),,,,,,,,,,,,,,,,,,,,,,,,,,,,,,,,,,,,,,,,,,,,,,,,,
58,CHL,Chile,BN.GSR.FCTY.CD,Net income (BoP current US$),,,,,,,,,,,,,,,,"-285,000,000","-325,000,000","-365,000,000","-489,000,000","-676,000,000","-1,000,000,000","-1,556,000,000","-2,002,000,000","-1,761,000,000","-2,037,000,000","-2,055,200,000","-1,903,900,000","-1,728,000,000","-1,931,300,000","-1,939,600,000","-1,737,400,000","-1,927,900,000","-1,880,700,000","-1,656,400,000","-2,499,300,000","-2,713,500,000","-2,517,627,000","-2,617,111,000","-1,888,753,000","-2,233,135,000","-2,855,581,000","-2,526,214,000","-2,846,704,000","-4,488,675,000","-7,836,689,000","-10,487,110,000","-18,401,030,000","-18,594,560,000","-14,563,030,000"
59,CHN,China,BN.GSR.FCTY.CD,Net income (BoP current US$),,,,,,,,,,,,,,,,,,,,,,,"451,000,000","1,254,000,000","1,620,000,000","932,000,000","176,000,000","-215,000,000","-161,000,000","229,000,000","1,055,000,000","840,000,000","248,000,000","-1,284,000,000","-1,038,000,000","-11,773,840,000","-12,437,000,000","-11,005,000,000","-16,644,000,000","-14,470,000,000","-14,666,460,000","-19,175,000,000","-14,945,530,000","-7,838,361,000","-3,522,669,000","10,635,140,000","15,156,470,000","25,688,490,000","31,437,960,000"
60,COL,Colombia,BN.GSR.FCTY.CD,Net income (BoP current US$),,,,,,,,,"-100,000,000","-132,000,000","-173,000,000","-175,363,600","-197,628,000","-210,789,400","-185,603,300","-322,070,800","-356,472,300","-317,618,900","-340,644,000","-291,220,000","-245,239,500","-484,228,600","-968,408,500","-1,215,000,000","-1,575,000,000","-1,675,000,000","-1,748,000,000","-1,990,000,000","-1,745,000,000","-2,299,000,000","-2,305,000,000","-2,089,200,000","-2,021,800,000","-1,782,400,000","-1,458,218,000","-1,596,201,000","-2,062,427,000","-2,325,755,000","-1,696,707,000","-1,355,223,000","-2,276,860,000","-2,609,020,000","-2,866,520,000","-3,397,910,000","-4,296,540,000","-5,456,520,000","-5,929,160,000","-7,846,590,000","-10,062,740,000"
61,COM,Comoros,BN.GSR.FCTY.CD,Net income (BoP current US$),,,,,,,,,,,,,,,,,,,,,"591,638","246,569","553,859","-459,242","-572,144","-1,393,405","-1,631,519","-1,121,337","-2,182,338","1,357,343","-855,792","-932,279","3,951,799","2,027,121","-67,243","1,009,731",,,,,,,,,,,,,
62,ZAR,Congo Dem. Rep.,BN.GSR.FCTY.CD,Net income (BoP current US$),,,,,,,,,,,,,,,,,,,,,,,,,,,,,,,,,,,,,,,,,,,,,,,,,
63,COG,Congo Rep.,BN.GSR.FCTY.CD,Net income (BoP current US$),,,,,,,,,,,,,,,,,,,"-54,609,700","-93,032,380","-161,610,500","-112,173,000","-138,383,400","-173,859,600","-126,930,200","-228,026,800","-226,111,400","-255,667,400","-305,870,600","-361,119,100","-460,213,800","-382,833,600","-367,219,500","-373,636,900","-289,082,600","-695,127,900","-905,451,600","-521,752,600","-307,130,200","-540,208,600","-805,363,900","-678,812,900","-860,272,800","-586,028,600","-948,541,400","-1,577,915,000","-1,752,567,000","-1,884,754,000",
64,CRI,Costa Rica,BN.GSR.FCTY.CD,Net income (BoP current US$),,,,,,,,,,,,,,,,,,"-75,000,000","-107,500,000","-143,300,000","-212,100,000","-302,002,500","-368,600,000","-328,900,000","-307,803,900","-275,810,000","-270,900,000","-289,930,000","-342,600,000","-369,600,000","-232,700,000","-173,900,000","-202,600,000","-225,400,000","-128,400,000","-225,500,000","-184,240,000","-248,960,000","-468,510,000","-1,821,627,000","-1,252,435,000","-679,348,000","-439,793,400","-775,878,600","-444,303,500","-208,522,100","4,275,775","-864,723,400","-388,963,700"
65,CIV,Cote d'Ivoire,BN.GSR.FCTY.CD,Net income (BoP current US$),,,,,,,,,,,,,,,,"-139,515,600","-156,936,300","-192,934,100","-307,104,800","-447,533,200","-552,822,100","-508,222,400","-499,381,900","-501,750,300","-493,412,800","-665,979,600","-646,826,900","-879,427,100","-920,938,900","-940,100,900","-1,091,217,000","-1,111,635,000","-1,080,880,000","-790,005,500","-683,711,800","-786,539,600","-768,836,200","-668,015,200","-707,032,400","-756,665,000","-652,896,800","-585,805,500","-629,726,600","-659,461,100","-651,680,700","-653,207,200","-710,271,600","-809,421,800","-893,620,700"
66,HRV,Croatia,BN.GSR.FCTY.CD,Net income (BoP current US$),,,,,,,,,,,,,,,,,,,,,,,,,,,,,,,,,,"-153,206,700","-178,493,300","-52,794,120","-103,304,600","-44,202,760","-188,320,000","-500,149,700","-465,914,900","-554,239,600","-537,972,700","-1,251,869,000","-822,304,300","-1,209,495,000","-1,468,472,000","-1,506,754,000","-2,406,360,000"
67,CUB,Cuba,BN.GSR.FCTY.CD,Net income (BoP current US$),,,,,,,,,,,,,,,,,,,,,,,,,,,,,,,,,,,,,,,,,,,,,,,,,
68,CYP,Cyprus,BN.GSR.FCTY.CD,Net income (BoP current US$),,,,,,,,,,,,,,,,,"5,359,374","20,827,130","25,701,950","23,981,230","34,272,600","27,762,570","25,873,720","-379,766","4,418,869","8,325,820","-59,829,030","-63,188,980","-72,863,050","-53,171,600","-57,850,170","-55,552,150","-78,078,330","-66,545,350","-89,599,360","-235,400,600","-226,029,300","-286,824,000","574,814,000","-351,465,700","-542,360,900","-524,375,200","-401,025,700","-389,039,000","-537,193,900","-611,811,200","-764,502,400","-382,708,600","-2,359,327,000"
69,CZE,Czech Republic,BN.GSR.FCTY.CD,Net income (BoP current US$),,,,,,,,,,,,,,,,,,,,,,,,,,,,,,,,,,"-116,904,000","-21,029,740","-103,731,200","-722,312,900","-791,463,700","-1,093,801,000","-1,349,805,000","-1,370,709,000","-2,188,864,000","-3,580,205,000","-4,284,590,000","-6,092,080,000","-5,973,448,000","-7,486,191,000","-12,746,570,000","-17,275,630,000"
70,DNK,Denmark,BN.GSR.FCTY.CD,Net income (BoP current US$),,,,,,,,,,,,,,,,"-325,562,700","-360,518,000","-548,105,900","-886,553,400","-1,295,000,000","-1,704,492,000","-1,976,601,000","-2,151,853,000","-2,075,351,000","-2,339,859,000","-2,560,898,000","-3,468,739,000","-4,122,987,000","-4,198,887,000","-4,331,370,000","-5,707,555,000","-5,743,689,000","-5,325,920,000","-4,389,101,000","-4,641,659,000","-4,548,878,000","-4,608,738,000","-3,429,047,000","-3,846,188,000","-2,455,839,000","-4,023,471,000","-3,011,240,000","-3,540,192,000","-2,616,311,000","-2,329,630,000","1,597,816,000","2,853,615,000","1,738,371,000","3,892,455,000"
71,DJI,Djibouti,BN.GSR.FCTY.CD,Net income (BoP current US$),,,,,,,,,,,,,,,,,,,,,,,,,,,,,,,,"20,492,790","19,986,380","23,019,230","16,638,440","17,308,030","15,738,150","12,187,640","10,589,630","12,384,580","15,788,790","12,418,340","15,293,630","20,914,800","22,529,700","20,791,020","23,041,730","23,885,750","32,709,530"
72,DMA,Dominica,BN.GSR.FCTY.CD,Net income (BoP current US$),,,,,,,,,,,,,,,,,"202,702",,"-200,000","-100,000","300,000","500,000","200,000","-444,444","-1,900,000","-1,900,000","-2,411,111","-2,344,445","-1,562,963","-3,988,889","-4,892,593","-7,662,963","-7,277,778","-6,374,074","-11,018,520","-13,300,000","-18,807,410","-16,911,110","-15,225,930","-25,544,440","-39,318,520","-25,107,040","-27,930,390","-27,016,180","-33,334,480","-28,979,510","-15,004,320","-16,061,100","-17,693,140"
73,DOM,Dominican Republic,BN.GSR.FCTY.CD,Net income (BoP current US$),,,,,,,,,"-19,000,000","-23,400,000","-25,900,000","-28,800,000","-46,900,000","-76,900,000","-89,800,000","-112,800,000","-109,200,000","-98,400,000","-135,700,000","-187,700,000","-277,000,000","-276,600,000","-254,800,000","-297,100,000","-241,400,000","-226,300,000","-249,700,000","-306,100,000","-270,600,000","-248,700,000","-248,700,000","-192,700,000","-321,400,000","-697,000,000","-681,900,000","-769,000,000","-724,800,000","-795,400,000","-890,100,000","-974,900,000","-1,041,300,000","-1,091,700,000","-1,151,800,000","-1,393,130,000","-1,824,620,000","-1,902,210,000","-1,853,000,000","-2,081,000,000","-1,814,800,000"
74,ECU,Ecuador,BN.GSR.FCTY.CD,Net income (BoP current US$),,,,,,,,,,,,,,,,,"-139,800,000","-196,300,000","-268,800,000","-404,600,000","-613,090,000","-761,300,000","-1,000,000,000","-890,000,000","-1,103,000,000","-1,059,000,000","-1,042,000,000","-1,059,000,000","-1,233,000,000","-1,364,000,000","-1,210,000,000","-1,117,000,000","-944,000,000","-864,190,000","-937,970,000","-930,190,000","-1,040,480,000","-1,025,640,000","-1,170,550,000","-1,307,810,000","-1,405,458,000","-1,364,366,000","-1,305,537,000","-1,527,876,000","-1,902,849,000","-1,942,270,000","-1,949,166,000","-2,046,963,000","-1,598,303,000"
75,EGY,Egypt Arab Rep.,BN.GSR.FCTY.CD,Net income (BoP current US$),,,,,,,,,,,,,,,,,,"-276,510,700","-325,577,200","-247,857,100","-318,857,200","-496,714,300","-690,000,000","-643,000,000","-569,142,800","-792,285,700","-720,142,800","-480,142,800","-201,142,900","-679,818,200","-1,022,000,000","-1,283,000,000","-1,882,000,000","-857,000,000","-784,000,000","-405,000,000","345,000,000","936,300,000","955,000,000","742,900,000","888,000,000","583,300,000","-267,000,000","-253,300,000","-245,900,000","-34,800,000","738,300,000","1,388,200,000","1,289,100,000"
76,SLV,El Salvador,BN.GSR.FCTY.CD,Net income (BoP current US$),,,,,,,,,,,,,,,,,"-13,960,000","-25,560,000","-51,840,000","-39,960,000","-62,040,000","-71,840,000","-91,520,000","-114,560,000","-96,160,000","-89,440,000","-102,078,500","-91,980,000","-105,460,000","-101,300,000","-131,681,700","-120,810,800","-97,239,110","-111,577,000","-94,629,820","-66,707,920","-90,348,380","-163,197,700","-162,992,600","-282,200,000","-253,100,000","-265,700,000","-323,400,000","-423,040,000","-457,930,000","-578,800,000","-530,940,000","-576,000,000","-535,970,000"
77,GNQ,Equatorial Guinea,BN.GSR.FCTY.CD,Net income (BoP current US$),,,,,,,,,,,,,,,,,,,,,,,,,,,,"-6,505,032","-7,930,214","-8,551,502","-10,247,380","-9,202,185","-3,604,192","-9,295,014","-8,751,727","-24,932,460","-45,019,820",,,,,,,,,,,,
78,ERI,Eritrea,BN.GSR.FCTY.CD,Net income (BoP current US$),,,,,,,,,,,,,,,,,,,,,,,,,,,,,,,,,,,"3,600,000","7,799,582","-7,300,368","-3,599,818","4,306,331","6,329,058","-1,403,232",,,,,,,,
79,EST,Estonia,BN.GSR.FCTY.CD,Net income (BoP current US$),,,,,,,,,,,,,,,,,,,,,,,,,,,,,,,,,"-13,164,430","-13,940,430","-29,607,160","2,794,715","1,868,916","-145,698,600","-80,985,560","-101,695,100","-202,733,500","-280,675,900","-325,168,600","-536,010,600","-638,075,200","-569,558,900","-865,198,500","-1,450,746,000","-1,511,619,000"
80,ETH,Ethiopia,BN.GSR.FCTY.CD,Net income (BoP current US$),,,,,,,,,,,,,,,,,,"144,928","5,507,247","7,971,015","14,589,370","11,449,280","13,961,350","2,656,616","-13,719,810","-15,120,770","-27,101,450","-36,811,600","-55,603,860","-72,367,150","-68,550,730","-82,270,530","-81,828,600","-52,460,000","-31,645,860","-18,786,580","-33,938,380","-41,297,250","-43,239,920","-33,787,190","-35,835,630","-32,014,300","-22,556,860","-24,185,160","-28,615,610","-4,632,389","17,942,750","39,539,140","1,634,244"
81,FRO,Faeroe Islands,BN.GSR.FCTY.CD,Net income (BoP current US$),,,,,,,,,,,,,,,,,,,,,,,,,,,,,,,,,,,,,,,"28,450,000","34,870,000","34,270,000","14,640,000","18,660,000","30,020,000",,,,,
82,FJI,Fiji,BN.GSR.FCTY.CD,Net income (BoP current US$),,,,,,,,,,,,,,,,,,,,"-13,425,180","-17,164,560","-10,788,340","-36,237,920","-28,003,370","-28,099,110","-10,749,390","-8,209,269","-9,727,796","-15,381,840","-24,471,910","-26,132,610","-20,534,610","-27,478,540","-28,279,090","-56,552,550","-39,251,010","-27,934,160","-37,473,810","-56,069,590","-35,539,760","19,781,180","-16,715,350","4,599,926","-11,384,600","-10,550,600","-45,744,120","-120,643,300","-84,904,620","-26,601,630"
83,FIN,Finland,BN.GSR.FCTY.CD,Net income (BoP current US$),,,,,,,,,,,,,,,,"-370,431,100","-433,631,500","-561,774,800","-598,542,600","-643,327,600","-783,343,400","-1,032,954,000","-1,194,566,000","-1,150,015,000","-1,095,045,000","-1,014,334,000","-1,286,506,000","-1,577,732,000","-1,722,045,000","-2,679,291,000","-3,734,559,000","-4,681,516,000","-5,410,887,000","-4,931,505,000","-4,314,172,000","-4,439,527,000","-3,635,264,000","-2,463,688,000","-3,083,479,000","-2,048,266,000","-1,723,606,000","-1,005,469,000","-602,996,500","-2,631,564,000","244,649,000","-347,630,700","808,449,400","-644,867,600","-1,092,599,000"
84,FRA,France,BN.GSR.FCTY.CD,Net income (BoP current US$),,,,,,,,,,,,,,,,"143,859,000","235,409,400","635,869,200","1,260,307,000","2,224,276,000","2,679,540,000","1,605,936,000","184,030,800","-1,521,598,000","-2,386,921,000","-2,260,150,000","-1,684,082,000","-1,641,856,000","-953,295,700","-279,391,700","-3,896,454,000","-5,732,180,000","-8,614,630,000","-9,166,420,000","-6,754,740,000","-8,963,955,000","-2,705,129,000","7,092,852,000","8,660,167,000","22,795,090,000","19,452,970,000","19,569,780,000","9,367,865,000","14,867,960,000","22,641,710,000","29,388,210,000","37,356,380,000","40,300,550,000","36,057,240,000"
85,PYF,French Polynesia,BN.GSR.FCTY.CD,Net income (BoP current US$),,,,,,,,,,,,,,,,,,,,,,,,,,,,,,,,,,,,,,,,,,,"404,058,200","464,835,800","559,894,700","521,416,300","593,015,900","622,677,600","692,215,400"
86,GAB,Gabon,BN.GSR.FCTY.CD,Net income (BoP current US$),,,,,,,,,,,,,,,,,,,"-226,761,200","-361,505,300","-425,644,600","-329,958,100","-313,353,800","-256,569,700","-224,095,500","-243,599,000","-246,573,900","-242,732,500","-277,557,500","-328,768,900","-616,642,400","-614,660,600","-821,710,400","-626,142,100","-498,014,500","-665,415,300","-763,044,000","-716,491,300","-515,106,500","-568,914,200","-778,739,500","-629,163,400","-478,755,600","-521,591,300","-964,794,000","-957,591,500",,,
87,GMB,Gambia The,BN.GSR.FCTY.CD,Net income (BoP current US$),,,,,,,,,,,,,,,,,,,"-2,746,796","-2,496,589","-2,202,761","-2,719,851","-10,450,410","-17,442,230","-5,177.60","-47,511","-862,624","-16,786,630","-11,796,720","-13,803,300","-11,442,170","-7,518,198","-2,462,794","712,070","-273,869","-5,210,484","-3,273,052","-7,576,019",,,,,,"-27,230,510","-27,785,200","-31,289,290","-37,796,540","-34,612,660","-27,103,750"
88,GEO,Georgia,BN.GSR.FCTY.CD,Net income (BoP current US$),,,,,,,,,,,,,,,,,,,,,,,,,,,,,,,,,,,,,,"127,400,000","190,700,000","146,900,000","117,500,000","32,300,000","11,596,470","13,472,140","78,480,340","62,098,940","162,833,200","36,966,060","-165,749,900"
89,DEU,Germany,BN.GSR.FCTY.CD,Net income (BoP current US$),,,,,,,,,,,,"-359,880,700","-374,480,500","-345,133,200","-671,798,500","32,164,820","349,074,900","-1,144,263,000","1,409,954,000","450,379,700","1,730,899,000","782,012,600","1,013,449,000","3,026,165,000","4,953,881,000","5,236,627,000","5,262,761,000","5,536,410,000","12,592,210,000","16,038,910,000","22,574,180,000","17,909,510,000","18,255,930,000","11,567,090,000","1,409,989,000","-2,813,659,000","738,569,700","-2,714,101,000","-10,630,560,000","-12,152,790,000","-7,662,439,000","-9,747,783,000","-17,021,120,000","-16,986,160,000","25,600,480,000","30,841,890,000","58,022,870,000","69,899,430,000","64,512,850,000"
90,GHA,Ghana,BN.GSR.FCTY.CD,Net income (BoP current US$),,,,,,,,,,,,,,,,"-36,339,230","-41,782,720","-34,878,310","-27,398,420","-55,481,920","-82,500,000","-83,981,810","-85,270,910","-89,364,700","-114,800,000","-110,300,000","-104,700,000","-126,400,000","-130,900,000","-117,800,000","-111,400,000","-119,400,000","-106,200,000","-111,300,000","-110,900,000","-129,200,000","-139,900,000","-5,900,000","-136,300,000","-131,800,000","-107,600,000","-107,800,000","-174,300,000","-180,960,000","-197,850,000","-187,100,000","-127,360,000","-138,610,000","-258,580,000"
91,GRC,Greece,BN.GSR.FCTY.CD,Net income (BoP current US$),,,,,,,,,,,,,,,,,"-131,000,000","-157,000,000","-163,000,000","-173,000,000","-273,000,000","-541,000,000","-590,000,000","-821,000,000","-957,000,000","-1,128,000,000","-1,307,000,000","-1,429,000,000","-1,510,000,000","-1,630,000,000","-1,709,000,000","-1,764,000,000","-2,050,000,000","-1,440,000,000","-1,248,000,000","-1,684,000,000","-2,181,000,000","-1,632,000,000",,"-671,600,000","-884,900,000","-1,767,000,000","-1,956,320,000","-4,502,521,000","-5,424,585,000","-7,029,962,000","-8,957,894,000","-12,469,080,000","-16,015,310,000"
92,GRL,Greenland,BN.GSR.FCTY.CD,Net income (BoP current US$),,,,,,,,,,,,,,,,,,,,,,,,,,,,,,,,,,,,,,,,,,,,,,,,,
93,GRD,Grenada,BN.GSR.FCTY.CD,Net income (BoP current US$),,,,,,,,,,,,,,,,,,"100,000","-100,000","200,000","-2,100,000","-5,000,000","-5,000,000","-4,400,000","-1,500,000","-1,707,407","-5,551,852","-6,640,741","-6,274,074","-9,533,333","-11,874,070","-6,885,185","-5,337,037","-8,474,074","-8,814,815","-13,444,440","-15,400,000","-16,944,440","-23,244,440","-26,300,000","-33,748,150","-41,444,440","-47,596,630","-50,492,590","-65,193,380","-28,282,140","-28,884,840","-34,454,160","-36,283,120"
94,GUM,Guam,BN.GSR.FCTY.CD,Net income (BoP current US$),,,,,,,,,,,,,,,,,,,,,,,,,,,,,,,,,,,,,,,,,,,,,,,,,
95,GTM,Guatemala,BN.GSR.FCTY.CD,Net income (BoP current US$),,,,,,,,,,,,,,,,,,"-26,300,000","-17,500,000","2,700,000","-44,100,000","-85,700,000","-113,600,000","-112,700,000","-206,600,000","-170,100,000","-214,400,000","-179,300,000","-176,300,000","-179,400,000","-195,700,000","-102,800,000","-141,000,000","-118,400,000","-130,000,000","-159,100,000","-229,900,000","-238,700,000","-183,700,000","-204,500,000","-209,600,000","-84,430,690","-318,376,100","-317,865,200","-410,000,000","-484,700,000","-680,000,000","-842,800,000","-929,500,000"
96,GIN,Guinea,BN.GSR.FCTY.CD,Net income (BoP current US$),,,,,,,,,,,,,,,,,,,,,,,,,,,"-151,700,000","-124,150,000","-131,170,000","-169,850,000","-148,890,000","-165,870,000","-140,950,000","-83,310,000","-73,230,000","-84,630,000","-92,912,000","-113,570,000","-124,590,000","-82,178,800","-77,655,020","-102,334,900","-45,482,140","-111,737,600","-27,310,000",,,"-35,430,000","-91,200,000"
97,GNB,Guinea-Bissau,BN.GSR.FCTY.CD,Net income (BoP current US$),,,,,,,,,,,,,,,,,,,,,,,"-7,800,000","-4,800,000","-4,700,000","-5,900,000","-16,500,000","-17,900,000","-19,900,000","-28,050,000","-22,280,000","-32,910,000","-27,780,000","-28,980,000","-26,270,000","-21,090,000","-18,650,000","-14,300,000",,,,"-12,010,280","-8,757,681","-8,831,723","-9,634,954",,,,
98,GUY,Guyana,BN.GSR.FCTY.CD,Net income (BoP current US$),,,,,,,,,,,,,,,,,,"-21,647,060","-23,294,120","-34,392,160","-42,588,240","-54,542,220","-48,944,020","-57,487,660","-44,687,060","-40,318,460",,,,,,,"-96,590,000","-101,780,000","-106,110,000","-117,690,000","-82,500,000","-86,100,000","-59,700,000","-61,000,000","-58,100,000","-58,900,000","-55,000,000","-55,200,000","-39,400,000","-39,040,000","-69,005,000","-11,163,000","-14,792,000"
99,HTI,Haiti,BN.GSR.FCTY.CD,Net income (BoP current US$),,,,,,,,,,,,"-4,000,000","-5,399,980","-6,320,000","-7,819,994","-7,140,000","-7,120,000","-12,040,000","-14,680,000","-13,400,000","-14,300,000","-13,060,000","-14,020,000","-14,199,990","-18,060,000","-19,799,640","-15,336,980","-20,900,620","-27,124,940","-25,578,170","-18,200,000","-18,000,000","-11,900,000","-10,600,000","-11,200,000","-30,640,000","-9,930,000","-13,600,000","-11,050,000","-12,610,000","-9,190,000","-9,470,000","-13,670,000","-14,280,000","-12,340,000","-35,040,000","6,630,000","9,290,000","5,680,000"
100,HND,Honduras,BN.GSR.FCTY.CD,Net income (BoP current US$),,,,,,,,,,,,,,,"-12,550,000","-28,050,000","-57,100,000","-67,950,000","-84,300,000","-118,900,000","-151,900,000","-151,500,000","-200,250,400","-150,100,000","-175,850,000","-188,149,200","-209,099,300","-232,740,700","-231,321,900","-237,566,500","-236,800,000","-246,100,000","-282,000,000","-198,700,000","-214,100,000","-225,900,000","-230,800,000","-211,800,000","-204,100,000","-155,200,000","-214,936,100","-257,772,200","-301,166,400","-361,849,900","-451,202,500","-473,624,000","-536,759,600","-399,860,100","-350,395,100"
101,HKG,Hong Kong SAR China,BN.GSR.FCTY.CD,Net income (BoP current US$),,,,,,,,,,,,,,,,,,,,,,,,,,,,,,,,,,,,,,,"3,175,719,000","3,191,872,000","1,124,606,000","3,660,163,000","724,339,600","3,655,799,000","3,005,580,000","201,331,600","3,519,789,000","5,692,639,000","10,456,660,000"
102,HUN,Hungary,BN.GSR.FCTY.CD,Net income (BoP current US$),,,,,,,,,,,,,,,,,,,,,,,"-1,113,005,000","-774,996,700","-850,002,600","-866,989,600","-991,007,400","-1,027,005,000","-1,091,996,000","-1,393,992,000","-1,427,155,000","-1,356,283,000","-1,259,666,000","-1,190,261,000","-1,406,118,000","-1,700,793,000","-1,976,860,000","-2,699,435,000","-2,952,578,000","-2,891,284,000","-2,574,761,000","-2,849,881,000","-3,633,806,000","-4,170,324,000","-5,365,692,000","-6,245,895,000","-7,086,237,000","-10,412,870,000","-11,189,730,000"
103,ISL,Iceland,BN.GSR.FCTY.CD,Net income (BoP current US$),,,,,,,,,,,,,,,,,"-52,500,000","-58,500,000","-71,800,000","-83,100,000","-111,800,000","-136,300,000","-138,100,000","-137,100,000","-154,900,000","-146,400,000","-163,200,000","-170,100,000","-202,300,000","-237,200,000","-213,211,300","-181,116,000","-157,924,000","-150,648,900","-189,442,100","-198,438,500","-170,358,800","-171,650,500","-177,795,000","-174,646,500","-242,858,000","-263,640,000","-13,198,670","-183,034,700","-565,008,500","-622,050,800","-1,319,415,000","-1,959,839,000","-6,299,858,000"
104,IND,India,BN.GSR.FCTY.CD,Net income (BoP current US$),,,,,,,,,,,,,,,,"-257,640,400","-159,678,800","-149,175,600","-102,199,500","263,619,200","534,720,900","458,835,300","-82,217,500","-501,869,000","-678,949,500","-818,214,300","-1,063,485,000","-1,155,748,000","-1,783,546,000","-2,051,542,000","-3,257,026,000","-4,003,232,000","-3,911,768,000","-3,745,916,000","-3,549,242,000","-3,733,620,000","-3,255,604,000","-3,518,007,000","-3,636,497,000","-3,709,783,000","-4,892,213,000","-4,141,838,000","-3,909,107,000","-4,894,897,000","-4,052,167,000","-6,649,958,000","-6,245,326,000","-6,138,095,000","-3,538,749,000"
105,IDN,Indonesia,BN.GSR.FCTY.CD,Net income (BoP current US$),,,,,,,,,,,,,,,,,,,,,,"-3,073,000,000","-2,993,000,000","-3,650,000,000","-4,061,000,000","-3,542,000,000","-3,216,000,000","-3,654,000,000","-4,092,000,000","-4,547,000,000","-5,190,000,000","-5,581,000,000","-5,664,000,000","-4,987,000,000","-4,693,000,000","-5,874,000,000","-6,008,000,000","-6,332,000,000","-8,189,000,000","-8,996,659,000","-8,443,384,000","-6,935,500,000","-7,047,766,000","-6,217,456,000","-10,917,220,000","-12,926,630,000","-13,789,570,000","-15,524,630,000","-15,155,390,000"
106,IRN,Iran Islamic Rep.,BN.GSR.FCTY.CD,Net income (BoP current US$),,,,,,,,,,,,,,,,,"-60,000,000","85,000,000","320,000,000","443,000,000","606,000,000","620,000,000","385,000,000","611,000,000","451,000,000","293,000,000","299,000,000","140,000,000","141,000,000","248,000,000","378,000,000","128,000,000","130,000,000","8,000,000","-271,000,000","-478,000,000","-410,000,000","-259,000,000","-501,000,000","-292,000,000","-200,000,000",,,,,,,,
107,IRQ,Iraq,BN.GSR.FCTY.CD,Net income (BoP current US$),,,,,,,,,,,,,,,,,,,,,,,,,,,,,,,,,,,,,,,,,,,,,,"-4,527,200,000","-3,545,500,000","-3,066,970,000",
108,IRL,Ireland,BN.GSR.FCTY.CD,Net income (BoP current US$),,,,,,,,,,,,,,,"-10,520,010","-47,783,260","-124,885,500","-265,144,600","-542,085,400","-723,094,000","-901,889,000","-958,245,800","-1,449,939,000","-1,595,034,000","-1,805,130,000","-2,121,893,000","-2,660,367,000","-3,066,815,000","-3,871,389,000","-4,279,755,000","-4,955,279,000","-4,599,645,000","-5,544,652,000","-5,336,269,000","-5,406,191,000","-7,324,841,000","-8,195,666,000","-9,706,229,000","-13,369,260,000","-13,748,880,000","-13,546,630,000","-16,351,290,000","-22,315,180,000","-24,784,280,000","-27,931,310,000","-31,013,600,000","-31,684,890,000","-38,093,510,000","-39,429,800,000"
109,IMY,Isle of Man,BN.GSR.FCTY.CD,Net income (BoP current US$),,,,,,,,,,,,,,,,,,,,,,,,,,,,,,,,,,,,,,,,,,,,,,,,,
110,ISR,Israel,BN.GSR.FCTY.CD,Net income (BoP current US$),"-41,000,000","-47,000,000",,,,"-55,000,000","-63,000,000","-71,000,000","-67,000,000","-78,000,000","-125,000,000","-80,000,000","-112,000,000","-118,000,000","-210,000,000","-369,000,000","-385,000,000","-365,000,000","-486,000,000","-453,000,000","-757,000,000","-517,900,000","-1,269,200,000","-1,513,900,000","-2,020,600,000","-2,119,200,000","-2,164,000,000","-2,254,500,000","-2,293,600,000","-2,033,200,000","-1,981,100,000","-1,643,600,000","-2,051,300,000","-2,049,300,000","-2,550,700,000","-2,654,000,000","-3,392,300,000","-3,967,300,000","-4,064,800,000","-5,177,200,000","-8,323,200,000","-5,542,100,000","-4,584,400,000","-4,867,300,000","-4,184,300,000","-1,411,100,000","-785,300,000","-496,500,000","-3,298,300,000"
111,ITA,Italy,BN.GSR.FCTY.CD,Net income (BoP current US$),,,,,,,,,,,"548,800,000","609,456,300","645,026,200","401,220,500","-303,403,900","-495,125,300","-513,176,200","-85,957,640","357,771,300","1,302,816,000","1,278,371,000","-1,628,234,000","-2,453,711,000","-2,509,927,000","-2,547,263,000","-2,732,227,000","-4,239,485,000","-4,915,738,000","-5,510,785,000","-7,320,908,000","-14,711,940,000","-17,546,560,000","-21,886,910,000","-17,217,950,000","-16,689,360,000","-15,643,890,000","-14,959,410,000","-11,202,110,000","-12,317,660,000","-11,050,350,000","-12,009,580,000","-10,336,510,000","-14,550,160,000","-20,223,160,000","-18,338,480,000","-17,108,140,000","-17,076,500,000","-26,798,970,000","-43,547,580,000"
112,JAM,Jamaica,BN.GSR.FCTY.CD,Net income (BoP current US$),,,,,,,,,,,,,,,,,"-73,200,000","-93,500,000","-142,500,000","-167,000,000","-212,000,000","-162,200,000","-175,200,000","-154,885,900","-266,337,200","-281,770,600","-280,676,000","-343,259,500","-335,200,000","-350,099,900","-430,000,600","-438,800,000","-293,900,000","-195,900,000","-352,000,000","-370,700,000","-224,700,000","-291,900,000","-308,100,000","-332,500,000","-349,900,000","-437,800,000","-605,300,000","-571,400,000","-582,543,000","-676,230,000","-615,636,400","-661,594,800","-568,261,600"
113,JPN,Japan,BN.GSR.FCTY.CD,Net income (BoP current US$),,,,,,,,,,,,,,,,,,"60,000,000","870,000,000","1,980,000,000","770,000,000","-810,000,000","1,600,000,000","2,940,000,000","4,150,000,000","6,740,909,000","9,326,779,000","16,337,710,000","20,621,770,000","22,964,830,000","22,492,160,000","25,954,240,000","35,605,000,000","40,408,690,000","40,232,380,000","44,285,490,000","53,489,810,000","58,198,220,000","54,622,900,000","57,577,870,000","60,400,550,000","69,221,060,000","65,768,700,000","71,240,180,000","85,703,220,000","103,444,200,000","118,155,500,000","138,501,700,000","152,336,000,000"
114,JOR,Jordan,BN.GSR.FCTY.CD,Net income (BoP current US$),,,,,,,,,,,,,"9,519,989","15,217,420","20,801,530","25,641,690","25,001,260","22,191,080","26,796,900","39,122,620","47,230,000","87,343,760","92,755,420","45,074,690","-60,622,210","-88,556,100","-140,293,100","-220,239,500","-314,107,800","-196,648,600","-214,478,500","-333,397,200","-347,558,200","-310,450,600","-314,746,000","-278,789,300","-300,987,300","-208,744,700","-138,081,800","-12,129,760","132,710,900","191,537,800","119,407,700","176,163,600","323,695,400","408,462,600","580,535,900","807,066,600","951,275,600"
115,KAZ,Kazakhstan,BN.GSR.FCTY.CD,Net income (BoP current US$),,,,,,,,,,,,,,,,,,,,,,,,,,,,,,,,,,,,"-145,500,000","-220,400,000","-315,000,000","-296,300,000","-499,700,000","-1,254,054,000","-1,236,961,000","-1,127,367,000","-1,746,557,000","-2,863,106,000","-5,696,920,000","-9,491,439,000","-13,085,990,000","-19,322,540,000"
116,KEN,Kenya,BN.GSR.FCTY.CD,Net income (BoP current US$),,,,,,,,,,,,,,,,"-92,875,130","-141,983,900","-158,278,300","-187,595,800","-187,818,300","-194,334,700","-201,050,000","-179,540,500","-184,501,900","-201,819,400","-243,608,300","-240,851,900","-282,536,800","-345,352,200","-318,357,500","-418,332,900","-428,742,800","-357,887,400","-174,818,400","-170,518,800","-219,222,600","-117,799,300","-170,554,500","-135,739,100","-71,848,030","-133,109,700","-121,655,900","-143,170,900","-88,602,620","-126,518,800","-108,453,700","-70,079,630","-144,186,000","-45,202,100"
117,KIR,Kiribati,BN.GSR.FCTY.CD,Net income (BoP current US$),,,,,,,,,,,,,,,,,,,,"6,930,155","9,247,996","8,443,894","9,510,451","7,269,271","9,430,293","9,735,351","10,696,710","13,097,090","15,013,580","15,857,230","16,775,210","19,011,400","18,070,750","14,716,160","14,833,110",,,,,,,,,,,,,,
118,PRK,Korea Dem. Rep.,BN.GSR.FCTY.CD,Net income (BoP current US$),,,,,,,,,,,,,,,,,,,,,,,,,,,,,,,,,,,,,,,,,,,,,,,,,
119,KOR,Korea Rep.,BN.GSR.FCTY.CD,Net income (BoP current US$),,,,,,,,,,,,,,,,,"-402,000,000","-493,000,000","-640,000,000","-1,084,000,000","-511,500,000","-886,800,000","-644,300,000","-792,800,000","-1,263,700,000","-2,085,600,000","-2,310,200,000","-1,586,500,000","-1,327,600,000","-577,500,000","-87,700,000","-163,800,000","-395,700,000","-391,200,000","-486,800,000","-1,302,800,000","-1,904,100,000","-2,550,600,000","-5,638,300,000","-5,159,000,000","-2,421,300,000","-1,198,100,000","432,300,000","326,300,000","1,082,800,000","-1,562,500,000","533,700,000","1,002,700,000","5,106,500,000"
120,KSV,Kosovo,BN.GSR.FCTY.CD,Net income (BoP current US$),,,,,,,,,,,,,,,,,,,,,,,,,,,,,,,,,,,,,,,,,,,,,,,,,
121,KWT,Kuwait,BN.GSR.FCTY.CD,Net income (BoP current US$),,,,,,,,,,,,,,,,"1,151,596,000","1,508,273,000","1,765,736,000","2,606,773,000","3,158,854,000","4,846,513,000","7,586,482,000","6,026,168,000","5,029,562,000","5,015,843,000","4,664,954,000","7,739,302,000","5,583,800,000","7,257,304,000","8,417,881,000","7,737,776,000","5,410,376,000","5,245,160,000","3,826,548,000","3,169,734,000","4,880,587,000","5,180,213,000","6,276,602,000","5,866,996,000","5,108,164,000","6,699,232,000","4,903,456,000","3,346,997,000","3,360,608,000","5,187,988,000","7,181,849,000","10,966,780,000","12,393,130,000","10,119,470,000"
122,KGZ,Kyrgyz Republic,BN.GSR.FCTY.CD,Net income (BoP current US$),,,,,,,,,,,,,,,,,,,,,,,,,,,,,,,,,,"-5,683,000","-22,004,000","-35,420,000","-39,470,000","-64,672,000","-79,150,850","-73,549,370","-82,014,990","-59,109,300","-57,803,620","-62,022,060","-101,649,200","-85,177,350","-43,095,030","-52,379,250","-103,228,700"
123,LAO,Lao PDR,BN.GSR.FCTY.CD,Net income (BoP current US$),,,,,,,,,,,,,,,,,,,,,,,,,"-3,100,000","-2,400,000","-1,500,000","-1,400,000","-2,100,000","-2,300,000","-1,000,000","-1,100,000","1,000,000","3,000,000","-2,000,000","-5,500,000","-4,300,000","-17,800,000","-34,900,000","-39,400,000","-52,370,000","-33,820,000","-42,300,000","-46,900,000","-56,400,000","-78,700,000","-60,000,000","-50,300,000",
124,LVA,Latvia,BN.GSR.FCTY.CD,Net income (BoP current US$),,,,,,,,,,,,,,,,,,,,,,,,,,,,,,,,,"1,500,337","7,216,000","8,601,000","18,587,000","41,175,000","54,914,000","53,400,000","-55,800,000","17,400,000","57,500,000","54,000,000","-24,300,000","-275,300,000","-176,000,000","-532,300,000","-908,200,000","-595,600,000"
125,LBN,Lebanon,BN.GSR.FCTY.CD,Net income (BoP current US$),,,,,,,,,,,,,,,,,,,,,,,,,,,,,,,,,,,,,,,,,,,"-867,858,500","-3,437,588,000","-817,644,300","-186,403,800","183,670,000","740,083,600","-76,899,370"
126,LSO,Lesotho,BN.GSR.FCTY.CD,Net income (BoP current US$),,,,,,,,,,,,,,,,"122,513,900","138,575,000","165,600,000","177,790,000","213,652,200","265,525,200","292,754,100","346,283,400","382,568,900","332,425,600","233,008,400","258,337,400","349,776,000","369,972,600","359,690,500","433,143,700","1,418,992,000","463,713,500","421,672,200","330,161,400","314,170,200","333,467,600","337,452,100","234,028,800","244,449,100","226,118,800","178,610,600","161,873,900","249,764,000","302,847,900","304,807,400","380,655,400","428,093,100","507,257,100"
127,LBR,Liberia,BN.GSR.FCTY.CD,Net income (BoP current US$),,,,,,,,,,,,,,,,,,,,"-13,700,000","-23,988,700","-21,112,690","-72,299,980","-153,556,200","-126,829,800","-128,081,200","-181,200,000","-183,100,000",,,,,,,,,,,,,,,,,"-162,599,500","-146,614,300","-148,322,700","-149,932,900","-653,404,500"
128,LBY,Libya,BN.GSR.FCTY.CD,Net income (BoP current US$),,,,,,,,,,,,,,,,,,"-1,215,331,000","-1,053,197,000","-849,853,600","-64,853,740","109,440,300","-508,692,700","-756,621,300","-667,448,100","-76,675,460","-44,071,610","364,611,300","324,741,000","59,746,000","173,742,800","148,542,200","323,917,300","-30,883,440","45,067,260","133,446,600","179,716,200","236,728,200","314,816,200","310,902,700","-429,000,000","-899,000,000","265,000,000","540,000,000","-55,000,000","-281,000,000","-595,000,000","2,017,000,000","586,400,000"
129,LIE,Liechtenstein,BN.GSR.FCTY.CD,Net income (BoP current US$),,,,,,,,,,,,,,,,,,,,,,,,,,,,,,,,,,,,,,,,,,,,,,,,,
130,LTU,Lithuania,BN.GSR.FCTY.CD,Net income (BoP current US$),,,,,,,,,,,,,,,,,,,,,,,,,,,,,,,,,,"8,260,130","8,628,958","-12,865,000","-91,000,000","-198,360,000","-255,400,000","-257,740,000","-193,782,500","-179,750,000","-183,344,200","-482,253,300","-612,363,000","-627,050,300","-816,957,100","-1,613,737,000","-1,538,875,000"
131,LUX,Luxembourg,BN.GSR.FCTY.CD,Net income (BoP current US$),,,,,,,,,,,,,,,,,,,,,,,,,,,,,,,,,,,,"1,588,921,000","1,255,412,000","467,559,900","236,279,900","-481,513,800","-1,277,823,000","-1,639,389,000","-3,359,456,000","-3,955,700,000","-4,311,450,000","-6,732,477,000","-10,983,290,000","-15,550,430,000","-17,866,330,000"
132,MAC,Macao SAR China,BN.GSR.FCTY.CD,Net income (BoP current US$),,,,,,,,,,,,,,,,,,,,,,,,,,,,,,,,,,,,,,,,,,,"-18,623,420","-152,382,900","-572,252,800","-776,028,000","-1,556,942,000","-155,582,700","-2,137,545,000"
133,MKD,Macedonia FYR,BN.GSR.FCTY.CD,Net income (BoP current US$),,,,,,,,,,,,,,,,,,,,,,,,,,,,,,,,,,,,,"-29,710,000","-33,550,000","-52,250,000","-71,822,210","-64,525,470","-27,973,800","-44,327,800","-62,388,430","-39,187,750","-113,455,600","-36,648,870","-34,510,770","-108,173,600"
134,MDG,Madagascar,BN.GSR.FCTY.CD,Net income (BoP current US$),,,,,,,,,,,,,,,"-17,822,740","-16,891,250","-16,865,480","-5,698,499","-7,267,732","-27,218,770","-43,875,680","-88,327,570","-95,267,620","-118,132,400","-146,026,000","-128,831,600","-155,090,600","-174,698,500","-179,282,800","-189,318,300","-160,907,900","-161,194,500","-147,068,100","-150,941,900","-155,336,800","-166,739,700","-162,747,900","-94,959,900","-78,281,350","-42,471,280","-41,733,400","-82,355,710","-132,039,300","-77,150,650","-74,146,280","-80,253,630",,,
135,MWI,Malawi,BN.GSR.FCTY.CD,Net income (BoP current US$),,,,,,,,,,,,,,,,,,,"-48,355,840","-125,845,000","-149,120,400","-130,124,100","-91,425,080","-100,530,900","-113,699,100","-114,187,900","-111,548,500","-89,417,390","-98,699,850","-88,638,470","-79,593,050","-85,541,660","-77,096,520","-68,683,900","-42,340,070","-44,330,960","-35,323,590","-28,771,530","-36,609,880","-24,998,660","-17,280,090","-30,406,490","-38,494,500",,,,,,
136,MYS,Malaysia,BN.GSR.FCTY.CD,Net income (BoP current US$),,,,,,,,,,,,,,,"-414,197,100","-299,525,900","-427,687,600","-514,365,800","-736,601,600","-905,210,300","-836,057,700","-796,831,700","-1,147,131,000","-1,812,816,000","-2,242,237,000","-2,188,445,000","-1,780,788,000","-1,963,377,000","-1,941,359,000","-2,179,160,000","-1,871,806,000","-2,472,304,000","-3,142,833,000","-3,210,837,000","-3,594,542,000","-4,143,501,000","-4,690,489,000","-5,366,147,000","-3,903,806,000","-5,496,316,000","-7,607,631,000","-6,742,895,000","-6,595,000,000","-5,928,053,000","-6,421,763,000","-6,318,084,000","-4,711,944,000","-4,054,809,000","-7,136,578,000"
137,MDV,Maldives,BN.GSR.FCTY.CD,Net income (BoP current US$),,,,,,,,,,,,,,,,,,,,"-1,600,000","-2,700,000","-3,500,000","-5,300,000","-9,500,000","-12,200,000","-13,200,000","-18,487,000","-15,605,000","-9,689,200","-12,504,800","-13,793,800","-14,830,220","-17,100,000","-19,011,040","-20,203,420","-19,963,470","-21,878,670","-27,443,300","-28,160,180","-31,027,370","-29,986,640","-37,244,910","-35,428,570","-38,406,060","-35,171,700","-30,953,110","-40,755,390","-67,202,980","-64,054,040"
138,MLI,Mali,BN.GSR.FCTY.CD,Net income (BoP current US$),,,,,,,,,,,,,,,,"-21,673,920","-16,551,550","-19,781,860","-13,294,580","-11,752,450","-16,874,980","-32,576,020","-24,197,630","-27,501,950","-19,223,870","-13,800,380","-21,657,150","-24,879,750","-32,533,350","-30,908,290","-36,728,950","-24,175,230","-28,221,500","-13,031,380","-40,399,520","-40,649,230","-43,031,760","-51,685,080","-50,797,370","-70,058,570","-98,178,830","-166,034,900","-240,190,600","-159,924,200","-194,840,000","-206,852,300","-269,431,400","-291,443,100",
139,MLT,Malta,BN.GSR.FCTY.CD,Net income (BoP current US$),,,,,,,,,,,,"18,422,650","21,489,780","21,692,170","32,945,800","49,118,550","45,632,480","50,436,980","47,225,710","40,728,650","95,534,020","110,679,900","145,338,100","110,070,700","118,646,300","103,803,600","102,292,000","113,750,900","103,065,800","117,362,600","190,100,400","174,361,400","154,287,900","114,983,600","68,850,350","38,700,180","10,180,880","8,837,432","-66,971,570","40,112,100","-91,490,070","39,336,200","23,699,070","-29,139,020","-51,859,930","-247,082,000","-262,502,400","-227,459,300","-254,969,000"
140,MHL,Marshall Islands,BN.GSR.FCTY.CD,Net income (BoP current US$),,,,,,,,,,,,,,,,,,,,,,,,,,,,,,,,,,,,,,,,,,,,,,,,,
141,MRT,Mauritania,BN.GSR.FCTY.CD,Net income (BoP current US$),,,,,,,,,,,,,,,,"-30,089,840","-58,571,040","-43,411,420","-27,078,260","-31,399,470","-26,854,510","-50,542,660","-45,606,300","-62,286,010","-39,104,540","-92,132,060","-116,275,600","-89,241,320","-85,542,500","-50,041,540","-46,409,210","-32,850,970","-28,818,730","-96,833,070","-46,603,280","-48,208,990","-45,007,470","-38,899,380","-31,584,950",,,,,,,,,,
142,MUS,Mauritius,BN.GSR.FCTY.CD,Net income (BoP current US$),,,,,,,,,,,,,,,,,"5,836,991","-2,875,604","-7,788,067","-16,803,770","-23,164,140","-45,543,340","-45,803,420","-41,431,040","-45,361,220","-45,329,500","-54,134,900","-41,387,720","-44,129,490","-19,803,580","-22,807,600","5,686,063","10,987,450","3,513,141","-24,665,420","-19,095,480","-43,960,170","-17,666,120","-26,549,800","-16,556,940","-16,204,680","14,286,410","13,162,020","-30,032,860","-13,966,340","-8,478,368","50,063,310","223,092,900","178,163,700"
143,MYT,Mayotte,BN.GSR.FCTY.CD,Net income (BoP current US$),,,,,,,,,,,,,,,,,,,,,,,,,,,,,,,,,,,,,,,,,,,,,,,,,
144,MEX,Mexico,BN.GSR.FCTY.CD,Net income (BoP current US$),,,,,,,,,,,,,,,,,,,,"-3,783,000,000","-6,277,000,000","-9,875,000,000","-12,049,000,000","-9,024,000,000","-9,967,000,000","-8,867,000,000","-7,367,000,000","-6,585,000,000","-7,043,000,000","-8,101,000,000","-8,316,000,000","-8,265,000,000","-9,209,000,000","-11,030,000,000","-12,258,810,000","-12,689,090,000","-13,475,130,000","-12,105,640,000","-12,824,300,000","-11,912,000,000","-13,736,300,000","-12,933,200,000","-11,855,500,000","-11,400,400,000","-9,395,500,000","-13,633,700,000","-17,752,300,000","-18,220,800,000","-17,250,400,000"
145,FSM,Micronesia Fed. Sts.,BN.GSR.FCTY.CD,Net income (BoP current US$),,,,,,,,,,,,,,,,,,,,,,,,,,,,,,,,,,,,,,,,,,,,,,,,,
146,MDA,Moldova,BN.GSR.FCTY.CD,Net income (BoP current US$),,,,,,,,,,,,,,,,,,,,,,,,,,,,,,,,,,,"-15,315,000","-18,160,000","55,120,000","47,430,000","34,500,000","24,710,000","21,580,000","95,830,000","156,580,000","230,790,000","357,040,000","410,890,000","402,460,000","416,310,000","597,820,000"
147,MCO,Monaco,BN.GSR.FCTY.CD,Net income (BoP current US$),,,,,,,,,,,,,,,,,,,,,,,,,,,,,,,,,,,,,,,,,,,,,,,,,
148,MNG,Mongolia,BN.GSR.FCTY.CD,Net income (BoP current US$),,,,,,,,,,,,,,,,,,,,,,"-10,900,000","-20,400,000","-31,100,000","-39,000,000","-45,000,000","-1,700,000","-11,300,000","-34,200,000","-48,900,000","-43,600,000","-4,900,000","-26,900,000","-20,200,000","-19,300,000","-25,400,000","-13,300,000","-12,000,000","400,000","100,000","-6,500,000","-2,026,334","-4,534,295","-11,500,000","-11,110,000","-50,750,000","-144,530,000",,
149,MNE,Montenegro,BN.GSR.FCTY.CD,Net income (BoP current US$),,,,,,,,,,,,,,,,,,,,,,,,,,,,,,,,,,,,,,,,,,,,,,,,,
150,MAR,Morocco,BN.GSR.FCTY.CD,Net income (BoP current US$),,,,,,,,,,,,,,,,"-66,625,740","-98,884,160","-158,104,700","-283,679,700","-408,808,700","-562,153,700","-702,202,700","-649,839,900","-620,419,000","-575,220,400","-765,714,800","-688,565,000","-766,697,900","-1,036,892,000","-1,159,378,000","-987,826,000","-1,115,482,000","-1,056,820,000","-1,207,694,000","-1,170,415,000","-1,317,762,000","-1,308,646,000","-1,175,278,000","-1,033,483,000","-985,576,000","-864,324,700","-832,665,700","-738,336,600","-792,004,900","-670,613,200","-383,672,200","-476,764,400","-404,635,000","-521,957,000"
151,MOZ,Mozambique,BN.GSR.FCTY.CD,Net income (BoP current US$),,,,,,,,,,,,,,,,,,,,,"22,000,000","-800,000","-20,400,000","-32,900,000","-49,600,000","-101,500,000","-127,700,000","-115,400,000","-70,400,000","-125,500,000","-97,400,000","-109,900,000","-139,700,000","-131,800,000","-132,400,000","-140,000,000","-101,100,000","-104,600,000","-141,500,000","-157,000,000","-192,100,000","-234,667,200","-603,175,800","-165,495,900","-299,509,300","-359,883,200","-634,465,300","-591,627,600","-631,338,200"
152,MMR,Myanmar,BN.GSR.FCTY.CD,Net income (BoP current US$),,,,,,,,,,,,,,,,,"-14,600,930","-14,910,910","-18,788,570","-29,156,330","-47,486,170","-50,029,860","-51,637,210","-68,727,920","-77,013,830","-69,636,740","-107,789,000","-77,084,280","-77,095,230","-54,974,560","-191,626,100","-273,869,400","-149,444,000","-58,927,220","-67,311,200","-109,892,500","-44,432,290","-13,849,260","-419,922","-2,980,484","-133,310,100","-512,762,400","-583,092,700","-741,544,400","-745,449,500","-1,371,705,000","-1,248,388,000",,
153,NAM,Namibia,BN.GSR.FCTY.CD,Net income (BoP current US$),,,,,,,,,,,,,,,,,,,,,,,,,,,,,,,"37,490,520","96,620,630","16,409,460","57,991,120","54,016,020","138,871,900","70,196,670","71,398,160","60,796,440","-64,101,630","-97,800,550","-147,776,800","-11,857,400","131,281,600","4,882,582","-127,174,600","-62,855,920","-158,361,900","-39,845,140"
154,NPL,Nepal,BN.GSR.FCTY.CD,Net income (BoP current US$),,,,,,,,,,,,,,,,,"5,104,000","8,080,000","5,548,105","11,266,670","11,583,330","10,972,580","15,671,920","5,666,973","298,363","767,035","700,561","120,455","1,797,485","10,724,290","13,926,200","10,839,290","16,716,020","5,170,749","3,758,130","8,711,737","1,073,854","3,268,986","18,929,630","27,353,430","37,002,360","11,483,310","-14,320,910","-20,290,980","-14,994,900","48,303,310","62,118,350","136,661,700","151,009,400"
155,NLD,Netherlands,BN.GSR.FCTY.CD,Net income (BoP current US$),,,,,,,,"924,861,900","870,718,200","933,701,600","836,740,400","782,301,100","1,033,340,000","1,396,313,000","1,445,000,000","336,982,700","988,928,400","908,860,100","237,172,000","2,281,887,000","1,535,466,000","368,531,800","379,861,500","1,113,050,000","1,350,107,000","-235,627,300","-192,392,200","1,326,781,000","1,118,652,000","2,821,208,000","-620,225,400","432,062,200","-929,223,200","880,924,700","3,666,505,000","7,247,094,000","3,546,680,000","6,983,852,000","-2,692,735,000","3,526,477,000","-2,296,894,000","-172,481,900","58,583,280","1,232,807,000","11,365,950,000","3,936,556,000","16,582,370,000","8,101,753,000","-14,581,610,000"
156,ANT,Netherlands Antilles,BN.GSR.FCTY.CD,Net income (BoP current US$),,,,,,,,,,,,,,,,,"-84,333,340","-70,555,550","-148,000,000","-444,055,600","-329,222,200","-261,277,800","-94,666,660","-85,277,780","77,722,220","29,833,330","20,555,560","36,111,110","39,611,110","35,855,020","16,592,180","17,206,700","11,452,510","-17,597,770","34,245,810","18,044,690","63,743,020","46,703,910","36,871,510","-20,418,990","23,438,550","19,905,030","695,531","-7,117,319","-10,284,920","-4,083,799","-1,117,318","10,256,980",
157,NCL,New Caledonia,BN.GSR.FCTY.CD,Net income (BoP current US$),,,,,,,,,,,,,,,,,,,,,,,,,,,,,,,,,,,,,,,,,,,"269,811,100","338,223,200","412,754,400","482,496,300","422,492,800","493,260,800","547,931,000"
158,NZL,New Zealand,BN.GSR.FCTY.CD,Net income (BoP current US$),,,,,,,,,,,,,"-149,400,000","-185,936,100","-117,416,400","-296,765,400","-419,947,000","-434,819,900","-584,804,400","-517,116,700","-537,816,100","-644,065,700","-741,722,400","-896,974,200","-2,298,248,000","-2,334,712,000","-2,594,125,000","-3,176,194,000","-3,582,497,000","-1,884,295,000","-1,575,695,000","-2,533,317,000","-2,408,443,000","-2,940,685,000","-3,415,840,000","-3,955,224,000","-4,713,635,000","-4,854,747,000","-2,612,410,000","-3,116,620,000","-3,442,757,000","-3,118,667,000","-3,210,010,000","-4,221,150,000","-5,842,374,000","-7,289,755,000","-7,861,967,000","-9,429,584,000","-9,830,514,000"
159,NIC,Nicaragua,BN.GSR.FCTY.CD,Net income (BoP current US$),,,,,,,,,,,,,,,,,,"-69,000,000","-94,700,000","-71,100,000","-123,520,000","-182,600,000","-185,200,000","-214,200,000","-263,400,000","-273,300,000","-253,600,000","-243,900,000","-262,100,000","-204,800,000","-217,000,000","-363,300,000","-494,800,000","-429,100,000","-472,200,000","-372,100,000","-324,300,000","-264,700,000","-185,200,000","-196,800,000","-201,800,000","-240,300,000","-205,900,000","-198,200,000","-192,100,000","-150,000,000","-128,500,000","-134,600,000","-160,600,000"
160,NER,Niger,BN.GSR.FCTY.CD,Net income (BoP current US$),,,,,,,,,,,,,,,"16,376,920","20,838,690","-3,787,396","-162,814","-29,815,310","19,800,520","-32,923,200","-28,723,210","-24,540,010","-38,659,970","-41,761,580","-42,262,550","-37,166,560","-63,453,180","-65,654,240","-40,967,590","-54,057,670","-13,530,330","-34,421,160","-10,877,140","-29,553,060","-47,114,240","-27,789,920","-28,437,330","-23,445,980","-18,887,470","-16,486,500","-14,895,530","-24,163,970","-26,128,690","-12,890,770","-9,501,996","1,212,492","-440,256",
161,NGA,Nigeria,BN.GSR.FCTY.CD,Net income (BoP current US$),,,,,,,,,,,,,,,,,,"-536,682,800","-228,248,700","-448,670,000","-1,303,996,000","-673,457,200","-1,189,378,000","-875,195,100","-1,180,649,000","-1,463,457,000","-742,652,000","-2,879,953,000","-2,364,355,000","-2,392,347,000","-2,738,110,000","-2,420,314,000","-2,338,199,000","-3,277,702,000","-2,937,670,000","-2,878,422,000","-3,022,268,000","-3,145,483,000","-2,290,730,000","-2,577,953,000","-3,147,738,000","-2,797,680,000","-2,670,111,000","-3,242,948,000","-2,531,789,000","-2,256,435,000","-6,603,397,000","-11,752,610,000","-11,179,970,000"
162,MNP,Northern Mariana Islands,BN.GSR.FCTY.CD,Net income (BoP current US$),,,,,,,,,,,,,,,,,,,,,,,,,,,,,,,,,,,,,,,,,,,,,,,,,
163,NOR,Norway,BN.GSR.FCTY.CD,Net income (BoP current US$),,,,,,,,,,,,,,,,"-349,643,000","-538,037,900","-877,858,000","-1,367,909,000","-1,830,361,000","-1,921,544,000","-1,842,575,000","-1,958,002,000","-1,747,479,000","-1,576,992,000","-1,052,745,000","-1,159,894,000","-1,285,654,000","-2,009,290,000","-2,569,970,000","-2,699,602,000","-2,752,647,000","-2,811,811,000","-2,787,234,000","-2,174,070,000","-1,918,980,000","-1,881,245,000","-1,693,901,000","-1,244,105,000","-1,336,425,000","-2,305,446,000","169,060,400","696,710,900","1,365,129,000","546,880,200","1,971,325,000","-621,745,600","2,000,856,000","2,915,036,000"
164,OMN,Oman,BN.GSR.FCTY.CD,Net income (BoP current US$),,,,,,,,,,,,,,,"-290,967,000","-295,309,800","-214,823,400","-159,525,200","-113,202,100","-149,102,500","-256,803,700","-238,564,000","-152,866,200","-183,265,800","-215,404,000","-325,714,000","-71,207,560","-89,466,840","-314,694,400","-250,195,100","-254,356,300","-236,671,000","-411,183,400","-266,840,000","-466,580,000","-373,992,200","-437,800,000","-390,400,000","-500,700,000","-659,100,000","-837,700,000","-858,517,600","-719,635,900","-539,922,000","-389,857,000","-1,021,586,000","-666,319,900","-848,114,400","-2,214,044,000"
165,PAK,Pakistan,BN.GSR.FCTY.CD,Net income (BoP current US$),,,,,,,,,,,,,,,,,"-136,095,400","-189,376,700","-200,134,400","-275,032,500","-273,104,300","-266,609,000","-406,735,300","-420,107,700","-473,260,400","-582,663,700","-649,994,500","-793,162,500","-817,739,700","-967,267,800","-1,084,289,000","-1,188,415,000","-1,411,208,000","-1,546,786,000","-1,680,170,000","-1,938,736,000","-2,022,341,000","-2,219,749,000","-2,180,000,000","-1,840,000,000","-2,218,000,000","-2,076,000,000","-2,286,000,000","-2,224,000,000","-2,363,010,000","-2,514,000,000","-3,131,440,000","-3,740,000,000","-4,294,000,000"
166,PLW,Palau,BN.GSR.FCTY.CD,Net income (BoP current US$),,,,,,,,,,,,,,,,,,,,,,,,,,,,,,,,,,,,,,,,,,,,,,,,,
167,PAN,Panama,BN.GSR.FCTY.CD,Net income (BoP current US$),,,,,,,,,,,,,,,,,,"40,200,000","67,100,000","37,400,000","-396,700,000","-516,800,000","-324,400,000","-85,000,000","-305,300,000","-151,500,000","-415,600,000","176,600,000","-87,900,000","-266,400,000","-255,400,000","-432,400,000","-401,000,000","-285,600,000","-222,300,000","-465,900,000","-249,200,000","-399,600,000","-517,300,000","-691,100,000","-560,200,000","-590,100,000","-272,300,000","-808,700,000","-1,020,354,000","-1,125,600,000","-1,258,300,000","-1,306,400,000","-1,573,800,000"
168,PNG,Papua New Guinea,BN.GSR.FCTY.CD,Net income (BoP current US$),,,,,,,,,,,,,,,,,"-55,382,660","-50,993,920","-65,091,230","-108,714,000","-179,169,700","-161,721,300","-121,272,400","-121,999,800","-148,559,400","-106,253,400","-135,696,100","-161,460,400","-207,603,200","-178,174,900","-103,251,100","-213,247,700","-365,658,600","-368,847,000","-400,997,600","-488,135,500","-429,082,500","-309,666,400","-258,797,100","-272,517,700","-210,064,300","-230,254,200","-202,119,500","-476,756,700","-436,177,700","-538,467,800",,,
169,PRY,Paraguay,BN.GSR.FCTY.CD,Net income (BoP current US$),,,,,,,,,,,,,,,,"-25,900,000","-20,500,000","-17,700,000","-25,400,000","4,400,000","-5,500,000","42,300,000","65,200,000","-9,300,000","-37,800,000","-38,300,000","-46,500,000","-111,200,000","-81,300,000","-23,400,000","1,700,000","-9,700,000","-28,300,000","55,700,000","113,800,000","109,700,000","109,700,000","33,200,000","6,000,000","17,500,000","22,392,000","15,800,000","42,777,500","-4,182,772","-133,714,300","-57,821,840","-91,566,130","-157,886,300","-151,183,600"
170,PER,Peru,BN.GSR.FCTY.CD,Net income (BoP current US$),,,,,,,,,,,,,,,,,,"-423,300,000","-577,700,000","-966,400,000","-909,000,000","-1,019,000,000","-1,034,000,000","-1,130,000,000","-1,177,000,000","-974,000,000","-1,100,640,000","-1,312,470,000","-1,514,860,000","-1,685,180,000","-1,733,000,000","-1,369,000,000","-1,414,000,000","-1,670,270,000","-1,943,863,000","-2,481,845,000","-1,898,522,000","-1,822,227,000","-1,203,921,000","-1,112,039,000","-1,409,594,000","-1,101,046,000","-1,457,033,000","-2,143,809,000","-3,685,863,000","-5,076,136,000","-7,582,510,000","-8,418,111,000","-8,144,037,000"
171,PHL,Philippines,BN.GSR.FCTY.CD,Net income (BoP current US$),,,,,,,,,,,,,,,,,,"-125,000,000","-118,000,000","-206,000,000","-420,000,000","-503,000,000","-1,021,000,000","-836,000,000","-1,449,000,000","-1,300,000,000","-1,301,000,000","-1,190,000,000","-1,185,000,000","-1,349,000,000","-872,000,000","-500,000,000","445,000,000","924,000,000","1,850,000,000","3,662,000,000","3,282,000,000","4,681,000,000","3,769,000,000","-1,061,000,000","-27,000,000","-51,000,000","-427,000,000","-284,000,000","-71,000,000","-294,000,000","-1,255,000,000","-892,000,000","140,000,000"
172,POL,Poland,BN.GSR.FCTY.CD,Net income (BoP current US$),,,,,,,,,,,,,,,,,"-651,000,000","-888,000,000","-1,204,000,000","-1,667,000,000","-2,357,000,000","-3,224,000,000","-3,063,000,000","-2,794,000,000","-2,638,000,000","-2,557,000,000","-2,673,000,000","-2,915,000,000","-2,955,000,000","-3,213,000,000","-3,386,000,000","-2,896,000,000","-4,167,000,000","-3,613,000,000","-2,563,000,000","-1,995,000,000","-1,075,000,000","-1,129,000,000","-1,178,000,000","-1,010,000,000","-731,000,000","-614,000,000","-1,061,000,000","-2,461,000,000","-8,244,000,000","-6,697,000,000","-9,728,000,000","-16,448,000,000","-14,210,000,000"
173,PRT,Portugal,BN.GSR.FCTY.CD,Net income (BoP current US$),,,,,,,,,,,,,,,,"-24,274,140","-136,856,800","-181,342,100","-323,705,100","-420,596,000","-608,135,000","-934,954,400","-1,251,804,000","-1,045,173,000","-1,159,998,000","-1,096,186,000","-975,831,700","-831,414,600","-760,525,800","-602,935,400","-96,135,820","185,695,200","611,263,000","219,666,800","-564,368,600","20,902,240","-888,879,100","-1,347,553,000","-1,509,237,000","-1,635,877,000","-2,370,837,000","-3,457,817,000","-2,991,176,000","-2,638,271,000","-3,706,657,000","-4,843,375,000","-7,925,718,000","-9,517,272,000","-11,495,290,000"
174,PRI,Puerto Rico,BN.GSR.FCTY.CD,Net income (BoP current US$),,,,,,,,,,,,,,,,,,,,,,,,,,,,,,,,,,,,,,,,,,,,,,,,,
175,QAT,Qatar,BN.GSR.FCTY.CD,Net income (BoP current US$),,,,,,,,,,,,,,,,,,,,,,,,,,,,,,,,,,,,,,,,,,,,,,,,,
176,ROM,Romania,BN.GSR.FCTY.CD,Net income (BoP current US$),,,,,,,,,,,,,,"-58,000,000","-69,000,000","-89,000,000","-118,000,000","-132,000,000","-168,000,000","-358,000,000","-777,000,000","-1,017,000,000","-851,000,000","-710,000,000","-659,000,000","-613,000,000","-542,000,000","-390,000,000","-198,000,000","80,000,000","161,000,000","15,000,000","-90,000,000","-145,000,000","-129,000,000","-241,000,000","-309,000,000","-322,000,000","-442,000,000","-411,000,000","-285,000,000","-282,000,000","-459,000,000","-705,000,000","-3,149,000,000","-2,899,600,000","-4,078,970,000","-5,662,000,000","-5,372,000,000"
177,RUS,Russian Federation,BN.GSR.FCTY.CD,Net income (BoP current US$),,,,,,,,,,,,,,,,,,,,,,,,,,,,,,,,,,,"-1,840,092,000","-3,371,612,000","-5,434,455,000","-8,691,579,000","-11,789,680,000","-7,715,914,000","-6,736,459,000","-4,238,024,000","-6,977,975,000","-13,170,650,000","-12,771,100,000","-18,949,220,000","-29,432,310,000","-30,751,900,000","-49,195,770,000"
178,RWA,Rwanda,BN.GSR.FCTY.CD,Net income (BoP current US$),,,,,,,,,,,,,,,,,"-3,793,332","-4,304,994","-5,274,456","-3,760,495","1,800,988","9,098,178","-2,686,440","-7,659,172","-6,454,967","-7,872,020","-13,072,130","-14,006,930","-22,028,120","-14,086,270","-16,283,550","-13,733,950","-11,311,150","-15,211,070",,"6,720,516","-13,420,520","-16,746,280","-7,130,633","-10,682,870","-14,653,000","-19,934,470","-18,730,000","-30,535,850","-33,650,000","-16,320,000","-20,906,500","-14,811,130","-34,014,970"
179,WSM,Samoa,BN.GSR.FCTY.CD,Net income (BoP current US$),,,,,,,,,,,,,,,,,,"-114,493","-1,493,890","-1,621,965","-2,534,519","-2,659,356","-2,153,508","-2,698,287","-1,986,784","-1,897,319","-1,077,933","527,867","764,263","2,083,525","5,164,834","4,813,258","3,604,578","-89,543","-418,140","234,495","3,013,598","1,383,152","3,575,685","398,254",,,,,"-17,829,870","-14,129,670","-11,521,290","-16,731,230",
180,SMR,San Marino,BN.GSR.FCTY.CD,Net income (BoP current US$),,,,,,,,,,,,,,,,,,,,,,,,,,,,,,,,,,,,,,,,,,,,,,,,,
181,STP,Sao Tome and Principe,BN.GSR.FCTY.CD,Net income (BoP current US$),,,,,,,,,,,,,,,"-460,482","3,914.90","-43,005","524,521","1,214,226","1,967,190","2,361,136","1,411,478","-265,863","-687,371","-588,786","-1,591,772","-3,252,221","-660,380","-170,251","-222,183","-50,000",,,,,,,,"-5,205,600","-5,316,000","-3,618,600","-3,149,023","-3,341,934","-2,517,880","-3,096,141","-2,927,528","3,032,251","4,474,509",
182,SAU,Saudi Arabia,BN.GSR.FCTY.CD,Net income (BoP current US$),,,,,,,,,,,,"-354,370,500","-55,491,840","-1,842,664,000","-1,225,352,000","-284,283,700","-396,600,600","-90,778,460","-211,792,000","2,850,481,000","526,040,300","1,356,981,000","7,849,667,000","12,846,050,000","10,238,920,000","10,662,220,000","10,611,800,000","9,848,001,000","9,725,334,000","9,402,667,000","7,968,000,000","6,757,334,000","5,426,134,000","3,903,200,000","1,470,400,000","2,799,733,000","2,442,933,000","2,780,800,000","2,764,800,000","2,920,560,000","479,466,700","-519,566,700","-210,506,700","-1,300,533,000","477,786,700","432,069,400","3,834,980,000","6,396,531,000","10,027,470,000"
183,SEN,Senegal,BN.GSR.FCTY.CD,Net income (BoP current US$),,,,,,,,,,,,,,,"-49,853,620","-75,823,710","-60,933,120","-54,257,640","-75,867,740","-79,164,490","-98,447,770","-96,713,140","-97,776,590","-99,457,820","-123,353,200","-103,057,700","-125,871,400","-151,994,800","-171,798,900","-162,503,600","-129,028,800","-90,568,500","-76,579,630","-79,494,970","-101,151,900","-124,277,700","-74,199,620","-71,886,590","-87,925,830","-119,243,300","-111,440,500","-104,792,600","-129,980,700","-136,152,700","-130,694,700","-89,554,220","-63,437,800","-73,837,790",
184,SRB,Serbia,BN.GSR.FCTY.CD,Net income (BoP current US$),,,,,,,,,,,,,,,,,,,,,,,,,,,,,,,,,,,,,,,,,,,,,,,,"-829,055,300","-1,347,858,000"
185,SYC,Seychelles,BN.GSR.FCTY.CD,Net income (BoP current US$),,,,,,,,,,,,,,,,,"-2,075,784","-3,388,552","-3,754,063","-2,727,525","-1,776,743","-2,593,964","-3,936,256","-4,752,149","-5,723,329","-5,928,422","-8,494,990","-13,975,430","-17,442,400","-10,949,690","-13,266,660","-10,804,180","-9,219,964","-17,099,190","-11,748,750","-19,655,710","-15,041,300","-12,274,730","-19,871,000","-23,832,100","-33,292,710","-29,234,450","-67,995,080","-43,193,590","-33,688,480","-40,069,100","-43,622,490","-71,069,790",
186,SLE,Sierra Leone,BN.GSR.FCTY.CD,Net income (BoP current US$),,,,,,,,,,,,,,,,,,"-14,915,000","-33,522,970","-42,006,770","-21,892,920","-36,925,810","-35,049,880","-20,951,240","-32,388,660","7,869,217","127,457,100","-63,081,320","4,799,412","-39,652,700","-71,107,800","-9,200,114","-8,326,696","-3,283,412","-55,565,860","-29,608,890","-11,577,520","-7,893,060","-20,470,920","-7,896,209","-5,198,017","-10,462,630","-2,858,963","-15,015,000","-67,030,500","-50,911,430","-39,660,120","-104,275,500","-75,227,500"
187,SGP,Singapore,BN.GSR.FCTY.CD,Net income (BoP current US$),,,,,,,,,,,,,"-16,000,000","-100,514,100","-154,706,900","34,580,190","-40,067,320","-83,627,120","-25,945,190","-43,687,030","-429,196,900","-551,902,600","-425,696,000","-89,917,420","351,134,900","594,050,400","443,645,000","36,847,400","387,790,800","792,612,900","1,006,326,000","756,967,900","1,547,914,000","194,765,300","1,560,581,000","2,133,239,000","878,272,400","3,821,375,000","2,372,428,000","1,757,154,000","-742,185,200","-208,905,100","-1,900,995,000","-2,254,929,000","-6,465,339,000","-5,648,230,000","-5,009,461,000","-11,521,390,000","-4,969,111,000"
188,SVK,Slovak Republic,BN.GSR.FCTY.CD,Net income (BoP current US$),,,,,,,,,,,,,,,,,,,,,,,,,,,,,,,,,,"-38,337,580","-120,015,500","-13,775,880","-46,753,360","-123,241,400","-157,933,600","-299,373,600","-355,054,100",,"-448,751,800","-118,871,800","-2,181,467,000","-1,984,827,000","-2,092,389,000","-3,288,476,000","-3,344,269,000"
189,SVN,Slovenia,BN.GSR.FCTY.CD,Net income (BoP current US$),,,,,,,,,,,,,,,,,,,,,,,,,,,,,,,,,"-38,400,000","-51,500,000","170,900,000","201,400,000","153,100,000","75,000,000","56,200,000","63,600,000","26,300,000","19,200,000","-149,100,000","-231,800,000","-392,800,000","-362,800,000","-506,457,200","-1,083,888,000","-1,532,541,000"
190,SLB,Solomon Islands,BN.GSR.FCTY.CD,Net income (BoP current US$),,,,,,,,,,,,,,,,"-1,963,694","-3,910,626","-4,102,830","-3,433,837","-4,619,128","-14,942,870","-3,907,299","-8,855,897","-8,358,305","-8,793,175","-5,064,944","-5,914,442","-7,737,266","-8,547,351","-7,892,758","-5,259,446","-9,024,772","-9,904,033","-3,921,282","-2,916,729","-6,752,988","-7,066,032","-8,474,709","-7,890,941","-16,927,990","-4,205,206","107,293","-7,504,925","-3,430,576","2,197,339","1,620,257","5,859,809",,
191,SOM,Somalia,BN.GSR.FCTY.CD,Net income (BoP current US$),,,,,,,,,,,,,,,,,,"2,223,987","3,526,609","2,478,157","-873,709","-8,069,897","-6,018,409","-4,664,430","-12,694,370","-25,542,550","-60,308,070","-52,001,020","-60,594,130","-84,399,460",,,,,,,,,,,,,,,,,,,
192,ZAF,South Africa,BN.GSR.FCTY.CD,Net income (BoP current US$),"-330,399,900","-372,399,800","-323,399,900","-323,399,900","-375,199,800","-415,799,800","-433,999,800","-449,399,800","-516,599,800","-599,199,700","-663,599,700","-655,750,300","-699,997,100","-926,337,900","-1,248,643,000","-1,551,500,000","-1,501,900,000","-1,737,650,000","-1,952,700,000","-2,341,238,000","-3,343,074,000","-3,581,131,000","-3,131,037,000","-3,353,971,000","-3,002,058,000","-2,597,319,000","-2,960,751,000","-3,113,915,000","-3,202,381,000","-3,371,873,000","-4,270,890,000","-3,209,588,000","-2,941,059,000","-2,656,592,000","-2,422,050,000","-2,875,000,000","-3,117,270,000","-3,213,486,000","-3,185,049,000","-3,208,493,000","-3,184,442,000","-3,786,681,000","-2,796,405,000","-4,590,495,000","-4,317,832,000","-4,928,985,000","-5,158,900,000","-9,843,726,000","-9,132,118,000"
193,ESP,Spain,BN.GSR.FCTY.CD,Net income (BoP current US$),,,,,,,,,,,,,,,,"-171,168,300","-450,654,500","-662,064,600","-972,167,100","-975,796,200","-1,362,026,000","-2,183,916,000","-2,159,498,000","-2,333,145,000","-2,256,701,000","-1,688,760,000","-1,822,247,000","-2,576,499,000","-3,308,233,000","-2,768,341,000","-3,532,766,000","-4,269,242,000","-5,790,512,000","-3,611,461,000","-7,770,098,000","-5,402,265,000","-7,455,319,000","-7,424,774,000","-8,586,832,000","-9,530,835,000","-6,848,876,000","-11,265,730,000","-11,658,000,000","-11,700,960,000","-15,038,320,000","-21,255,820,000","-26,243,980,000","-41,460,260,000","-49,585,440,000"
194,LKA,Sri Lanka,BN.GSR.FCTY.CD,Net income (BoP current US$),,,,,,,,,,,,,,,,"-18,409,720","-20,209,220","-15,788,030","-15,033,840","-15,346,350","-25,597,620","-95,823,370","-93,980,080","-137,061,900","-133,825,300","-126,803,800","-137,926,000","-141,481,600","-172,077,000","-162,644,500","-166,767,700","-177,939,200","-178,027,700","-122,946,700","-168,127,400","-137,266,200","-203,067,200","-159,591,700","-180,343,700","-252,607,600","-299,852,000","-266,690,000","-252,490,000","-171,710,000","-203,530,000","-299,524,000","-388,400,000","-357,750,000","-972,400,000"
195,KNA,St. Kitts and Nevis,BN.GSR.FCTY.CD,Net income (BoP current US$),,,,,,,,,,,,,,,,,,,,,"-1,244,445","-1,044,444","600,000","1,100,000","100,000","-1,300,000","-1,688,889","-1,762,963","-4,122,222","-9,166,667","-4,459,260","-7,007,408","-10,688,890","-11,900,000","-13,007,410","-10,959,260","-15,588,890","-19,581,480","-25,355,560","-28,455,560","-30,107,410","-34,585,180","-38,063,020","-43,757,460","-38,901,630","-35,138,330","-32,339,810","-31,792,190","-10,556,400"
196,LCA,St. Lucia,BN.GSR.FCTY.CD,Net income (BoP current US$),,,,,,,,,,,,,,,,,"202,702","900,000","800,000","400,000","300,000","600,000","-1,200,000","-811,111","-3,200,000","-3,300,000","-4,814,815","-5,037,037","-10,814,820","-10,592,590","-26,192,590","-29,648,150","-28,774,070","-33,781,480","-33,362,960","-38,992,590","-34,300,000","-36,051,850","-42,296,300","-41,922,220","-44,600,000","-46,984,080","-36,321,820","-50,836,780","-68,990,350","-72,509,930","-55,720,460","-67,976,380","-72,381,970"
197,VCT,St. Vincent and the Grenadines,BN.GSR.FCTY.CD,Net income (BoP current US$),,,,,,,,,,,,,,,,,,,,"-600,000","-900,000","-700,000","-2,700,000","-2,300,000","-3,000,000","-2,900,000","-8,444,444","-4,259,260","-11,259,260","-6,851,852","-11,044,440","-11,359,260","-8,270,371","-8,214,815","-11,811,110","-11,437,040","-8,996,296","-12,629,630","-13,714,820","-19,459,260","-19,174,070","-16,483,330","-17,602,840","-23,833,000","-28,509,300","-26,773,370","-24,194,240","-20,880,370","-20,637,640"
198,SDN,Sudan,BN.GSR.FCTY.CD,Net income (BoP current US$),,,,,,,,,,,,,,,,,,"-82,421,800","-60,372,950","-75,100,000","-47,200,000","-102,460,900","-149,240,200","-201,960,200","-153,592,700","-101,332,500","-85,348,190","-86,972,370","-86,798,480","-110,475,300","-135,645,700","-126,444,600","-93,460,330","-20,200,000","-14,300,000","-3,000,000","5,620,000","11,600,000","3,100,000","-104,100,000","-575,000,000","-554,100,000","-608,770,000","-869,220,000","-1,112,690,000","-1,361,810,000","-2,014,010,000","-2,253,137,000","-3,013,050,000"
199,SUR,Suriname,BN.GSR.FCTY.CD,Net income (BoP current US$),,,,,,,,,,,,,,,,,,"-71,700,000","-66,300,000","-80,300,000","-35,400,000","20,800,000","12,100,000","-19,900,000","2,500,000","-900,000","-5,400,000","-8,200,000","-15,100,000","-11,300,000","-15,200,000","-20,000,000","-13,300,000","-6,200,000","-3,800,000","-2,600,000","2,700,000","-2,600,000","-500,000","300,000","6,000,000","-107,600,000","-42,300,000","-48,500,000","-62,900,000","-40,400,000","-51,600,000","8,200,000","20,700,000"
200,SWZ,Swaziland,BN.GSR.FCTY.CD,Net income (BoP current US$),,,,,,,,,,,,,,,"-33,849,560","-9,871,431","575,000","2,875,000","-4,485,000","7,483,980","5,264,577","20,195,260","14,459,170","39,404,000","39,517,990","38,957,840","15,535,890","9,037,180","43,677,780","2,821,544","58,979,930","69,785,590","83,134,230","47,919,640","-16,522,200","80,552,020","132,098,800","138,081,700","56,406,290","97,710,540","51,316,690","92,949,840","2,400,304","-43,186,450","2,602,370","178,287,800","13,989,970","63,774,600",
201,SWE,Sweden,BN.GSR.FCTY.CD,Net income (BoP current US$),,,,,,,,,,,"7,732,143","-23,410,500","-29,396,840","2,289,771","-11,262,720","-52,627,480","-172,195,300","-450,733,300","-659,397,300","-747,244,100","-1,379,774,000","-2,108,562,000","-1,728,351,000","-1,836,729,000","-1,888,746,000","-1,977,037,000","-2,044,915,000","-1,563,575,000","-1,793,145,000","-2,333,514,000","-4,473,272,000","-6,398,535,000","-10,038,620,000","-9,133,918,000","-5,919,090,000","-6,473,304,000","-8,302,970,000","-6,109,386,000","-5,785,267,000","-3,420,054,000","-2,063,182,000","-2,851,655,000","-1,025,498,000","296,848,900","21,559,310","2,784,545,000","7,430,587,000","11,088,000,000","10,813,780,000"
202,CHE,Switzerland,BN.GSR.FCTY.CD,Net income (BoP current US$),,,,,,,,,,,,,,,,,,"2,542,100,000","3,254,988,000","3,996,452,000","4,186,289,000","4,693,923,000","4,526,480,000","4,341,775,000","4,964,073,000","4,953,350,000","5,756,798,000","6,773,777,000","8,866,261,000","7,394,593,000","7,877,504,000","7,879,265,000","7,335,917,000","8,240,161,000","6,861,045,000","10,707,930,000","11,602,170,000","15,305,040,000","17,071,510,000","17,881,930,000","19,186,980,000","11,891,460,000","9,307,320,000","24,271,760,000","25,241,360,000","34,022,370,000","33,199,060,000","2,749,806,000","-37,311,360,000"
203,SYR,Syrian Arab Republic,BN.GSR.FCTY.CD,Net income (BoP current US$),,,,,,,,,,,,,,,,,,"110,850,000","616,300,000","890,200,000","784,800,000","418,900,000","259,400,000","254,800,000","223,800,000","239,600,000","195,800,000","-100,000,000","-78,600,000","-293,100,000","-400,800,000","-681,300,000","-595,500,000","-632,000,000","-359,000,000","-560,000,000","-483,000,000","-585,000,000","-470,000,000","-543,000,000","-879,000,000","-783,000,000","-925,000,000","-857,000,000","-729,000,000","-863,000,000","-935,000,000","-689,209,000",
204,TJK,Tajikistan,BN.GSR.FCTY.CD,Net income (BoP current US$),,,,,,,,,,,,,,,,,,,,,,,,,,,,,,,,,,,,,,,,,,,"-41,128,400","-70,301,800","-57,538,400","-40,777,400","-63,923,600","-50,742,900","-52,480,000"
205,TZA,Tanzania,BN.GSR.FCTY.CD,Net income (BoP current US$),,,,,,,,,,,,,,,,,"-18,264,790","-20,749,870","-5,705,357","-8,641,017","-13,542,210","-21,367,760","-24,894,610","-27,452,320","-87,736,190","-97,915,090","-99,430,380","-158,711,000","-185,227,400","-177,056,500","-185,044,400","-184,543,200","-228,619,900","-150,971,900","-122,500,400","-110,266,600","-55,110,840","-123,297,200","-101,835,300","-105,100,100","-130,100,200","-152,303,800","-88,832,920","-138,531,300","-113,539,100","-104,055,700","-64,082,560","-58,124,100","-91,936,030"
206,THA,Thailand,BN.GSR.FCTY.CD,Net income (BoP current US$),,,,,,,,,,,,,,,,"10,991,560","-53,676,200","-38,137,060","-148,224,200","-277,865,200","-229,305,800","-502,425,200","-514,562,600","-227,085,800","-440,240,300","-597,129,700","-816,710,000","-829,672,300","-894,373,100","-780,518,300","-853,387,600","-1,075,393,000","-1,707,724,000","-1,406,247,000","-1,730,798,000","-2,113,630,000","-3,385,334,000","-3,480,238,000","-3,567,137,000","-2,990,957,000","-1,381,297,000","-2,457,156,000","-3,663,359,000","-4,973,236,000","-6,120,417,000","-7,173,503,000","-6,702,448,000","-7,376,164,000","-10,003,270,000"
207,TMP,Timor-Leste,BN.GSR.FCTY.CD,Net income (BoP current US$),,,,,,,,,,,,,,,,,,,,,,,,,,,,,,,,,,,,,,,,,,,,,,,,,
208,TGO,Togo,BN.GSR.FCTY.CD,Net income (BoP current US$),,,,,,,,,,,,,,,"398,829","-4,857,384","-3,921,314","-13,240,820","-20,455,930","-21,840,750","-39,932,880","-27,781,100","-42,348,560","-43,139,500","-38,802,480","-37,966,630","-41,991,780","-47,175,620","-49,629,300","-39,832,820","-32,468,390","-28,971,290","-27,201,450","9,189,067","-44,868,140","-33,611,240","-26,444,990","-28,833,100","-23,342,590","-38,375,890","-29,075,410","-29,328,610","-21,597,210","-23,501,360","-33,485,730","-35,287,700","-38,125,300","-30,372,020",
209,TON,Tonga,BN.GSR.FCTY.CD,Net income (BoP current US$),,,,,,,,,,,,"248,692","423,584","193,151","186,823","293,231","436,261","335,972","1,385,013","2,490,341","1,550,817","3,960,658","4,310,265","3,092,627","2,249,573","2,536,977","3,865,765","3,816,921","3,601,237","2,765,647","4,286,513","2,500,834","3,032,859","3,173,929",,,,,,,,"3,409,278","2,820,008","3,766,827","-1,901,307","6,020,839","8,181,565","7,384,568",
210,TTO,Trinidad and Tobago,BN.GSR.FCTY.CD,Net income (BoP current US$),,,,,,,,,,,,,,,,"-81,528,340","-103,457,300","-186,208,300","-71,291,660","-247,666,700","-305,583,300","-198,416,700","75,125,000","-137,208,300","-324,708,300","-349,387,700","-210,583,300","-274,888,900","-301,970,700","-377,647,100","-396,776,500","-442,070,600","-448,094,100","-325,821,100","-412,055,600","-390,060,400","-514,016,000","-381,193,600","-341,282,200","-399,900,000","-628,500,000","-539,300,000","-479,800,000","-680,900,000","-397,300,000","-760,000,000","-935,800,000","-963,700,000",
211,TUN,Tunisia,BN.GSR.FCTY.CD,Net income (BoP current US$),,,,,,,,,,,,,,,,,"-165,588,000","-179,508,100","-211,451,600","-260,786,700","-259,288,600","-301,739,000","-294,572,000","-268,133,400","-253,593,600","-360,696,800","-363,966,500","-427,194,400","-465,141,100","-448,741,900","-455,408,000","-552,658,900","-544,981,700","-555,919,900","-674,210,000","-715,834,000","-964,651,700","-862,639,300","-856,220,800","-888,532,900","-941,866,000","-849,996,100","-884,624,400","-956,414,300","-1,140,777,000","-1,478,457,000","-1,389,230,000","-1,766,095,000","-2,267,109,000"
212,TUR,Turkey,BN.GSR.FCTY.CD,Net income (BoP current US$),,,,,,,,,,,,,,,"-177,000,000","-164,000,000","-300,000,000","-341,000,000","-440,000,000","-976,000,000","-1,118,000,000","-1,426,000,000","-1,488,000,000","-1,466,000,000","-1,503,000,000","-1,553,000,000","-1,877,000,000","-2,085,000,000","-2,513,000,000","-2,327,000,000","-2,508,000,000","-2,663,000,000","-2,625,000,000","-2,745,000,000","-3,264,000,000","-3,204,000,000","-2,927,000,000","-3,013,000,000","-2,985,000,000","-3,537,000,000","-4,002,000,000","-5,000,000,000","-4,554,000,000","-5,557,000,000","-5,609,000,000","-5,875,000,000","-6,691,000,000","-7,143,000,000","-7,964,000,000"
213,TKM,Turkmenistan,BN.GSR.FCTY.CD,Net income (BoP current US$),,,,,,,,,,,,,,,,,,,,,,,,,,,,,,,,,,,,,"16,730,000","84,910,000",,,,,,,,,,,
214,UGA,Uganda,BN.GSR.FCTY.CD,Net income (BoP current US$),,,,,,,,,,,,,,,,,,,,,"-7,369,700","-12,398,570","-26,296,620","-50,937,300","-36,856,290","-19,502,150","-35,967,060","-18,010,300","-25,210,150","-23,320,590","-47,800,000","-73,870,000","-84,200,000","-58,940,000","-57,200,000","-95,600,000","-49,500,000","-15,230,000","-9,200,000","-127,400,000","-112,400,000","-165,269,000","-123,799,200","-143,212,400","-293,092,300","-249,101,400","-239,068,100","-248,744,300","-288,326,500"
215,UKR,Ukraine,BN.GSR.FCTY.CD,Net income (BoP current US$),,,,,,,,,,,,,,,,,,,,,,,,,,,,,,,,,,,"-344,000,000","-434,000,000","-571,000,000","-644,000,000","-871,000,000","-869,000,000","-942,000,000","-667,000,000","-604,000,000","-581,000,000","-645,000,000","-985,000,000","-1,722,000,000","-659,000,000","-1,540,000,000"
216,ARE,United Arab Emirates,BN.GSR.FCTY.CD,Net income (BoP current US$),,,,,,,,,,,,,,,,,,,,,,,,,,,,,,,,,,,,,,,,,,,,,,,,,
217,GBR,United Kingdom,BN.GSR.FCTY.CD,Net income (BoP current US$),,,,,,,,,,,"1,430,399,000","1,339,543,000","1,497,600,000","3,253,677,000","3,529,924,000","1,958,990,000","2,792,008,000","459,035,700","1,544,634,000","2,562,589,000","-418,166,400","2,539,393,000","2,525,795,000","4,290,589,000","5,727,340,000","2,884,744,000","6,806,726,000","1,376,339,000","1,328,509,000","-1,216,482,000","-5,153,565,000","-5,943,275,000","275,129,700","-283,979,900","5,110,501,000","3,393,033,000","763,295,200","5,374,229,000","20,435,740,000","1,443,584,000","5,156,497,000","17,600,640,000","31,884,820,000","34,088,550,000","37,066,360,000","42,109,770,000","19,420,060,000","48,921,560,000","75,371,630,000"
218,USA,United States,BN.GSR.FCTY.CD,Net income (BoP current US$),,,,,,,,,,,"6,680,000,000","7,900,000,000","8,920,001,000","12,830,000,000","15,520,000,000","12,790,000,000","15,970,000,000","17,730,000,000","20,310,000,000","30,940,000,000","29,580,000,000","32,390,000,000","29,180,000,000","30,813,000,000","29,999,000,000","19,787,000,000","15,481,000,000","14,293,000,000","18,675,000,000","19,800,000,000","28,560,000,000","24,130,000,000","24,236,000,000","25,339,000,000","17,134,000,000","20,899,300,000","22,324,800,000","12,624,800,000","4,280,100,000","13,888,200,000","21,055,400,000","31,723,310,000","27,397,200,000","45,307,280,000","67,219,030,000","72,355,710,000","48,085,800,000","90,843,300,000","118,232,900,000"
219,URY,Uruguay,BN.GSR.FCTY.CD,Net income (BoP current US$),,,,,,,,,,,,,,,,,,,"-76,800,000","-54,900,000","-100,100,000","-73,800,000","-196,800,000","-296,000,000","-361,600,000","-350,900,000","-291,700,000","-301,800,000","-324,300,000","-348,900,000","-321,300,000","-232,400,000","-187,100,000","-192,400,000","-242,600,000","-227,000,000","-188,700,000","-192,700,000","-197,900,000","-143,800,000","-60,709,260","-67,822,720","108,633,900","-488,407,800","-587,989,800","-494,155,500","-428,313,200","-515,882,300","-626,605,100"
220,UZB,Uzbekistan,BN.GSR.FCTY.CD,Net income (BoP current US$),,,,,,,,,,,,,,,,,,,,,,,,,,,,,,,,,,,,,,,,,,,,,,,,,
221,VUT,Vanuatu,BN.GSR.FCTY.CD,Net income (BoP current US$),,,,,,,,,,,,,,,,,,,,,,,"-21,110,620","-17,208,820","-19,122,540","-13,486,150","-8,145,117","-20,717,070","-17,609,020","-5,757,326","-1,400,630","-24,297,560","-29,950,420","-28,526,870","-37,419,850","-36,713,040","-31,728,280","-30,275,930","-8,284,983","-5,091,769","-12,966,380","-4,001,494","-11,529,440","-14,392,110","-18,717,700","-26,010,870","-20,113,110","-24,740,990",
222,VEN,Venezuela RB,BN.GSR.FCTY.CD,Net income (BoP current US$),,,,,,,,,,,"-553,000,000","-738,000,000","-480,000,000","-688,000,000","-637,000,000","100,000,000","208,000,000","88,000,000","38,000,000","-3,000,000","329,000,000","574,000,000","-1,530,000,000","-2,113,000,000","-2,062,000,000","-2,233,000,000","-1,602,000,000","-1,619,000,000","-1,771,000,000","-2,368,000,000","-774,000,000","-598,000,000","-1,746,000,000","-1,715,000,000","-1,904,000,000","-1,943,000,000","-1,725,000,000","-2,517,000,000","-2,534,000,000","-1,453,000,000","-1,388,000,000","-2,020,000,000","-2,756,000,000","-2,337,000,000","-3,673,000,000","-2,265,000,000","-1,045,000,000","2,467,000,000","698,000,000"
223,VNM,Vietnam,BN.GSR.FCTY.CD,Net income (BoP current US$),,,,,,,,,,,,,,,,,,,,,,,,,,,,,,,,,,,,,"-384,000,000","-543,000,000","-677,000,000","-429,000,000","-451,000,000","-477,000,000","-721,000,000","-811,000,000","-891,000,000","-1,205,000,000","-1,429,000,000","-2,190,000,000","-4,400,000,000"
224,VIR,Virgin Islands (U.S.),BN.GSR.FCTY.CD,Net income (BoP current US$),,,,,,,,,,,,,,,,,,,,,,,,,,,,,,,,,,,,,,,,,,,,,,,,,
225,WBG,West Bank and Gaza,BN.GSR.FCTY.CD,Net income (BoP current US$),,,,,,,,,,,,,,,,,,,,,,,,,,,,,,,,,"-23,200,000","-42,400,000",,"607,100,000","578,000,000","651,255,000","901,453,000","937,141,800","824,200,800","485,325,200","381,057,200","449,631,900","425,222,600","566,771,100","646,222,000","733,740,600",
226,YEM,Yemen Rep.,BN.GSR.FCTY.CD,Net income (BoP current US$),,,,,,,,,,,,,,,,,,,,,,,,,,,,,,,"-371,500,000","-485,600,000","-417,200,000","-408,200,000","-531,900,000","-561,000,000","-633,900,000","-601,000,000","-344,400,000","-695,600,000","-777,110,500","-690,913,000","-765,618,100","-909,392,300","-1,346,454,000","-1,612,460,000","-1,234,317,000","-1,350,185,000","-1,915,322,000"
227,ZMB,Zambia,BN.GSR.FCTY.CD,Net income (BoP current US$),,,,,,,,,,,,,,,,,,,"-153,700,000","-169,500,000","-205,000,000","-109,600,000","-188,300,000","-238,100,000","-182,600,000","-410,400,000","-352,300,000","-327,800,000","-600,700,000","-507,700,000","-437,400,000","-685,800,000",,,,,,"-248,800,000","-214,200,000","-133,700,000","-164,300,000","-139,700,000","-148,200,000","-144,600,000","-349,800,000","-595,200,000","-1,168,320,000","-1,486,120,000","-1,398,480,000"
228,ZWE,Zimbabwe,BN.GSR.FCTY.CD,Net income (BoP current US$),,,,,,,,,,,,,,,,,,"-66,841,730","-54,149,620","-69,292,730","-61,127,130","-117,893,400","-210,562,800","-185,241,200","-115,790,700","-129,044,600","-189,115,600","-195,374,400","-216,538,500","-210,073,000","-263,347,800","-251,914,300","-276,270,600","-252,049,800","-293,652,400",,,,,,,,,,,,,,
