,,,,,1990,1991,1992,1993,1994,1995,1996,1997,1998,1999,2000,2001,2002,2003,2004,2005,2006,2007
1,EAP,East Asia & Pacific,AG.LND.FRST.ZS,Forest area (% of land area),28.8624,28.7871,28.7117,28.6364,28.5611,28.4906,28.4153,28.3401,28.2647,28.1894,28.1397,28.1970,28.2552,28.3134,28.3709,28.4284,28.4855,28.5427
2,ECA,Europe & Central Asia,AG.LND.FRST.ZS,Forest area (% of land area),38.2190,38.2277,38.2367,38.2513,38.2678,38.2812,38.2904,38.2977,38.3019,38.2990,38.3194,38.3239,38.3261,38.3294,38.3356,38.3355,38.3481,38.3518
3,EMU,Euro area,AG.LND.FRST.ZS,Forest area (% of land area),33.5892,33.8482,34.1077,34.3681,34.6283,34.8885,35.1487,35.4089,35.6691,35.9293,36.1959,36.4191,36.6278,36.8409,37.0577,37.2754,37.5004,37.7170
4,HIC,High income,AG.LND.FRST.ZS,Forest area (% of land area),28.6131,28.6365,28.6601,28.6838,28.7076,28.7323,28.7561,28.7209,28.7445,28.7682,28.7899,28.8091,28.8258,28.8443,28.8614,28.8787,28.8961,28.9134
5,HPC,Heavily indebted poor countries (HIPC),AG.LND.FRST.ZS,Forest area (% of land area),31.3515,31.1522,30.9529,30.7537,30.5546,30.3554,30.1562,29.9570,29.7578,29.5587,29.3595,29.1816,29.0037,28.8258,28.6480,28.4701,28.2889,28.1111
6,LAC,Latin America & Caribbean,AG.LND.FRST.ZS,Forest area (% of land area),48.8080,48.5851,48.3622,48.1393,47.9164,47.6935,47.4706,47.2477,47.0248,46.8019,46.5790,46.3437,46.1083,45.8729,45.6375,45.4021,45.1632,44.9279
7,LDC,Least developed countries: UN classification,AG.LND.FRST.ZS,Forest area (% of land area),30.4104,30.2121,30.0139,29.8157,29.6276,29.4293,29.2310,29.0327,28.8344,28.6361,28.4373,28.2531,28.0690,27.8848,27.7031,27.5190,27.3349,27.1507
8,LIC,Low income,AG.LND.FRST.ZS,Forest area (% of land area),27.8503,27.6585,27.4667,27.2759,27.0851,26.8943,26.7035,26.5126,26.3218,26.1310,25.9597,25.7860,25.6132,25.4402,25.2668,25.0933,24.9198,24.7461
9,LMC,Lower middle income,AG.LND.FRST.ZS,Forest area (% of land area),25.7123,25.6313,25.5503,25.4697,25.3949,25.3157,25.2306,25.1501,25.0697,24.9896,24.9092,24.8913,24.8734,24.8556,24.8391,24.8211,24.8010,24.7831
10,LMY,Low & middle income,AG.LND.FRST.ZS,Forest area (% of land area),32.3784,32.2780,32.1776,32.0783,31.9817,31.8829,31.7806,31.6799,31.5785,31.4757,31.3821,31.3002,31.2180,31.1360,31.0550,30.9722,30.8911,30.8090
11,MIC,Middle income,AG.LND.FRST.ZS,Forest area (% of land area),33.4762,33.3978,33.3196,33.2426,33.1690,33.0926,33.0117,32.9327,32.8530,32.7714,32.6958,32.6361,32.5758,32.5159,32.4573,32.3965,32.3379,32.2779
12,MNA,Middle East & North Africa,AG.LND.FRST.ZS,Forest area (% of land area),2.31455,2.32390,2.33327,2.34262,2.35198,2.36133,2.37008,2.37942,2.38878,2.39813,2.40748,2.41471,2.42193,2.42921,2.43645,2.44367,2.45088,2.45810
13,NOC,High income: nonOECD,AG.LND.FRST.ZS,Forest area (% of land area),4.35570,4.35426,4.35386,4.35556,4.35724,4.37005,4.37162,4.27497,4.27654,4.27821,4.27985,4.27949,4.27912,4.28147,4.28113,4.28106,4.28025,4.28030
14,OEC,High income: OECD,AG.LND.FRST.ZS,Forest area (% of land area),30.9942,31.0201,31.0459,31.0719,31.0978,31.1237,31.1497,31.1757,31.2016,31.2275,31.2510,31.2724,31.2906,31.3093,31.3282,31.3471,31.3665,31.3854
15,SAS,South Asia,AG.LND.FRST.ZS,Forest area (% of land area),16.4931,16.5314,16.5697,16.6080,16.6705,16.7089,16.7473,16.7857,16.8241,16.8625,16.8996,16.8750,16.8505,16.8259,16.8073,16.7827,16.7581,16.7336
16,SSA,Sub-Saharan Africa,AG.LND.FRST.ZS,Forest area (% of land area),29.2304,29.0425,28.8546,28.6667,28.4787,28.2908,28.1029,27.9150,27.7271,27.5392,27.3513,27.1783,27.0054,26.8324,26.6594,26.4865,26.3137,26.1408
17,UMC,Upper middle income,AG.LND.FRST.ZS,Forest area (% of land area),38.7199,38.6434,38.5671,38.4928,38.4194,38.3453,38.2682,38.1902,38.1106,38.0272,37.9556,37.8678,37.7787,37.6903,37.6033,37.5132,37.4292,37.3409
18,WLD,World,AG.LND.FRST.ZS,Forest area (% of land area),31.4062,31.3378,31.2694,31.2018,31.1362,31.0693,30.9996,30.9146,30.8456,30.7755,30.7116,30.6559,30.5992,30.5433,30.4877,30.4308,30.3751,30.3187
19,AFG,Afghanistan,AG.LND.FRST.ZS,Forest area (% of land area),2.00696,1.96189,1.91681,1.87173,1.82666,1.78158,1.73650,1.69143,1.64635,1.60128,1.55620,1.51020,1.46543,1.42005,1.37467,1.32929,1.28390,1.23852
20,ALB,Albania,AG.LND.FRST.ZS,Forest area (% of land area),28.7956,28.7226,28.6496,28.5766,28.5037,28.4307,28.3577,28.2847,28.2117,28.1387,28.0657,28.2482,28.4307,28.6131,28.7956,28.9781,29.1606,29.3431
21,DZA,Algeria,AG.LND.FRST.ZS,Forest area (% of land area),0.751467,0.766331,0.781236,0.796099,0.810962,0.825825,0.840688,0.855551,0.870456,0.885319,0.900182,0.911351,0.922477,0.933645,0.944813,0.955940,0.967108,0.978234
22,ASM,American Samoa,AG.LND.FRST.ZS,Forest area (% of land area),92,92,91.5000,91.5000,91.5000,91,91,91,90.5000,90.5000,90.5000,90,90,90,89.5000,89.5000,89,89
23,ADO,Andorra,AG.LND.FRST.ZS,Forest area (% of land area),34.0426,34.0426,34.0426,34.0426,34.0426,34.0426,34.0426,34.0426,34.0426,34.0426,34.0426,34.0426,34.0426,34.0426,34.0426,34.0426,34.0426,34.0426
24,AGO,Angola,AG.LND.FRST.ZS,Forest area (% of land area),48.9099,48.8098,48.7097,48.6096,48.5095,48.4094,48.3093,48.2092,48.1091,48.0090,47.9089,47.8088,47.7087,47.6086,47.5085,47.4084,47.3083,47.2082
25,ATG,Antigua and Barbuda,AG.LND.FRST.ZS,Forest area (% of land area),21.3636,21.3636,21.3636,21.3636,21.3636,21.3636,21.3636,21.3636,21.3636,21.3636,21.3636,21.3636,21.3636,21.3636,21.3636,21.3636,21.3636,21.3636
26,ARG,Argentina,AG.LND.FRST.ZS,Forest area (% of land area),12.8849,12.8304,12.7759,12.7214,12.6668,12.6123,12.5578,12.5033,12.4488,12.3942,12.3397,12.2850,12.2303,12.1755,12.1208,12.0660,12.0113,11.9566
27,ARM,Armenia,AG.LND.FRST.ZS,Forest area (% of land area),,,11.9787,11.8333,11.6879,11.5426,11.3972,11.2518,11.1064,10.9610,10.8156,10.6596,10.5036,10.3475,10.1915,10.0355,9.87943,9.72340
28,ABW,Aruba,AG.LND.FRST.ZS,Forest area (% of land area),2.22222,2.22222,2.22222,2.22222,2.22222,2.22222,2.22222,2.22222,2.22222,2.22222,2.22222,2.22222,2.22222,2.22222,2.22222,2.22222,2.22222,2.22222
29,AUS,Australia,AG.LND.FRST.ZS,Forest area (% of land area),21.8560,21.8135,21.7711,21.7287,21.6863,21.6438,21.6014,21.5590,21.5166,21.4742,21.4317,21.4066,21.3814,21.3562,21.3310,21.3059,21.2807,21.2555
30,AUT,Austria,AG.LND.FRST.ZS,Forest area (% of land area),45.7975,45.8727,45.9479,46.0230,46.0982,46.1734,46.2486,46.3238,46.3990,46.4742,46.5494,46.6076,46.6659,46.7241,46.7823,46.8405,46.8987,46.9569
31,AZE,Azerbaijan,AG.LND.FRST.ZS,Forest area (% of land area),,,11.2477,11.2477,11.2477,11.2477,11.2477,11.2477,11.2646,11.3173,11.3310,11.3312,11.3293,11.3246,11.3219,11.3235,11.3267,11.3277
32,BHS,Bahamas The,AG.LND.FRST.ZS,Forest area (% of land area),51.4486,51.4486,51.4486,51.4486,51.4486,51.4486,51.4486,51.4486,51.4486,51.4486,51.4486,51.4486,51.4486,51.4486,51.4486,51.4486,51.4486,51.4486
33,BHR,Bahrain,AG.LND.FRST.ZS,Forest area (% of land area),0.289855,0.289855,0.422535,0.422535,0.422535,0.422535,0.422535,0.422535,0.422535,0.563380,0.563380,0.563380,0.563380,0.563380,0.563380,0.704225,0.704225,0.704225
34,BGD,Bangladesh,AG.LND.FRST.ZS,Forest area (% of land area),6.77576,6.77729,6.77883,6.77960,6.78113,6.78267,6.78344,6.78497,6.78651,6.78805,6.78882,6.77038,6.75117,6.73197,6.71276,6.69432,6.67512,6.65591
35,BRB,Barbados,AG.LND.FRST.ZS,Forest area (% of land area),3.95349,3.95349,3.95349,3.95349,3.95349,3.95349,3.95349,3.95349,3.95349,3.95349,3.95349,3.95349,3.95349,3.95349,3.95349,3.95349,3.95349,3.95349
36,BLR,Belarus,AG.LND.FRST.ZS,Forest area (% of land area),,,36.8290,37.0617,37.2944,37.5271,37.7598,37.9925,38.2252,38.4579,38.6906,38.7360,38.7832,38.8286,38.8778,38.9193,38.9512,38.9966
37,BEL,Belgium,AG.LND.FRST.ZS,Forest area (% of land area),,,,,,,,,,,22.0277,22.0277,22.0277,22.0277,22.0277,22.0277,22.0277,22.0277
38,BLZ,Belize,AG.LND.FRST.ZS,Forest area (% of land area),72.4682,72.4682,72.4682,72.4682,72.4682,72.4682,72.4682,72.4682,72.4682,72.4682,72.4682,72.4682,72.4682,72.4682,72.4682,72.4682,72.4682,72.4682
39,BEN,Benin,AG.LND.FRST.ZS,Forest area (% of land area),30.0307,29.4459,28.8610,28.2761,27.6912,27.1063,26.5214,25.9365,25.3517,24.7668,24.1819,23.5961,23.0103,22.4245,21.8387,21.2529,20.6672,20.0814
40,BMU,Bermuda,AG.LND.FRST.ZS,Forest area (% of land area),20,20,20,20,20,20,20,20,20,20,20,20,20,20,20,20,20,20
41,BTN,Bhutan,AG.LND.FRST.ZS,Forest area (% of land area),64.5745,64.8000,65.0255,65.2511,76.7872,77.0517,77.3162,77.5807,77.8452,78.1096,78.3741,78.6436,78.9131,79.1826,82.9348,83.2161,83.4974,83.7787
42,BOL,Bolivia,AG.LND.FRST.ZS,Forest area (% of land area),57.9664,57.7168,57.4672,57.2176,56.9680,56.7184,56.4688,56.2192,55.9695,55.7199,55.4703,55.2209,54.9715,54.7221,54.4726,54.2232,53.9738,53.7244
43,BIH,Bosnia and Herzegovina,AG.LND.FRST.ZS,Forest area (% of land area),,,43.0664,43.0176,42.9688,42.9199,42.8711,42.8223,42.7734,42.7246,42.6758,42.6758,42.6758,42.6758,42.6758,42.6758,42.6758,42.6758
44,BWA,Botswana,AG.LND.FRST.ZS,Forest area (% of land area),24.2055,23.9968,23.7881,23.5793,23.3706,23.1618,22.9531,22.7443,22.5356,22.3269,22.1181,21.9092,21.7003,21.4914,21.2824,21.0735,20.8646,20.6557
45,BRA,Brazil,AG.LND.FRST.ZS,Forest area (% of land area),61.4731,61.1562,60.8392,60.5222,60.2052,59.8883,59.5713,59.2543,58.9374,58.6204,58.3034,57.9366,57.5698,57.2030,56.8362,56.4694,56.1026,55.7357
46,BRN,Brunei Darussalam,AG.LND.FRST.ZS,Forest area (% of land area),59.3928,58.9184,58.4440,57.9696,57.4953,57.0209,56.5465,56.0721,55.5977,55.1233,54.6490,54.2695,53.8899,53.5104,53.1309,52.7514,52.3719,51.9924
47,BGR,Bulgaria,AG.LND.FRST.ZS,Forest area (% of land area),30.0732,30.1166,30.1600,30.2034,30.2468,30.2902,30.3335,30.3769,30.4203,30.4637,30.5071,30.9591,31.9393,32.4078,32.8705,33.3671,33.8304,34.2970
48,BFA,Burkina Faso,AG.LND.FRST.ZS,Forest area (% of land area),26.1484,26.0607,25.9730,25.8852,25.7975,25.7098,25.6221,25.5344,25.4470,25.3593,25.2716,25.1839,25.0961,25.0084,24.9207,24.8330,24.7453,24.6579
49,BDI,Burundi,AG.LND.FRST.ZS,Forest area (% of land area),11.2539,10.8995,10.5452,10.1908,9.83645,9.48209,9.12773,8.77336,8.41900,8.06464,7.71028,7.35203,6.99377,6.63551,6.27726,5.91900,5.56075,5.20249
50,KHM,Cambodia,AG.LND.FRST.ZS,Forest area (% of land area),73.3401,72.5442,71.7483,70.9523,70.1564,69.3604,68.5645,67.7685,66.9726,66.1766,65.3807,64.1412,62.9017,61.6621,60.4226,59.1831,57.9436,56.7041
51,CMR,Cameroon,AG.LND.FRST.ZS,Forest area (% of land area),51.9240,51.4586,50.9932,50.5278,50.0624,49.5970,49.1316,48.6662,48.2008,47.7354,47.2700,46.8046,46.3392,45.8738,45.4084,44.9430,44.4776,44.0122
52,CAN,Canada,AG.LND.FRST.ZS,Forest area (% of land area),34.1050,34.1050,34.1050,34.1050,34.1050,34.1050,34.1050,34.1050,34.1050,34.1050,34.1050,34.1050,34.1050,34.1050,34.1050,34.1050,34.1050,34.1050
53,CPV,Cape Verde,AG.LND.FRST.ZS,Forest area (% of land area),14.3424,14.9380,15.5335,16.1539,16.7494,17.3449,17.9653,18.5608,19.1563,19.7767,20.3722,20.4467,20.5211,20.5955,20.6700,20.7444,20.8933,20.9677
54,CYM,Cayman Islands,AG.LND.FRST.ZS,Forest area (% of land area),47.6923,47.6923,47.6923,47.6923,47.6923,47.6923,47.6923,47.6923,47.6923,47.6923,47.6923,47.6923,47.6923,47.6923,47.6923,47.6923,47.6923,47.6923
55,CAF,Central African Republic,AG.LND.FRST.ZS,Forest area (% of land area),37.2440,37.1958,37.1477,37.0995,37.0514,37.0032,36.9551,36.9069,36.8588,36.8106,36.7624,36.7149,36.6674,36.6199,36.5724,36.5249,36.4774,36.4299
56,TCD,Chad,AG.LND.FRST.ZS,Forest area (% of land area),10.4111,10.3482,10.2853,10.2223,10.1593,10.0964,10.0334,9.97046,9.90748,9.84458,9.78161,9.71871,9.65581,9.59292,9.53002,9.46712,9.40423,9.34133
57,CHI,Channel Islands,AG.LND.FRST.ZS,Forest area (% of land area),4.21053,4.21053,4.21053,4.21053,4.21053,4.21053,4.21053,4.21053,4.21053,4.21053,4.21053,4.21053,4.21053,4.21053,4.21053,4.21053,4.21053,4.21053
58,CHL,Chile,AG.LND.FRST.ZS,Forest area (% of land area),20.5203,20.5971,20.6738,20.7506,20.8274,20.9041,20.9809,21.0577,21.1345,21.2112,21.2880,21.3652,21.4423,21.5195,21.5967,21.6738,21.7510,21.8282
59,CHN,China,AG.LND.FRST.ZS,Forest area (% of land area),16.8472,17.0601,17.2731,17.4860,17.6989,17.9117,18.1246,18.3375,18.5505,18.7634,18.9763,19.4113,19.8464,20.2814,20.7164,21.1515,21.5865,22.0215
60,COL,Colombia,AG.LND.FRST.ZS,Forest area (% of land area),55.3754,55.3325,55.2896,55.2467,55.2038,55.1609,55.1180,55.0751,55.0322,54.9893,54.9464,54.9040,54.8617,54.8193,54.7769,54.7346,54.6922,54.6498
61,COM,Comoros,AG.LND.FRST.ZS,Forest area (% of land area),6.44815,6.23321,6.01827,5.80333,5.58839,5.37346,5.15852,4.94358,4.72864,4.51370,4.29876,4.03009,3.76142,3.49275,3.22407,2.95699,2.63441,2.36559
62,ZAR,Congo Dem. Rep.,AG.LND.FRST.ZS,Forest area (% of land area),61.9883,61.7534,61.5186,61.2837,61.0489,60.8141,60.5792,60.3444,60.1095,59.8747,59.6398,59.4990,59.3581,59.2172,59.0763,58.9354,58.7945,58.6536
63,COG,Congo Rep.,AG.LND.FRST.ZS,Forest area (% of land area),66.5485,66.4987,66.4489,66.3991,66.3493,66.2996,66.2498,66.2000,66.1502,66.1004,66.0507,66.0009,65.9511,65.9013,65.8515,65.8018,65.7520,65.7022
64,CRI,Costa Rica,AG.LND.FRST.ZS,Forest area (% of land area),50.2154,49.8472,49.4791,49.1109,48.7427,48.3745,48.0063,47.6381,47.2699,46.9017,46.5335,46.5922,46.6510,46.7098,46.7685,46.8273,46.8860,46.9448
65,CIV,Cote d'Ivoire,AG.LND.FRST.ZS,Forest area (% of land area),32.1447,32.1780,32.2113,32.2447,32.2780,32.3113,32.3447,32.3780,32.4113,32.4447,32.4780,32.5264,32.5748,32.6233,32.6717,32.7201,32.7686,32.8170
66,HRV,Croatia,AG.LND.FRST.ZS,Forest area (% of land area),,,37.8863,37.9095,37.9328,37.9560,37.9793,38.0025,38.0258,38.0490,38.0723,38.0937,38.1152,39.4634,39.4929,39.6325,39.4278,39.6476
67,CUB,Cuba,AG.LND.FRST.ZS,Forest area (% of land area),18.7398,19.0830,19.4263,19.7696,20.1129,20.4562,20.7995,21.1428,21.4861,21.8294,22.1727,22.6789,23.1852,23.6915,24.1978,24.7041,25.2103,25.7166
68,CYP,Cyprus,AG.LND.FRST.ZS,Forest area (% of land area),17.4351,17.5649,17.6840,17.8139,17.9437,18.0628,18.1926,18.3225,18.4416,18.5714,18.7013,18.7338,18.7662,18.8095,18.8420,18.8745,18.9069,18.9394
69,CZE,Czech Republic,AG.LND.FRST.ZS,Forest area (% of land area),,,,34.0637,34.0727,34.0818,34.0909,34.0999,34.1090,34.1180,34.1271,34.1556,34.1840,34.2125,34.2454,34.2739,34.3068,34.3353
70,DNK,Denmark,AG.LND.FRST.ZS,Forest area (% of land area),10.4978,10.5945,10.6811,10.7778,10.8744,10.9710,11.0676,11.1643,11.2609,11.3575,11.4542,11.5202,11.5861,11.6521,11.7181,11.7841,11.8501,11.9161
71,DJI,Djibouti,AG.LND.FRST.ZS,Forest area (% of land area),0.241588,0.241588,0.241588,0.241588,0.241588,0.241588,0.241588,0.241588,0.241588,0.241588,0.241588,0.241588,0.241588,0.241588,0.241588,0.241588,0.241588,0.241588
72,DMA,Dominica,AG.LND.FRST.ZS,Forest area (% of land area),66.6667,66.2667,66,65.6000,65.2000,64.9333,64.5333,64.1333,63.8667,63.4667,63.0667,62.8000,62.4000,62,61.7333,61.3333,60.9333,60.6667
73,DOM,Dominican Republic,AG.LND.FRST.ZS,Forest area (% of land area),28.4768,28.4768,28.4768,28.4768,28.4768,28.4768,28.4768,28.4768,28.4768,28.4768,28.4768,28.4768,28.4768,28.4768,28.4768,28.4768,28.4768,28.4768
74,ECU,Ecuador,AG.LND.FRST.ZS,Forest area (% of land area),49.9097,49.1959,48.4822,47.7684,47.0546,46.3409,45.6271,44.9133,44.1995,43.4858,42.7720,42.0586,41.3448,40.6314,39.9176,39.2042,38.4908,37.7771
75,EGY,Egypt Arab Rep.,AG.LND.FRST.ZS,Forest area (% of land area),0.0442011,0.0457080,0.0472148,0.0487217,0.0502285,0.0517354,0.0532423,0.0547491,0.0562560,0.0577628,0.0592697,0.0608770,0.0624843,0.0640916,0.0656989,0.0673062,0.0689136,0.0705209
76,SLV,El Salvador,AG.LND.FRST.ZS,Forest area (% of land area),18.0985,17.8523,17.6062,17.3600,17.1139,16.8678,16.6216,16.3755,16.1293,15.8832,15.6371,15.3861,15.1351,14.8842,14.6332,14.3822,14.1313,13.8803
77,GNQ,Equatorial Guinea,AG.LND.FRST.ZS,Forest area (% of land area),66.3102,65.7683,65.2300,64.6881,64.1462,63.6078,63.0660,62.5241,61.9822,61.4439,60.9020,60.3565,59.8146,59.2692,58.7273,58.1818,57.6364,57.0945
78,ERI,Eritrea,AG.LND.FRST.ZS,Forest area (% of land area),,,,15.9158,15.8713,15.8267,15.7822,15.7376,15.6931,15.6485,15.6040,15.5604,15.5168,15.4733,15.4297,15.3861,15.3861,15.3426
79,EST,Estonia,AG.LND.FRST.ZS,Forest area (% of land area),,,51.4036,51.5924,51.7811,51.9698,52.1585,52.3473,52.5360,52.7247,52.9134,53.1069,53.3003,53.4938,53.6872,53.8806,54.0741,54.2675
80,ETH,Ethiopia,AG.LND.FRST.ZS,Forest area (% of land area),,,,14.6913,14.5504,14.4095,14.2686,14.1277,13.9868,13.8459,13.7050,13.5640,13.4230,13.2820,13.1410,13,12.8590,12.7180
81,FRO,Faeroe Islands,AG.LND.FRST.ZS,Forest area (% of land area),0.0714286,0.0714286,0.0714286,0.0714286,0.0714286,0.0714286,0.0714286,0.0714286,0.0714286,0.0714286,0.0714286,0.0714286,0.0714286,0.0714286,0.0714286,0.0714286,0.0714286,0.0714286
82,FJI,Fiji,AG.LND.FRST.ZS,Forest area (% of land area),53.5851,53.7001,53.8150,53.9299,54.0449,54.1598,54.2748,54.3897,54.5047,54.6196,54.7345,54.7345,54.7345,54.7345,54.7345,54.7345,54.7345,54.7345
83,FIN,Finland,AG.LND.FRST.ZS,Forest area (% of land area),72.8652,72.9574,73.0497,73.1419,73.2342,73.3264,73.4187,73.5110,73.6032,73.6955,73.7877,73.8041,73.8206,73.8370,73.8534,73.8698,74.0028,74.0241
84,FRA,France,AG.LND.FRST.ZS,Forest area (% of land area),26.5452,26.6936,26.8421,26.9905,27.1390,27.2874,27.4359,27.5843,27.7328,27.8812,28.0297,28.1038,28.1779,28.2521,28.3262,28.4008,28.4750,28.5491
85,PYF,French Polynesia,AG.LND.FRST.ZS,Forest area (% of land area),28.6885,28.6885,28.6885,28.6885,28.6885,28.6885,28.6885,28.6885,28.6885,28.6885,28.6885,28.6885,28.6885,28.6885,28.6885,28.6885,28.6885,28.6885
86,GAB,Gabon,AG.LND.FRST.ZS,Forest area (% of land area),85.0972,85.0580,85.0188,84.9796,84.9404,84.9012,84.8620,84.8228,84.7836,84.7444,84.7053,84.6657,84.6261,84.5865,84.5469,84.5073,84.4677,84.4282
87,GMB,Gambia The,AG.LND.FRST.ZS,Forest area (% of land area),44.2000,44.3900,44.5800,44.7700,44.9600,45.1500,45.3400,45.5300,45.7200,45.9100,46.1000,46.3000,46.5000,46.7000,46.9000,47.1000,47.3000,47.5000
88,GEO,Georgia,AG.LND.FRST.ZS,Forest area (% of land area),,,39.7151,39.7165,39.7165,39.7165,39.7165,39.7165,39.7180,39.7180,39.7180,39.7180,39.7180,39.7194,39.7194,39.7194,39.7194,39.7194
89,DEU,Germany,AG.LND.FRST.ZS,Forest area (% of land area),30.7968,30.8929,30.9889,31.0850,31.1810,31.2771,31.3731,31.4692,31.5652,31.6613,31.7573,31.7573,31.7573,31.7573,31.7573,31.7573,31.7573,31.7573
90,GHA,Ghana,AG.LND.FRST.ZS,Forest area (% of land area),32.7327,32.1377,31.5426,30.9475,30.3525,29.7574,29.1624,28.5673,27.9722,27.3772,26.7821,26.2749,25.7678,25.2606,24.7535,24.2463,23.7391,23.2320
91,GRC,Greece,AG.LND.FRST.ZS,Forest area (% of land area),25.5935,25.8278,26.0621,26.2964,26.5306,26.7649,26.9992,27.2335,27.4678,27.7021,27.9364,28.1707,28.4050,28.6393,28.8735,29.1078,29.3421,29.5764
92,GRL,Greenland,AG.LND.FRST.ZS,Forest area (% of land area),0.000585309,0.000585309,0.000585309,0.000585309,0.000585309,0.000585309,0.000585309,0.000487270,0.000487270,0.000487270,0.000487270,0.000487270,0.000487270,0.000487270,0.000487270,0.000487270,0.000487270,0.000487270
93,GRD,Grenada,AG.LND.FRST.ZS,Forest area (% of land area),12.3529,12.0588,12.0588,12.0588,12.0588,12.0588,12.0588,12.0588,12.0588,12.0588,12.0588,12.0588,12.0588,12.0588,12.0588,12.0588,12.0588,12.0588
94,GUM,Guam,AG.LND.FRST.ZS,Forest area (% of land area),47.9630,47.9630,47.9630,47.9630,47.9630,47.9630,47.9630,47.9630,47.9630,47.9630,47.9630,47.9630,47.9630,47.9630,47.9630,47.9630,47.9630,47.9630
95,GTM,Guatemala,AG.LND.FRST.ZS,Forest area (% of land area),44.3076,43.8037,43.2997,42.7958,42.2919,41.7880,41.2841,40.7801,40.2762,39.7723,39.2684,38.7645,38.2605,37.7566,37.2527,36.7488,36.2449,35.7410
96,GIN,Guinea,AG.LND.FRST.ZS,Forest area (% of land area),30.1481,29.9430,29.7379,29.5332,29.3281,29.1230,28.9179,28.7128,28.5081,28.3030,28.0978,27.9513,27.8048,27.6583,27.5118,27.3653,27.2188,27.0723
97,GNB,Guinea-Bissau,AG.LND.FRST.ZS,Forest area (% of land area),78.8193,78.4780,78.1366,77.7916,77.4502,77.1053,76.7639,76.4189,76.0775,75.7326,75.3912,75.0462,74.7048,74.3599,74.0149,73.6735,73.3286,72.9836
98,GUY,Guyana,AG.LND.FRST.ZS,Forest area (% of land area),76.7285,76.7285,76.7280,76.7280,76.7275,76.7275,76.7270,76.7270,76.7264,76.7264,76.7259,76.7259,76.7259,76.7259,76.7259,76.7259,76.7259,76.7259
99,HTI,Haiti,AG.LND.FRST.ZS,Forest area (% of land area),4.20900,4.18360,4.15820,4.13280,4.10740,4.08200,4.05660,4.03121,4.00581,3.98041,3.95501,3.92598,3.89695,3.86792,3.83890,3.80987,3.78084,3.75181
100,HND,Honduras,AG.LND.FRST.ZS,Forest area (% of land area),66.0023,64.2551,62.5078,60.7606,59.0133,57.2661,55.5188,53.7716,52.0243,50.2771,48.5298,47.1320,45.7342,44.3364,42.9386,41.5408,40.1430,38.7452
101,HKG,Hong Kong SAR China,AG.LND.FRST.ZS,Forest area (% of land area),,,,,,,,,,,,,,,,,,
102,HUN,Hungary,AG.LND.FRST.ZS,Forest area (% of land area),20.0401,20.1580,20.2760,20.3962,20.5141,20.6321,20.7501,20.8820,21,21.1180,21.2787,21.4327,21.5867,21.7407,21.8947,22.0511,22.2051,22.3591
103,ISL,Iceland,AG.LND.FRST.ZS,Forest area (% of land area),0.249377,0.262344,0.275312,0.288279,0.301247,0.314215,0.327182,0.340150,0.353117,0.366085,0.379052,0.395013,0.410973,0.426933,0.442893,0.458853,0.474813,0.490773
104,IND,India,AG.LND.FRST.ZS,Forest area (% of land area),21.5052,21.6268,21.7484,21.8699,21.9915,22.1131,22.2347,22.3563,22.4779,22.5995,22.7211,22.7309,22.7408,22.7507,22.7606,22.7705,22.7804,22.7903
105,IDN,Indonesia,AG.LND.FRST.ZS,Forest area (% of land area),64.3458,63.3128,62.2797,61.2466,60.2135,59.1804,58.1474,57.1143,56.0812,55.0481,54.0150,52.9820,51.9490,50.9160,49.8829,48.8499,47.8169,46.7838
106,IRN,Iran Islamic Rep.,AG.LND.FRST.ZS,Forest area (% of land area),6.80053,6.80053,6.80053,6.80053,6.80053,6.80053,6.80053,6.80053,6.80053,6.80053,6.80053,6.80053,6.80053,6.80053,6.80053,6.80053,6.80053,6.80053
107,IRQ,Iraq,AG.LND.FRST.ZS,Forest area (% of land area),1.83826,1.84146,1.84466,1.84786,1.85106,1.85427,1.85747,1.86067,1.86387,1.86707,1.87027,1.87210,1.87393,1.87576,1.87759,1.87942,1.88125,1.88307
108,IRL,Ireland,AG.LND.FRST.ZS,Forest area (% of land area),6.40151,6.64538,6.88924,7.13311,7.37698,7.62085,7.86471,8.10858,8.35245,8.59631,8.84018,9.01437,9.18856,9.36275,9.53694,9.71113,9.88532,10.0595
109,IMY,Isle of Man,AG.LND.FRST.ZS,Forest area (% of land area),6.14035,6.14035,6.14035,6.14035,6.14035,6.14035,6.14035,6.14035,6.14035,6.14035,6.14035,6.14035,6.14035,6.14035,6.14035,6.14035,6.14035,6.14035
110,ISR,Israel,AG.LND.FRST.ZS,Forest area (% of land area),7.11645,7.16266,7.20887,7.25508,7.30129,7.34751,7.39372,7.43993,7.48614,7.53235,7.57856,7.64325,7.70795,7.77264,7.83734,7.90203,7.96673,8.03142
111,ITA,Italy,AG.LND.FRST.ZS,Forest area (% of land area),28.5029,28.8647,29.2265,29.5883,29.9500,30.3118,30.6736,31.0353,31.3971,31.7589,32.1206,32.4824,32.8442,33.2026,33.5643,33.9260,34.2878,34.6495
112,JAM,Jamaica,AG.LND.FRST.ZS,Forest area (% of land area),31.8560,31.8190,31.7821,31.7452,31.7082,31.6713,31.6344,31.5974,31.5605,31.5236,31.4866,31.4497,31.4127,31.3758,31.3389,31.3019,31.2650,31.2281
113,JPN,Japan,AG.LND.FRST.ZS,Forest area (% of land area),68.4312,68.4109,68.3906,68.3703,68.3500,68.3297,68.3281,68.3078,68.2875,68.2672,68.2469,68.2425,68.2381,68.2337,68.2294,68.2250,68.2206,68.2162
114,JOR,Jordan,AG.LND.FRST.ZS,Forest area (% of land area),0.940617,0.940617,0.940617,0.940617,0.940617,0.940617,0.940617,0.940617,0.940617,0.940617,0.940617,0.940617,0.940617,0.940617,0.940617,0.940617,0.940617,0.940617
115,KAZ,Kazakhstan,AG.LND.FRST.ZS,Forest area (% of land area),,,1.26333,1.26121,1.25910,1.25699,1.25488,1.25277,1.25066,1.24855,1.24644,1.24436,1.24229,1.24021,1.23814,1.23606,1.23399,1.23192
116,KEN,Kenya,AG.LND.FRST.ZS,Forest area (% of land area),6.51509,6.49295,6.47082,6.44868,6.42654,6.40440,6.38226,6.36012,6.33798,6.31585,6.29371,6.27262,6.25154,6.23045,6.20937,6.18828,6.16720,6.14612
117,KIR,Kiribati,AG.LND.FRST.ZS,Forest area (% of land area),2.71605,2.71605,2.71605,2.71605,2.71605,2.71605,2.71605,2.71605,2.71605,2.71605,2.71605,2.71605,2.71605,2.71605,2.71605,2.71605,2.71605,2.71605
118,PRK,Korea Dem. Rep.,AG.LND.FRST.ZS,Forest area (% of land area),68.1090,66.9629,65.8168,64.6707,63.5246,62.3785,61.2325,60.0864,58.9403,57.7942,56.6481,55.5951,54.5420,53.4889,52.4358,51.3828,50.3297,49.2766
119,KOR,Korea Rep.,AG.LND.FRST.ZS,Forest area (% of land area),64.5295,64.4576,64.3857,64.3138,64.2419,64.1700,64.0981,64.0261,63.9542,63.8823,63.8104,65.0507,64.9447,64.8657,64.7800,64.6877,64.5954,64.4965
120,KSV,Kosovo,AG.LND.FRST.ZS,Forest area (% of land area),,,,,,,,,,,,,,,,,,41.3337
121,KWT,Kuwait,AG.LND.FRST.ZS,Forest area (% of land area),0.196409,0.202020,0.207632,0.218855,0.224467,0.235690,0.241302,0.246914,0.258137,0.263749,0.274972,0.280584,0.286195,0.297419,0.303030,0.314254,0.319865,0.325477
122,KGZ,Kyrgyz Republic,AG.LND.FRST.ZS,Forest area (% of land area),,,4.38373,4.39520,4.40667,4.41814,4.42909,4.44056,4.45203,4.46350,4.47497,4.48644,4.49791,4.50939,4.52086,4.53233,4.54380,4.55527
123,LAO,Lao PDR,AG.LND.FRST.ZS,Forest area (% of land area),75.0173,74.6785,74.3397,74.0009,73.6621,73.3232,72.9844,72.6456,72.3068,71.9679,71.6291,71.2912,70.9532,70.6153,70.2773,69.9393,69.6014,69.2634
124,LVA,Latvia,AG.LND.FRST.ZS,Forest area (% of land area),,,45.0766,45.2538,45.4311,45.6084,45.7857,45.9629,46.1402,46.3175,46.4948,46.4954,46.6752,46.8550,47.0348,47.2146,47.4325,47.6048
125,LBN,Lebanon,AG.LND.FRST.ZS,Forest area (% of land area),11.8280,11.9257,12.0235,12.1212,12.2190,12.3167,12.4145,12.5122,12.6100,12.7077,12.8055,12.9130,13.0205,13.1281,13.2356,13.3431,13.4506,13.5582
126,LSO,Lesotho,AG.LND.FRST.ZS,Forest area (% of land area),0.164745,0.171334,0.177924,0.184514,0.191104,0.197694,0.204283,0.210873,0.217463,0.224053,0.230643,0.237232,0.243822,0.250412,0.257002,0.263591,0.270181,0.276771
127,LBR,Liberia,AG.LND.FRST.ZS,Forest area (% of land area),42.1304,41.5044,40.8783,40.2523,39.6263,39.0002,38.3742,37.7481,37.1221,36.4961,35.8700,35.2450,34.6200,33.9950,33.3700,32.7450,32.1200,31.4950
128,LBY,Libya,AG.LND.FRST.ZS,Forest area (% of land area),0.123328,0.123328,0.123328,0.123328,0.123328,0.123328,0.123328,0.123328,0.123328,0.123328,0.123328,0.123328,0.123328,0.123328,0.123328,0.123328,0.123328,0.123328
129,LIE,Liechtenstein,AG.LND.FRST.ZS,Forest area (% of land area),40.6250,40.6250,41.2500,41.2500,41.8750,41.8750,41.8750,42.5000,42.5000,43.1250,43.1250,43.1250,43.1250,43.1250,43.1250,43.1250,43.1250,43.1250
130,LTU,Lithuania,AG.LND.FRST.ZS,Forest area (% of land area),,,31.2699,31.3896,31.5093,31.6289,31.7486,31.8682,31.9879,32.1075,32.2272,32.4793,32.7313,32.9834,33.2355,33.4876,33.7396,33.9917
131,LUX,Luxembourg,AG.LND.FRST.ZS,Forest area (% of land area),,,,,,,,,,,33.5135,33.5135,33.5135,33.5135,33.5135,33.5135,33.5135,33.5135
132,MAC,Macao SAR China,AG.LND.FRST.ZS,Forest area (% of land area),,,,,,,,,,,,,,,,,,
133,MKD,Macedonia FYR,AG.LND.FRST.ZS,Forest area (% of land area),,,35.6272,35.6272,35.6272,35.6272,35.6272,35.6272,35.6272,35.6272,35.6272,35.6272,35.6272,35.6272,35.6272,35.6272,35.6272,35.6272
134,MDG,Madagascar,AG.LND.FRST.ZS,Forest area (% of land area),23.5442,23.4292,23.3141,23.1993,23.0842,22.9692,22.8542,22.7393,22.6242,22.5092,22.3942,22.3305,22.2667,22.2029,22.1393,22.0755,22.0117,21.9481
135,MWI,Malawi,AG.LND.FRST.ZS,Forest area (% of land area),41.4116,41.0619,40.7122,40.3625,40.0128,39.6631,39.3134,38.9637,38.6140,38.2642,37.9145,37.5638,37.2130,36.8622,36.5115,36.1607,35.8100,35.4592
136,MYS,Malaysia,AG.LND.FRST.ZS,Forest area (% of land area),68.1053,67.8664,67.6275,67.3885,67.1496,66.9107,66.6717,66.4328,66.1939,65.9550,65.7160,65.2893,64.8626,64.4359,64.0091,63.5824,63.1557,62.7290
137,MDV,Maldives,AG.LND.FRST.ZS,Forest area (% of land area),3,3,3,3,3,3,3,3,3,3,3,3,3,3,3,3,3,3
138,MLI,Mali,AG.LND.FRST.ZS,Forest area (% of land area),11.5322,11.4503,11.3683,11.2864,11.2044,11.1225,11.0405,10.9585,10.8766,10.7946,10.7127,10.6307,10.5488,10.4668,10.3849,10.3029,10.2210,10.1390
139,MLT,Malta,AG.LND.FRST.ZS,Forest area (% of land area),0.937500,0.937500,0.937500,0.937500,0.937500,0.937500,0.937500,0.937500,0.937500,0.937500,0.937500,0.937500,0.937500,0.937500,0.937500,0.937500,0.937500,0.937500
140,MHL,Marshall Islands,AG.LND.FRST.ZS,Forest area (% of land area),,,,,,,,,,,,,,,,,,
141,MRT,Mauritania,AG.LND.FRST.ZS,Forest area (% of land area),0.402639,0.393131,0.383623,0.374115,0.364607,0.355099,0.345590,0.336082,0.326574,0.317066,0.307558,0.297856,0.288154,0.278452,0.268749,0.259047,0.249345,0.239643
142,MUS,Mauritius,AG.LND.FRST.ZS,Forest area (% of land area),19.2118,19.1626,19.1133,19.0640,19.0148,18.9655,18.9163,18.8670,18.8177,18.7685,18.7192,18.6207,18.5222,18.4237,18.3251,18.2266,18.1281,18.0296
143,MYT,Mayotte,AG.LND.FRST.ZS,Forest area (% of land area),15.5080,15.5080,15.5080,15.5080,15.2406,15.2406,15.2406,15.2406,15.2406,14.9733,14.9733,14.9733,14.9733,14.7059,14.7059,14.7059,14.7059,14.4385
144,MEX,Mexico,AG.LND.FRST.ZS,Forest area (% of land area),35.5030,35.3242,35.1454,34.9665,34.7877,34.6089,34.4301,34.2513,34.0725,33.8937,33.7149,33.5809,33.4470,33.3130,33.1790,33.0451,32.9111,32.7772
145,FSM,Micronesia Fed. Sts.,AG.LND.FRST.ZS,Forest area (% of land area),,,,,,90.5714,90.5714,90.5714,90.5714,90.5714,90.5714,90.5714,90.5714,90.5714,90.5714,90.5714,90.5714,90.5714
146,MDA,Moldova,AG.LND.FRST.ZS,Forest area (% of land area),,,9.74749,9.74507,9.76928,9.79350,9.81476,9.83900,9.86326,9.88754,9.91484,9.93309,9.95134,9.97262,9.98784,10.0030,10.0213,10.0395
147,MCO,Monaco,AG.LND.FRST.ZS,Forest area (% of land area),,,,,,,,,,,,,,,,,,
148,MNG,Mongolia,AG.LND.FRST.ZS,Forest area (% of land area),7.39720,7.34397,7.29074,7.23751,7.18427,7.13104,7.07781,7.02458,6.97134,6.91811,6.86488,6.81171,6.75854,6.70537,6.65221,6.59904,6.54587,6.49270
149,MNE,Montenegro,AG.LND.FRST.ZS,Forest area (% of land area),,,,,,,,,,,,,,,,,46.3271,46.4833
150,MAR,Morocco,AG.LND.FRST.ZS,Forest area (% of land area),9.61013,9.61887,9.62760,9.63634,9.64508,9.65382,9.66256,9.67130,9.68004,9.68877,9.69751,9.71365,9.72978,9.74591,9.76204,9.77818,9.79431,9.81044
151,MOZ,Mozambique,AG.LND.FRST.ZS,Forest area (% of land area),25.4483,25.3847,25.3211,25.2575,25.1939,25.1303,25.0668,25.0032,24.9396,24.8760,24.8124,24.7489,24.6853,24.6217,24.5581,24.4945,24.4309,24.3674
152,MMR,Myanmar,AG.LND.FRST.ZS,Forest area (% of land area),60.0101,59.2963,58.5825,57.8687,57.1549,56.4411,55.7273,55.0135,54.2997,53.5859,52.8721,52.1584,51.4448,50.7311,50.0266,49.3174,48.5953,47.8780
153,NAM,Namibia,AG.LND.FRST.ZS,Forest area (% of land area),10.6427,10.5541,10.4656,10.3770,10.2885,10.1999,10.1114,10.0228,9.93429,9.84574,9.75719,9.66682,9.57646,9.48609,9.39572,9.30535,9.21498,9.12461
154,NPL,Nepal,AG.LND.FRST.ZS,Forest area (% of land area),33.6853,33.0441,32.4028,31.7615,31.1203,30.4790,29.8378,29.1965,28.5552,27.9140,27.2061,26.8378,26.4695,26.1012,25.7328,25.3645,24.9962,24.6278
155,NLD,Netherlands,AG.LND.FRST.ZS,Forest area (% of land area),10.2192,10.2636,10.3081,10.3525,10.3969,10.4414,10.4858,10.5302,10.5746,10.6191,10.6635,10.6931,10.7228,10.7524,10.7820,10.8116,10.8412,10.8709
156,ANT,Netherlands Antilles,AG.LND.FRST.ZS,Forest area (% of land area),1.50000,1.50000,1.50000,1.50000,1.50000,1.50000,1.50000,1.50000,1.50000,1.50000,1.50000,1.50000,1.50000,1.50000,1.50000,1.50000,1.50000,1.50000
157,NCL,New Caledonia,AG.LND.FRST.ZS,Forest area (% of land area),39.2232,39.2232,39.2232,39.2232,39.2232,39.2232,39.2232,39.2232,39.2232,39.2232,39.2232,39.2232,39.2232,39.2232,39.2232,39.2232,39.2232,39.2232
158,NZL,New Zealand,AG.LND.FRST.ZS,Forest area (% of land area),28.8372,29.0262,29.2152,29.4042,29.5932,29.7822,29.9712,30.1603,30.3493,30.5383,30.7273,30.7893,30.8513,30.9133,30.9753,31.0373,31.0993,31.1613
159,NIC,Nicaragua,AG.LND.FRST.ZS,Forest area (% of land area),54.4879,53.6553,52.8227,51.9902,51.1576,50.3250,49.4925,48.6599,47.8273,46.9948,46.1622,45.5788,44.9954,44.4120,43.8287,43.2453,42.0785,41.4951
160,NER,Niger,AG.LND.FRST.ZS,Forest area (% of land area),1.53549,1.48678,1.43807,1.38936,1.34065,1.29194,1.24323,1.19452,1.14581,1.09710,1.04839,1.03860,1.02882,1.01895,1.00916,0.999368,0.989579,0.979790
161,NGA,Nigeria,AG.LND.FRST.ZS,Forest area (% of land area),18.9225,18.4726,18.0228,17.5729,17.1231,16.6733,16.2234,15.7736,15.3237,14.8739,14.4241,13.9743,13.5246,13.0749,12.6251,12.1754,11.7257,11.2760
162,MNP,Northern Mariana Islands,AG.LND.FRST.ZS,Forest area (% of land area),,,,,,74.3478,74.1304,73.9130,73.6957,73.4783,73.4783,73.2609,73.0435,72.8261,72.6087,72.3913,72.1739,72.1739
163,NOR,Norway,AG.LND.FRST.ZS,Forest area (% of land area),30.0053,30.0615,30.1177,30.1739,30.2301,30.2863,30.3425,30.3987,30.4548,30.5110,30.5672,30.6238,30.6803,30.7368,30.7934,30.8499,30.9064,30.9629
164,OMN,Oman,AG.LND.FRST.ZS,Forest area (% of land area),0.00646204,0.00646204,0.00646204,0.00646204,0.00646204,0.00646204,0.00646204,0.00646204,0.00646204,0.00646204,0.00646204,0.00646204,0.00646204,0.00646204,0.00646204,0.00646204,0.00646204,0.00646204
165,PAK,Pakistan,AG.LND.FRST.ZS,Forest area (% of land area),3.27807,3.22476,3.17144,3.11813,3.06481,3.01149,2.95818,2.90486,2.85155,2.79823,2.74492,2.68939,2.63387,2.57835,2.52283,2.46731,2.41179,2.35627
166,PLW,Palau,AG.LND.FRST.ZS,Forest area (% of land area),,,,,,84.5652,84.7826,85.2174,85.4348,85.6522,86.0870,86.3043,86.7391,86.9565,87.3913,87.6087,87.8261,88.2609
167,PAN,Panama,AG.LND.FRST.ZS,Forest area (% of land area),58.8647,58.7719,58.6790,58.5862,58.4934,58.4006,58.3078,58.2150,58.1221,58.0293,57.9365,57.9015,57.8666,57.8316,57.7966,57.7616,57.7267,57.6917
168,PNG,Papua New Guinea,AG.LND.FRST.ZS,Forest area (% of land area),69.6087,69.3018,68.9946,68.6877,68.3805,68.0736,67.7664,67.4595,67.1523,66.8454,66.5382,66.2311,65.9239,65.6167,65.3096,65.0024,64.6953,64.3881
169,PRY,Paraguay,AG.LND.FRST.ZS,Forest area (% of land area),53.2520,52.8017,52.3514,51.9011,51.4508,51.0005,50.5502,50.0999,49.6496,49.1993,48.7491,48.2995,47.8500,47.4005,46.9509,46.5014,46.0519,45.6023
170,PER,Peru,AG.LND.FRST.ZS,Forest area (% of land area),54.8094,54.7357,54.6620,54.5884,54.5147,54.4410,54.3673,54.2937,54.2200,54.1463,54.0727,53.9991,53.9255,53.8519,53.7783,53.7047,53.6311,53.5575
171,PHL,Philippines,AG.LND.FRST.ZS,Forest area (% of land area),35.4630,34.5826,33.7023,32.8219,31.9415,31.0611,30.1808,29.3004,28.4200,27.5397,26.6593,26.1314,25.6035,25.0756,24.5477,24.0199,23.4920,22.9641
172,POL,Poland,AG.LND.FRST.ZS,Forest area (% of land area),29.1735,29.2320,29.2905,29.3489,29.4103,29.4697,29.5302,29.5887,29.6462,29.7056,29.7641,29.8525,29.7502,29.8420,30.1196,30.0069,30.2974,30.3869
173,PRT,Portugal,AG.LND.FRST.ZS,Forest area (% of land area),33.8689,34.3978,34.9268,35.4557,35.9847,36.5137,37.0426,37.5716,38.1006,38.6295,39.1585,39.5956,40.0328,40.4699,40.9071,41.3443,41.7814,42.2186
174,PRI,Puerto Rico,AG.LND.FRST.ZS,Forest area (% of land area),45.5468,45.5806,45.6144,45.6483,45.6821,45.7159,45.7497,45.7835,45.8174,45.8512,45.8850,45.9076,45.9301,45.9527,45.9752,45.9978,46.0203,46.0428
175,QAT,Qatar,AG.LND.FRST.ZS,Forest area (% of land area),,,,,,,,,,,,,,,,,,
176,ROM,Romania,AG.LND.FRST.ZS,Forest area (% of land area),27.7785,27.7630,27.7608,27.7587,27.7504,27.7507,27.7449,27.7415,27.7320,27.7287,27.7132,27.7167,27.7009,27.6947,27.6922,27.6981,27.7015,27.7159
177,RUS,Russian Federation,AG.LND.FRST.ZS,Forest area (% of land area),,,49.3603,49.3737,49.3902,49.4011,49.4043,49.4041,49.3981,49.3783,49.4019,49.3987,49.3914,49.3854,49.3788,49.3725,49.3777,49.3718
178,RWA,Rwanda,AG.LND.FRST.ZS,Forest area (% of land area),12.8902,12.9955,13.1009,13.2063,13.3117,13.4171,13.5225,13.6279,13.7333,13.8387,13.9441,15.0466,16.1492,17.2517,18.3543,19.4568,20.5594,21.6619
179,WSM,Samoa,AG.LND.FRST.ZS,Forest area (% of land area),45.9364,47.3852,48.8339,50.2827,51.7315,53.1802,54.6290,56.0777,57.5265,58.9753,60.4240,60.4240,60.4240,60.4240,60.4240,60.4240,60.4240,60.4240
180,SMR,San Marino,AG.LND.FRST.ZS,Forest area (% of land area),1.66667,1.66667,1.66667,1.66667,1.66667,1.66667,1.66667,1.66667,1.66667,1.66667,1.66667,1.66667,1.66667,1.66667,1.66667,1.66667,1.66667,1.66667
181,STP,Sao Tome and Principe,AG.LND.FRST.ZS,Forest area (% of land area),28.5417,28.5417,28.5417,28.5417,28.5417,28.5417,28.5417,28.5417,28.5417,28.5417,28.5417,28.5417,28.5417,28.5417,28.5417,28.5417,28.5417,28.5417
182,SAU,Saudi Arabia,AG.LND.FRST.ZS,Forest area (% of land area),1.36400,1.36400,1.36400,1.36400,1.36400,1.36400,1.36400,1.36400,1.36400,1.36400,1.36400,1.36400,1.36400,1.36400,1.36400,1.36400,1.36400,1.36400
183,SEN,Senegal,AG.LND.FRST.ZS,Forest area (% of land area),48.5545,48.3208,48.0871,47.8533,47.6186,47.3859,47.1521,46.9184,46.6847,46.4509,46.2172,45.9835,45.7498,45.5160,45.2823,45.0486,44.8148,44.5811
184,SRB,Serbia,AG.LND.FRST.ZS,Forest area (% of land area),,,,,,,,,,,,,,,,,23.5401,23.6170
185,SYC,Seychelles,AG.LND.FRST.ZS,Forest area (% of land area),86.9565,86.9565,86.9565,86.9565,86.9565,86.9565,86.9565,86.9565,86.9565,86.9565,86.9565,86.9565,86.9565,86.9565,86.9565,86.9565,86.9565,86.9565
186,SLE,Sierra Leone,AG.LND.FRST.ZS,Forest area (% of land area),42.5063,42.2354,41.9659,41.6965,41.4270,41.1575,40.8866,40.6172,40.3477,40.0782,39.8073,39.5378,39.2684,38.9989,38.7294,38.4585,38.1891,37.9196
187,SGP,Singapore,AG.LND.FRST.ZS,Forest area (% of land area),3.43284,3.43284,3.43284,3.43284,3.43284,3.43284,3.43284,3.43284,3.43284,3.43284,3.43284,3.43284,3.40741,3.34789,3.33817,3.33817,3.31412,3.29986
188,SVK,Slovak Republic,AG.LND.FRST.ZS,Forest area (% of land area),,,,39.9522,39.9501,39.9480,39.9460,39.9439,39.9418,39.9397,39.9376,39.9709,40.0042,40.0291,40.0707,40.1040,40.1372,40.1705
189,SVN,Slovenia,AG.LND.FRST.ZS,Forest area (% of land area),,,59.5084,59.7617,60.0149,60.2681,60.5164,60.7696,61.0228,61.2711,61.5243,61.7776,62.0258,62.2791,62.5273,62.7805,63.0338,63.2820
190,SLB,Solomon Islands,AG.LND.FRST.ZS,Forest area (% of land area),98.8925,97.4741,96.0557,94.6374,93.2190,91.8006,90.3823,88.9639,87.5456,86.1272,84.7088,83.2869,81.8650,80.4430,79.0211,77.5991,76.1772,74.7553
191,SOM,Somalia,AG.LND.FRST.ZS,Forest area (% of land area),13.2018,13.0795,12.9573,12.8350,12.7127,12.5905,12.4682,12.3459,12.2237,12.1014,11.9792,11.8567,11.7343,11.6119,11.4895,11.3670,11.2446,11.1222
192,ZAF,South Africa,AG.LND.FRST.ZS,Forest area (% of land area),7.57779,7.57779,7.57779,7.57779,7.57779,7.57779,7.57779,7.57779,7.57779,7.57779,7.57779,7.57779,7.57779,7.57779,7.57779,7.57779,7.57779,7.57779
193,ESP,Spain,AG.LND.FRST.ZS,Forest area (% of land area),26.9882,27.5803,28.1724,28.7644,29.3565,29.9485,30.5406,31.1327,31.7247,32.3168,32.9379,33.5630,34.1207,34.7016,35.2963,35.8953,36.4961,37.0889
194,LKA,Sri Lanka,AG.LND.FRST.ZS,Forest area (% of land area),36.3608,35.9462,35.5315,35.1168,34.7022,34.2875,33.8728,33.4582,33.0435,32.6288,32.2141,31.7531,31.2920,30.8309,30.3698,29.9087,29.4476,28.9865
195,KNA,St. Kitts and Nevis,AG.LND.FRST.ZS,Forest area (% of land area),20.3846,20.3846,20.3846,20.3846,20.3846,20.3846,20.3846,20.3846,20.3846,20.3846,20.3846,20.3846,20.3846,20.3846,20.3846,20.3846,20.3846,20.3846
196,LCA,St. Lucia,AG.LND.FRST.ZS,Forest area (% of land area),27.8689,27.8689,27.8689,27.8689,27.8689,27.8689,27.8689,27.8689,27.8689,27.8689,27.8689,27.8689,27.8689,27.8689,27.8689,27.8689,27.8689,27.8689
197,VCT,St. Vincent and the Grenadines,AG.LND.FRST.ZS,Forest area (% of land area),24.3590,24.3590,24.6154,24.8718,25.1282,25.3846,25.3846,25.6410,25.8974,26.1539,26.4103,26.6667,26.6667,26.9231,27.1795,27.4359,27.6923,27.9487
198,SDN,Sudan,AG.LND.FRST.ZS,Forest area (% of land area),32.1471,31.8991,31.6512,31.4033,31.1554,30.9075,30.6596,30.4117,30.1638,29.9158,29.6679,29.4200,29.1721,28.9242,28.6763,28.4284,28.1805,27.9325
199,SUR,Suriname,AG.LND.FRST.ZS,Forest area (% of land area),94.7180,94.7180,94.7180,94.7180,94.7180,94.7180,94.7180,94.7180,94.7180,94.7180,94.7180,94.7180,94.7180,94.7180,94.7180,94.7180,94.7180,94.7180
200,SWZ,Swaziland,AG.LND.FRST.ZS,Forest area (% of land area),27.4419,27.7093,27.9709,28.2384,28.5000,28.7674,29.0349,29.2965,29.5640,29.8256,30.0930,30.3663,30.6395,30.9070,31.1802,31.4535,31.7267,32
201,SWE,Sweden,AG.LND.FRST.ZS,Forest area (% of land area),66.6951,66.7212,66.7473,66.7733,66.7994,66.8255,66.8516,66.8776,66.9037,66.9298,66.9559,66.9822,67.0085,67.0348,67.0612,67.0875,67.1138,67.1401
202,CHE,Switzerland,AG.LND.FRST.ZS,Forest area (% of land area),28.8750,28.9850,29.0950,29.2050,29.3150,29.4250,29.5350,29.6450,29.7550,29.8650,29.9750,30.0850,30.1950,30.3050,30.4150,30.5250,30.6350,30.7450
203,SYR,Syrian Arab Republic,AG.LND.FRST.ZS,Forest area (% of land area),2.02416,2.05681,2.08946,2.12210,2.15475,2.18740,2.22005,2.25269,2.28534,2.31799,2.35064,2.38220,2.41376,2.44785,2.47971,2.51130,2.54193,2.57365
204,TJK,Tajikistan,AG.LND.FRST.ZS,Forest area (% of land area),,,2.91798,2.91941,2.92084,2.92226,2.92369,2.92512,2.92655,2.92798,2.92941,2.92941,2.92941,2.92941,2.92941,2.92941,2.92941,2.92941
205,TZA,Tanzania,AG.LND.FRST.ZS,Forest area (% of land area),46.7837,46.3182,45.8528,45.3873,44.9219,44.4564,43.9910,43.5255,43.0601,42.5946,42.1292,41.6638,41.1985,40.7331,40.2678,39.8024,39.3371,38.8718
206,THA,Thailand,AG.LND.FRST.ZS,Forest area (% of land area),31.2494,31.0241,30.7988,30.5735,30.3482,30.1229,29.8976,29.6723,29.4470,29.2218,28.9965,28.8814,28.7663,28.6512,28.5361,28.4210,28.3059,28.1908
207,TMP,Timor-Leste,AG.LND.FRST.ZS,Forest area (% of land area),64.9630,64.2098,63.4566,62.7034,61.9502,61.1970,60.4439,59.6907,58.9375,58.1843,57.4311,56.6779,55.9247,55.1715,54.4183,53.6651,52.9119,52.1587
208,TGO,Togo,AG.LND.FRST.ZS,Forest area (% of land area),12.5942,12.2284,11.8625,11.4966,11.1307,10.7649,10.3990,10.0331,9.66722,9.30134,8.93547,8.56775,8.20004,7.83232,7.46461,7.09689,6.72918,6.36146
209,TON,Tonga,AG.LND.FRST.ZS,Forest area (% of land area),5,5,5,5,5,5,5,5,5,5,5,5,5,5,5,5,5,5
210,TTO,Trinidad and Tobago,AG.LND.FRST.ZS,Forest area (% of land area),45.8090,45.6725,45.5361,45.3996,45.2632,45.1267,44.9903,44.8538,44.7174,44.5809,44.4444,44.3665,44.2885,44.2105,44.1326,44.0546,43.9766,43.8986
211,TUN,Tunisia,AG.LND.FRST.ZS,Forest area (% of land area),4.13877,4.34217,4.54557,4.74897,4.95237,5.15577,5.35917,5.56256,5.76596,5.96936,6.17276,6.29763,6.42250,6.54737,6.67225,6.79712,6.92199,7.04686
212,TUR,Turkey,AG.LND.FRST.ZS,Forest area (% of land area),12.5775,12.6258,12.6741,12.7225,12.7708,12.8192,12.8675,12.9158,12.9642,13.0125,13.0608,13.0928,13.1248,13.1567,13.1887,13.2206,13.2526,13.2846
213,TKM,Turkmenistan,AG.LND.FRST.ZS,Forest area (% of land area),,,8.78216,8.78216,8.78216,8.78216,8.78216,8.78216,8.78216,8.78216,8.78216,8.78216,8.78216,8.78216,8.78216,8.78216,8.78216,8.78216
214,UGA,Uganda,AG.LND.FRST.ZS,Forest area (% of land area),24.9822,24.5434,24.1045,23.6657,23.2268,22.7879,22.3491,21.9102,21.4713,21.0325,20.5936,20.1553,19.7169,19.2785,18.8402,18.4018,17.9635,17.5251
215,UKR,Ukraine,AG.LND.FRST.ZS,Forest area (% of land area),,,16.0891,16.1298,16.1705,16.2113,16.2520,16.2927,16.3335,16.3742,16.4150,16.4374,16.4601,16.4826,16.5050,16.5263,16.5493,16.5726
216,ARE,United Arab Emirates,AG.LND.FRST.ZS,Forest area (% of land area),2.93062,3.00837,3.08612,3.16388,3.24163,3.31938,3.39713,3.47488,3.55263,3.63038,3.70813,3.71292,3.71770,3.72249,3.72727,3.73206,3.73684,3.74163
217,GBR,United Kingdom,AG.LND.FRST.ZS,Forest area (% of land area),10.7924,10.8676,10.9428,11.0181,11.0933,11.1685,11.2438,11.3190,11.3942,11.4694,11.5447,11.5877,11.6306,11.6736,11.7166,11.7596,11.8026,11.8456
218,USA,United States,AG.LND.FRST.ZS,Forest area (% of land area),32.6072,32.6470,32.6868,32.7266,32.7664,32.8062,32.8460,32.8859,32.9257,32.9655,32.9946,33.0120,33.0293,33.0467,33.0640,33.0814,33.0987,33.1161
219,URY,Uruguay,AG.LND.FRST.ZS,Forest area (% of land area),5.17084,5.45881,5.74677,6.03474,6.32271,6.61067,6.89864,7.18661,7.47458,7.76254,8.05051,8.16135,8.27220,8.38304,8.49389,8.60473,8.71558,8.82642
220,UZB,Uzbekistan,AG.LND.FRST.ZS,Forest area (% of land area),,,7.23648,7.27574,7.31500,7.35426,7.39351,7.43277,7.47203,7.51128,7.55054,7.58956,7.62859,7.66761,7.70663,7.74565,7.78467,7.82370
221,VUT,Vanuatu,AG.LND.FRST.ZS,Forest area (% of land area),36.0541,36.0541,36.0541,36.0541,36.0541,36.0541,36.0541,36.0541,36.0541,36.0541,36.0541,36.0541,36.0541,36.0541,36.0541,36.0541,36.0541,36.0541
222,VEN,Venezuela RB,AG.LND.FRST.ZS,Forest area (% of land area),58.9831,58.6571,58.3312,58.0052,57.6793,57.3533,57.0274,56.7014,56.3755,56.0496,55.7236,55.3975,55.0715,54.7454,54.4194,54.0933,53.7673,53.4412
223,VNM,Vietnam,AG.LND.FRST.ZS,Forest area (% of land area),28.7659,29.4915,30.2172,30.9429,31.6686,32.3942,33.1199,33.8456,34.5713,35.2969,37.6937,38.4654,39.3090,40.1477,40.9256,41.7035,42.4814,43.2593
224,VIR,Virgin Islands (U.S.),AG.LND.FRST.ZS,Forest area (% of land area),34,33.7143,33.1429,32.8571,32.2857,32,31.4286,31.1429,30.5714,30.2857,29.7143,29.1429,28.5714,28.2857,27.7143,27.1429,26.5714,26
225,WBG,West Bank and Gaza,AG.LND.FRST.ZS,Forest area (% of land area),,,,,,,1.49502,1.49502,1.49502,1.49502,1.49502,1.49502,1.49502,1.49502,1.49502,1.49502,1.49502,1.49502
226,YEM,Yemen Rep.,AG.LND.FRST.ZS,Forest area (% of land area),1.03983,1.03983,1.03983,1.03983,1.03983,1.03983,1.03983,1.03983,1.03983,1.03983,1.03983,1.03983,1.03983,1.03983,1.03983,1.03983,1.03983,1.03983
227,ZMB,Zambia,AG.LND.FRST.ZS,Forest area (% of land area),66.0811,65.4827,64.8844,64.2860,63.6877,63.0894,62.4910,61.8927,61.2943,60.6960,60.0977,59.4993,58.9010,58.3026,57.7043,57.1060,56.5076,55.9093
228,ZWE,Zimbabwe,AG.LND.FRST.ZS,Forest area (% of land area),57.4745,56.6656,55.8568,55.0480,54.2391,53.4303,52.6214,51.8126,51.0038,50.1949,49.3861,48.5770,47.7679,46.9588,46.1497,45.3406,44.5315,43.7224
