,,,,,1988,1989,1990,1991,1992,1993,1994,1995,1996,1997,1998,1999,2000,2001,2002,2003,2004,2005,2006,2007,2008
1,EAP,East Asia & Pacific,MS.MIL.XPND.GD.ZS,Military expenditure (% of GDP),,2.49696,2.43297,2.31233,2.38362,2.05570,1.91637,1.83675,1.81786,1.66038,1.69048,1.71229,1.67607,1.83970,1.92906,1.93575,1.89082,1.84808,1.86587,1.82102,1.81485
2,ECA,Europe & Central Asia,MS.MIL.XPND.GD.ZS,Military expenditure (% of GDP),,,,,4.46297,3.99063,4.40466,3.50498,3.37378,3.62313,2.85411,3.00616,3.10478,3.12641,3.30843,3.16582,2.88652,2.78733,2.77393,2.65346,2.68187
3,EMU,Euro area,MS.MIL.XPND.GD.ZS,Military expenditure (% of GDP),2.67544,2.57405,2.48903,2.36850,2.25732,2.20473,2.09628,1.98094,1.97038,1.93786,1.87778,1.85781,1.81911,1.77297,1.76934,1.75886,1.74189,1.69311,1.65457,1.62273,1.62306
4,HIC,High income,MS.MIL.XPND.GD.ZS,Military expenditure (% of GDP),3.58282,3.49652,3.39321,3.14426,3.06395,2.90725,2.69552,2.48544,2.42783,2.42233,2.38140,2.29513,2.29730,2.34101,2.46293,2.54682,2.56157,2.58774,2.57345,2.55895,2.57835
5,HPC,Heavily indebted poor countries (HIPC),MS.MIL.XPND.GD.ZS,Military expenditure (% of GDP),,,2.65391,2.28851,1.96217,1.94721,1.70870,1.73137,1.58139,1.56500,2.20591,2.64432,2.51028,2.07280,1.98955,1.75590,2.06059,1.85684,1.89611,1.49230,1.40474
6,LAC,Latin America & Caribbean,MS.MIL.XPND.GD.ZS,Military expenditure (% of GDP),1.70068,1.82952,1.46363,1.17530,1.22941,1.41002,1.42469,1.64555,1.51933,1.48310,1.46851,1.40173,1.40143,1.44526,1.36133,1.23199,1.21045,1.26863,1.22093,1.27951,1.29418
7,LDC,Least developed countries: UN classification,MS.MIL.XPND.GD.ZS,Military expenditure (% of GDP),,,2.80767,2.93608,2.60348,2.97993,2.26600,2.09178,1.92319,2.09539,2.29822,3.23006,2.78903,2.39348,2.38770,2.26553,2.40233,2.34072,2.42521,2.12715,1.96609
8,LIC,Low income,MS.MIL.XPND.GD.ZS,Military expenditure (% of GDP),,2.97228,,,,,3.02443,2.71917,1.84471,1.88852,2.10269,2.27849,2.31243,2.01636,,1.91934,1.85375,1.75624,1.73484,1.77783,1.74625
9,LMC,Lower middle income,MS.MIL.XPND.GD.ZS,Military expenditure (% of GDP),,2.98412,2.82930,2.80824,2.72705,2.44811,2.33321,2.22809,2.16232,2.12538,2.19006,2.25388,2.20560,2.29092,2.23589,2.22218,2.23067,2.20066,2.16527,2.06138,1.97523
10,LMY,Low & middle income,MS.MIL.XPND.GD.ZS,Military expenditure (% of GDP),,6.00882,4.95956,2.23038,2.58269,2.48195,2.45098,2.29621,2.15347,2.15005,2.04556,2.09849,2.07707,2.15913,2.18674,2.13966,2.09274,2.05993,2.02006,1.97274,1.95697
11,MIC,Middle income,MS.MIL.XPND.GD.ZS,Military expenditure (% of GDP),,6.11811,5.03354,2.22184,2.59437,2.49022,2.43360,2.28374,2.16300,2.15809,2.04394,2.09243,2.07060,2.16333,2.18696,2.14747,2.10074,2.06941,2.02823,1.97793,1.96251
12,MNA,Middle East & North Africa,MS.MIL.XPND.GD.ZS,Military expenditure (% of GDP),,3.22431,2.94462,,,3.44646,3.74553,3.27649,3.13486,3.31006,3.47371,3.44165,3.53069,3.82087,3.36393,3.41651,3.33513,3.30698,3.17489,2.85945,2.79551
13,NOC,High income: nonOECD,MS.MIL.XPND.GD.ZS,Military expenditure (% of GDP),9.50546,8.48089,10.3677,10.9501,8.21587,7.73812,6.97019,6.22186,5.90129,6.26607,6.77092,5.85697,5.44746,5.86943,5.46385,5.08610,4.80813,4.66887,4.97383,5.28770,5.11291
14,OEC,High income: OECD,MS.MIL.XPND.GD.ZS,Military expenditure (% of GDP),3.44194,3.36714,3.21086,2.93374,2.91026,2.75916,2.56203,2.36532,2.30744,2.28192,2.23303,2.17304,2.17809,2.21268,2.35565,2.45802,2.48141,2.50588,2.48418,2.45681,2.48105
15,SAS,South Asia,MS.MIL.XPND.GD.ZS,Military expenditure (% of GDP),3.71682,3.63454,3.38997,3.29987,3.20255,3.27657,3.07169,3.03866,2.91434,2.96169,2.99659,3.14167,3.06509,3.01858,2.93189,2.80439,2.91211,2.82762,2.64356,2.51686,2.47892
16,SSA,Sub-Saharan Africa,MS.MIL.XPND.GD.ZS,Military expenditure (% of GDP),3.23020,3.21757,3.07445,2.86807,2.34688,2.47565,2.61074,2.37050,1.72994,1.66875,1.65916,2.08090,1.90576,1.72062,1.71391,1.63446,1.67551,1.60456,1.54575,1.35074,1.26064
17,UMC,Upper middle income,MS.MIL.XPND.GD.ZS,Military expenditure (% of GDP),,8.16655,6.44781,1.78667,2.51891,2.51642,2.50197,2.32423,2.16352,2.18241,1.93795,1.95185,1.95605,2.04528,2.13583,2.06976,1.97138,1.94588,1.89894,1.89720,1.95055
18,WLD,World,MS.MIL.XPND.GD.ZS,Military expenditure (% of GDP),,3.90842,3.64409,3.02216,2.99152,2.83834,2.65535,2.45358,2.37826,2.36979,2.31863,2.26068,2.25657,2.30663,2.41164,2.46965,2.46796,2.47197,2.44052,2.40544,2.40550
19,AFG,Afghanistan,MS.MIL.XPND.GD.ZS,Military expenditure (% of GDP),,,,,,,,,,,,,,,,,1.99482,1.63082,1.52647,2.10589,2.21924
20,ALB,Albania,MS.MIL.XPND.GD.ZS,Military expenditure (% of GDP),5.61501,5.16568,5.88830,,4.64946,3.19930,2.50039,2.09971,1.51710,1.37871,1.22888,1.24206,1.22790,1.29961,1.31579,1.35922,1.35351,1.31488,1.54375,1.79841,2.03478
21,DZA,Algeria,MS.MIL.XPND.GD.ZS,Military expenditure (% of GDP),1.74077,1.53555,1.45736,1.23612,2.19424,2.55660,3.13778,2.95624,3.09413,3.63736,3.96566,3.75508,3.43339,3.79049,3.68184,3.24381,3.29590,2.85798,2.65670,2.90062,3.10566
22,ASM,American Samoa,MS.MIL.XPND.GD.ZS,Military expenditure (% of GDP),,,,,,,,,,,,,,,,,,,,,
23,ADO,Andorra,MS.MIL.XPND.GD.ZS,Military expenditure (% of GDP),,,,,,,,,,,,,,,,,,,,,
24,AGO,Angola,MS.MIL.XPND.GD.ZS,Military expenditure (% of GDP),,,,7.05874,7.56573,17.4476,5.70752,4.70650,2.44790,5.97225,2.64199,17.4713,6.43640,4.51523,3.83823,4.80203,4.13426,4.45711,4.35300,3.78366,2.85548
25,ATG,Antigua and Barbuda,MS.MIL.XPND.GD.ZS,Military expenditure (% of GDP),,,,,,,,,,,,,,,,,,,,,
26,ARG,Argentina,MS.MIL.XPND.GD.ZS,Military expenditure (% of GDP),1.53068,1.54129,1.18685,1.31787,1.35149,1.51033,1.45704,1.58973,1.42863,1.28697,1.26510,1.35862,1.31561,1.35394,1.21057,1.17927,1.07295,1.04392,0.873878,0.749825,0.761069
27,ARM,Armenia,MS.MIL.XPND.GD.ZS,Military expenditure (% of GDP),,,,,2.09549,2.12165,,4.05931,3.28187,3.90385,3.52737,3.69641,3.55848,3.12958,2.70097,2.72675,2.74117,2.87131,2.94783,3.04196,3.18147
28,ABW,Aruba,MS.MIL.XPND.GD.ZS,Military expenditure (% of GDP),,,,,,,,,,,,,,,,,,,,,
29,AUS,Australia,MS.MIL.XPND.GD.ZS,Military expenditure (% of GDP),2.04506,1.98844,2.08336,2.14449,2.12152,2.13453,2.07806,1.97822,1.90380,1.83573,1.84514,1.85053,1.80410,1.83536,1.86369,1.82718,1.82177,1.79905,1.82983,1.82552,1.77995
30,AUT,Austria,MS.MIL.XPND.GD.ZS,Military expenditure (% of GDP),1.29699,1.23073,1.19666,1.15824,1.10825,1.12340,1.10712,1.07323,1.04968,1.04643,1.01807,1.00718,1.00709,0.940713,0.913421,0.945355,0.927048,0.883605,0.818129,0.947434,0.858702
31,AZE,Azerbaijan,MS.MIL.XPND.GD.ZS,Military expenditure (% of GDP),,,,,2.48958,5.09288,3.68317,2.73690,2.25423,2.32405,2.41236,2.62511,2.26786,2.31394,2.24330,2.42077,2.62593,2.29986,3.41935,2.86314,2.68381
32,BHS,Bahamas The,MS.MIL.XPND.GD.ZS,Military expenditure (% of GDP),0.844601,0.747877,0.767530,0.790702,0.816983,0.847348,0.819270,0.793234,0.725963,0.799094,0.708507,0.662125,0.517347,0.496564,0.510799,0.553645,0.578610,0.548490,0.647214,0.805922,
33,BHR,Bahrain,MS.MIL.XPND.GD.ZS,Military expenditure (% of GDP),5.02838,5.09396,5.10563,5.13914,5.29557,4.82790,4.60017,4.68310,4.75091,4.56583,4.77399,4.94075,4.03751,4.22649,4.69837,4.77490,4.26086,3.61596,3.40530,3.19622,2.67139
34,BGD,Bangladesh,MS.MIL.XPND.GD.ZS,Military expenditure (% of GDP),1.13810,1.18606,1.11065,1.09222,1.20426,1.28460,1.40467,1.41505,1.38741,1.43126,1.42055,1.42364,1.40780,1.34177,1.24835,1.20267,1.19019,1.16008,1.18876,1.20101,1.13187
35,BRB,Barbados,MS.MIL.XPND.GD.ZS,Military expenditure (% of GDP),0.616288,0.662368,0.799372,0.772087,0.771168,0.793699,0.777336,0.772872,0.762249,0.734777,0.771689,0.801660,0.836313,0.904560,0.953112,0.872196,0.830382,0.860233,0.827327,,
36,BLR,Belarus,MS.MIL.XPND.GD.ZS,Military expenditure (% of GDP),,,,,1.62250,2.79097,3.61936,1.72978,1.25105,1.77194,1.49538,1.36811,1.34665,1.43829,1.40024,1.29906,1.35822,1.49845,1.70941,1.64977,1.37780
37,BEL,Belgium,MS.MIL.XPND.GD.ZS,Military expenditure (% of GDP),2.55696,2.39409,2.29112,2.22562,1.78275,1.68889,1.63147,1.56462,1.54022,1.47705,1.43615,1.41785,1.37562,1.31063,1.24938,1.24997,1.18531,1.12541,1.07912,1.12655,1.09673
38,BLZ,Belize,MS.MIL.XPND.GD.ZS,Military expenditure (% of GDP),,1.19937,1.15458,1.06426,1.02134,1.09520,1.36020,1.29880,1.24222,1.43611,,,0.855214,0.855030,0.839519,0.865413,0.898037,0.960736,0.999584,,
39,BEN,Benin,MS.MIL.XPND.GD.ZS,Military expenditure (% of GDP),2.27938,1.89882,1.77871,,,,,,,,,0.747398,0.642893,0.552854,0.926151,0.970888,1.03227,1.09118,1.03405,,1.01387
40,BMU,Bermuda,MS.MIL.XPND.GD.ZS,Military expenditure (% of GDP),,,,,,,,,,,,,,,,,,,,,
41,BTN,Bhutan,MS.MIL.XPND.GD.ZS,Military expenditure (% of GDP),,,,,,,,,,,,,,,,,,,,,
42,BOL,Bolivia,MS.MIL.XPND.GD.ZS,Military expenditure (% of GDP),,1.70160,2.70023,2.57682,2.41210,2.51442,2.36283,2.24910,2.06998,2.19960,2.31300,2.01428,1.92380,2.25505,2.19292,2.21793,1.99351,1.83320,1.62402,1.74548,1.49635
43,BIH,Bosnia and Herzegovina,MS.MIL.XPND.GD.ZS,Military expenditure (% of GDP),,,,,,,,,,,,,,,3.64716,2.41979,1.99544,1.61273,1.45505,1.29142,1.39582
44,BWA,Botswana,MS.MIL.XPND.GD.ZS,Military expenditure (% of GDP),3.53613,3.33143,4.12628,4.36596,4.29817,4.46411,3.93079,3.47622,2.92687,3.09872,3.48754,3.01535,2.98896,3.48749,3.76873,3.63645,3.19607,2.85352,2.57471,2.56841,3.38329
45,BRA,Brazil,MS.MIL.XPND.GD.ZS,Military expenditure (% of GDP),2.09990,2.45961,1.89630,1.14620,1.17012,1.56770,1.62998,1.86214,1.67602,1.59943,1.70146,1.68056,1.75950,1.96270,1.89028,1.51940,1.45367,1.51683,1.36113,1.49099,1.47869
46,BRN,Brunei Darussalam,MS.MIL.XPND.GD.ZS,Military expenditure (% of GDP),6.62998,6.23437,6.56637,6.63018,6.01614,5.69792,6.40718,6.03577,6.41897,7.10121,7.25664,5.61755,4.06921,3.88621,3.87076,3.71142,2.53273,2.60967,2.37575,2.41461,
47,BGR,Bulgaria,MS.MIL.XPND.GD.ZS,Military expenditure (% of GDP),,4.29519,3.74527,3.02137,2.98805,2.60957,3.97641,2.85098,2.15765,2.35192,2.51548,2.75741,2.78849,2.98561,2.92269,2.84744,2.64021,2.57259,2.37232,2.60970,2.18798
48,BFA,Burkina Faso,MS.MIL.XPND.GD.ZS,Military expenditure (% of GDP),1.79675,2.10932,2.25019,1.83171,1.74454,1.55631,1.32095,1.27975,1.18656,1.08496,1.16029,1.14216,1.15657,1.07953,1.07578,1.03028,1.12223,1.17539,1.22878,1.40133,1.78805
49,BDI,Burundi,MS.MIL.XPND.GD.ZS,Military expenditure (% of GDP),3.15864,3.39476,3.50736,3.68102,3.59043,3.86134,4.53532,4.20227,5.85329,6.35939,6.57171,6.25824,5.96869,8.03636,7.15019,7.29630,6.75280,6.22669,4.86801,4.72642,3.77085
50,KHM,Cambodia,MS.MIL.XPND.GD.ZS,Military expenditure (% of GDP),,,,,,1.76129,3.84234,3.58087,3.23845,3.00631,2.66204,2.51195,2.19419,1.79294,1.57921,1.45669,1.26876,1.12214,1.09886,1.10733,
51,CMR,Cameroon,MS.MIL.XPND.GD.ZS,Military expenditure (% of GDP),1.26160,1.33367,1.46639,1.50503,1.52255,1.32613,1.31035,1.25165,1.22484,1.30124,1.39652,1.44386,1.32476,1.29036,1.33851,1.38381,1.40160,1.34486,1.43111,1.43442,1.48137
52,CAN,Canada,MS.MIL.XPND.GD.ZS,Military expenditure (% of GDP),1.98681,1.93469,1.95876,1.89548,1.86172,1.82182,1.69665,1.55412,1.40381,1.24624,1.25632,1.24170,1.14493,1.17071,1.15638,1.15004,1.14253,1.14663,1.15823,1.21825,1.28490
53,CPV,Cape Verde,MS.MIL.XPND.GD.ZS,Military expenditure (% of GDP),1.73990,,,,,0.753040,0.835285,1.26509,0.848694,0.810050,0.836512,0.857793,1.27987,0.843658,0.734072,0.725289,0.697798,0.692918,0.610591,0.580347,0.553104
54,CYM,Cayman Islands,MS.MIL.XPND.GD.ZS,Military expenditure (% of GDP),,,,,,,,,,,,,,,,,,,,,
55,CAF,Central African Republic,MS.MIL.XPND.GD.ZS,Military expenditure (% of GDP),,,,1.53798,1.61667,1.47397,1.25321,1.16000,1.13975,,,,,,1.02514,1.31836,1.18961,1.14042,,1.11631,1.58497
56,TCD,Chad,MS.MIL.XPND.GD.ZS,Military expenditure (% of GDP),,,,,,3.30648,2.33569,1.71810,1.90942,1.33099,1.14636,1.69331,1.90645,1.79567,1.72520,1.49634,1.14477,1.04770,0.968922,0.991662,0.964209
57,CHI,Channel Islands,MS.MIL.XPND.GD.ZS,Military expenditure (% of GDP),,,,,,,,,,,,,,,,,,,,,
58,CHL,Chile,MS.MIL.XPND.GD.ZS,Military expenditure (% of GDP),4.93601,4.07792,4.15700,3.94653,3.72135,3.59506,3.37005,3.05907,3.08926,3.20828,3.41865,3.68081,3.70176,3.70951,3.80865,3.60268,3.70306,3.60765,3.71576,3.43257,3.51273
59,CHN,China,MS.MIL.XPND.GD.ZS,Military expenditure (% of GDP),,2.67768,2.68912,2.48376,2.58139,2.09148,1.81336,1.72715,1.77025,1.65880,1.76536,1.83994,1.83440,2.00629,2.12744,2.07624,2.04531,2.00854,2.04791,1.95876,1.96228
60,COL,Colombia,MS.MIL.XPND.GD.ZS,Military expenditure (% of GDP),2.36972,2.58483,2.56574,2.20250,2.64359,2.99329,2.28481,2.50240,2.95498,3.30218,2.63448,2.78560,2.96272,3.24558,3.36276,3.70536,3.41362,3.30773,3.42401,3.29706,3.72306
61,COM,Comoros,MS.MIL.XPND.GD.ZS,Military expenditure (% of GDP),,,,,,,,,,,,,,,,,,,,,
62,ZAR,Congo Dem. Rep.,MS.MIL.XPND.GD.ZS,Military expenditure (% of GDP),,,,,,,,,1.54675,1.37500,0.428433,1.15777,0.976439,,,1.38777,2.11436,2.32591,2.39961,2.05898,1.37144
63,COG,Congo Rep.,MS.MIL.XPND.GD.ZS,Military expenditure (% of GDP),,,,,,,,,,,,,,1.38525,1.66445,1.90609,1.63083,1.30669,1.09014,1.38765,1.31239
64,CRI,Costa Rica,MS.MIL.XPND.GD.ZS,Military expenditure (% of GDP),,,,,,,,,,,,,,,,,,,,,
65,CIV,Cote d'Ivoire,MS.MIL.XPND.GD.ZS,Military expenditure (% of GDP),1.24735,1.33004,1.33364,1.37498,1.40578,1.34602,1.01176,,0.845430,0.798024,,,,,,1.55306,1.62623,1.52934,1.54165,1.59158,1.46876
66,HRV,Croatia,MS.MIL.XPND.GD.ZS,Military expenditure (% of GDP),,,,,7.61106,10.7273,11.1481,9.31466,8.29185,7.61516,5.65494,4.49059,3.09073,2.75215,2.77347,2.09549,1.73081,1.63522,1.70147,1.63355,1.81904
67,CUB,Cuba,MS.MIL.XPND.GD.ZS,Military expenditure (% of GDP),,,,,,,,,,,,,,,,,,,,,
68,CYP,Cyprus,MS.MIL.XPND.GD.ZS,Military expenditure (% of GDP),9.71993,9.17187,12.5993,12.4126,15.5983,6.96247,6.87539,5.51982,8.18828,10.2601,8.65906,5.07157,5.16912,5.78758,3.93706,3.70451,3.65929,3.83292,3.59825,3.23177,3.68277
69,CZE,Czech Republic,MS.MIL.XPND.GD.ZS,Military expenditure (% of GDP),,,,,,2.37224,2.28343,1.92803,1.81247,1.72978,1.88547,2.00346,2.04050,1.91216,1.98520,2.06410,1.86449,1.95870,1.71793,1.45322,1.47661
70,DNK,Denmark,MS.MIL.XPND.GD.ZS,Military expenditure (% of GDP),2.04930,1.98409,1.95076,1.95468,1.88938,1.90720,1.77011,1.71331,1.67332,1.64537,1.63894,1.60103,1.49456,1.57359,1.54939,1.50462,1.46237,1.34605,1.42285,1.34671,1.30717
71,DJI,Djibouti,MS.MIL.XPND.GD.ZS,Military expenditure (% of GDP),7.84749,7.59690,6.87912,6.87133,7.03382,6.66573,6.24603,5.94872,4.96498,5.28231,5.19278,4.99514,4.72106,4.55025,5.62468,6.71368,5.60845,6.32658,6.50965,4.22175,4.14337
72,DMA,Dominica,MS.MIL.XPND.GD.ZS,Military expenditure (% of GDP),,,,,,,,,,,,,,,,,,,,,
73,DOM,Dominican Republic,MS.MIL.XPND.GD.ZS,Military expenditure (% of GDP),0.736671,0.669922,0.565457,0.448852,0.524075,0.620819,0.604900,0.440233,0.491376,0.612920,0.584035,0.583281,0.739631,0.900556,0.957672,0.578975,0.450257,0.655587,0.532778,0.557759,0.584543
74,ECU,Ecuador,MS.MIL.XPND.GD.ZS,Military expenditure (% of GDP),2.17726,1.98467,1.95150,1.84255,1.75965,1.83316,1.56679,2.35195,1.97010,2.11119,2.36078,1.77522,1.66939,1.80706,2.02816,2.58068,2.17510,2.56542,2.27473,2.86093,2.83071
75,EGY,Egypt Arab Rep.,MS.MIL.XPND.GD.ZS,Military expenditure (% of GDP),6.90610,5.80796,4.70263,4.63754,4.45363,4.38338,4.17257,3.89412,3.49433,3.19782,3.28427,3.21229,3.18936,3.30611,3.36263,3.34084,3.02576,2.85385,2.74033,2.50224,2.30059
76,SLV,El Salvador,MS.MIL.XPND.GD.ZS,Military expenditure (% of GDP),2.11939,2.42440,2.31206,2.18415,1.86408,1.47017,1.17123,1.02100,0.934512,0.875640,0.801937,0.800664,0.852739,0.789126,0.761881,0.704473,0.670958,0.638540,0.621864,0.598844,0.533584
77,GNQ,Equatorial Guinea,MS.MIL.XPND.GD.ZS,Military expenditure (% of GDP),,,,,,,1.89218,2.10261,,,,,,,,,,,,,
78,ERI,Eritrea,MS.MIL.XPND.GD.ZS,Military expenditure (% of GDP),,,,,,22.0306,13.4038,20.8418,21.9571,12.8271,35.2738,39.6154,36.4030,24.2273,22.3154,23.5534,,,,,
79,EST,Estonia,MS.MIL.XPND.GD.ZS,Military expenditure (% of GDP),,,,,0.519072,0.762479,1.04308,0.963416,0.877119,1.04959,1.07064,1.29172,1.37891,1.50362,1.66677,1.74167,1.70316,1.91134,1.89569,2.15089,2.23665
80,ETH,Ethiopia,MS.MIL.XPND.GD.ZS,Military expenditure (% of GDP),5.68059,6.86297,6.49716,3.95904,2.45349,2.18779,2.04470,1.58538,1.49821,2.61700,5.87568,9.50704,7.61463,4.34974,3.72014,3.26424,3.09943,2.78475,2.28371,1.89311,1.52697
81,FRO,Faeroe Islands,MS.MIL.XPND.GD.ZS,Military expenditure (% of GDP),,,,,,,,,,,,,,,,,,,,,
82,FJI,Fiji,MS.MIL.XPND.GD.ZS,Military expenditure (% of GDP),2.22348,2.45685,2.28283,2.34574,1.99366,1.95915,1.84478,1.76116,1.54284,1.47862,1.36404,1.22605,1.90248,1.97651,1.67751,1.61028,1.71576,1.45509,1.30578,1.39627,1.34044
83,FIN,Finland,MS.MIL.XPND.GD.ZS,Military expenditure (% of GDP),1.58363,1.50389,1.53431,1.74683,1.88341,1.84929,1.75136,1.46176,1.57366,1.58028,1.50438,1.26503,1.27914,1.18250,1.19048,1.37591,1.40058,1.40447,1.36580,1.22621,1.29939
84,FRA,France,MS.MIL.XPND.GD.ZS,Military expenditure (% of GDP),3.59836,3.50330,3.42247,3.43264,3.28720,3.29874,3.25391,3.04278,2.94870,2.90005,2.72065,2.66893,2.54632,2.48380,2.49788,2.55102,2.57139,2.46485,2.40568,2.33674,2.29913
85,PYF,French Polynesia,MS.MIL.XPND.GD.ZS,Military expenditure (% of GDP),,,,,,,,,,,,,,,,,,,,,
86,GAB,Gabon,MS.MIL.XPND.GD.ZS,Military expenditure (% of GDP),,,,,,,,,,,,,1.80145,1.91044,1.92017,1.79023,1.71409,1.31265,1.16198,1.06392,
87,GMB,Gambia The,MS.MIL.XPND.GD.ZS,Military expenditure (% of GDP),0.810531,0.960713,1.09274,1.25152,1.01033,0.696625,0.638592,0.756984,1.00374,1.01956,0.972165,0.814726,0.789611,0.587254,0.611054,0.568522,0.481888,0.647488,0.548156,0.697876,
88,GEO,Georgia,MS.MIL.XPND.GD.ZS,Military expenditure (% of GDP),,,,,,,,,2.21017,1.25359,1.13697,0.924375,0.615583,0.740186,1.00053,1.06841,1.37414,3.33880,5.22121,9.15629,8.11242
89,DEU,Germany,MS.MIL.XPND.GD.ZS,Military expenditure (% of GDP),2.58840,2.48208,2.46836,2.18493,2.03496,1.85668,1.69274,1.63158,1.59889,1.53745,1.51737,1.52102,1.48141,1.45034,1.45429,1.43544,1.38450,1.36412,1.30799,1.28317,1.28125
90,GHA,Ghana,MS.MIL.XPND.GD.ZS,Military expenditure (% of GDP),0.437597,0.431128,0.469078,0.617912,0.642198,0.697296,0.691643,0.761123,0.643813,0.658948,0.768964,0.767743,1.02016,0.609393,0.599648,0.698331,0.634639,0.598391,0.594586,0.840105,0.681138
91,GRC,Greece,MS.MIL.XPND.GD.ZS,Military expenditure (% of GDP),4.53343,4.06504,4.10066,3.76194,3.91912,3.88661,3.86778,3.83897,4.00622,4.07122,4.27455,4.31135,4.34470,4.08802,3.88533,3.12409,3.24345,3.44962,3.43375,3.28512,3.54812
92,GRL,Greenland,MS.MIL.XPND.GD.ZS,Military expenditure (% of GDP),,,,,,,,,,,,,,,,,,,,,
93,GRD,Grenada,MS.MIL.XPND.GD.ZS,Military expenditure (% of GDP),,,,,,,,,,,,,,,,,,,,,
94,GUM,Guam,MS.MIL.XPND.GD.ZS,Military expenditure (% of GDP),,,,,,,,,,,,,,,,,,,,,
95,GTM,Guatemala,MS.MIL.XPND.GD.ZS,Military expenditure (% of GDP),1.59163,1.53686,1.47158,1.08029,1.25404,1.07871,1.07943,0.989940,0.821127,0.742537,0.720837,0.675601,0.818068,1.05186,0.762430,0.815885,0.479416,0.384155,0.448581,0.414737,0.481227
96,GIN,Guinea,MS.MIL.XPND.GD.ZS,Military expenditure (% of GDP),,,,2.38019,1.69438,1.34051,1.35591,,,1.17267,1.25501,1.59511,1.47695,3.03531,3.21506,2.44120,2.23102,,,,
97,GNB,Guinea-Bissau,MS.MIL.XPND.GD.ZS,Military expenditure (% of GDP),,2.07221,,,,,0.855926,0.870948,0.701777,0.676896,1.40476,,4.42373,3.10692,3.12507,3.18119,,4.01447,,,
98,GUY,Guyana,MS.MIL.XPND.GD.ZS,Military expenditure (% of GDP),2.02755,1.20039,0.906479,0.603018,0.983244,0.975966,1.01467,0.915363,0.787569,,,,,,,,,,,,
99,HTI,Haiti,MS.MIL.XPND.GD.ZS,Military expenditure (% of GDP),,,,,,,,,,,,,,,,,,,,,
100,HND,Honduras,MS.MIL.XPND.GD.ZS,Military expenditure (% of GDP),,,,,,,,,,,,,0.483807,0.545536,0.695226,0.643477,0.574587,0.546400,0.504632,0.681096,0.674563
101,HKG,Hong Kong SAR China,MS.MIL.XPND.GD.ZS,Military expenditure (% of GDP),,,,,,,,,,,,,,,,,,,,,
102,HUN,Hungary,MS.MIL.XPND.GD.ZS,Military expenditure (% of GDP),3.80334,3.08956,2.79322,2.44516,2.38845,2.16698,2.07915,1.59238,1.49598,1.71907,1.49904,1.68065,1.67286,1.78776,1.63029,1.66207,1.50144,1.44842,1.24779,1.28027,1.20766
103,ISL,Iceland,MS.MIL.XPND.GD.ZS,Military expenditure (% of GDP),,,,,,,,,,,,,,,,,,,,,
104,IND,India,MS.MIL.XPND.GD.ZS,Military expenditure (% of GDP),3.58042,3.52687,3.23020,2.99361,2.79036,2.91059,2.74670,2.65142,2.54603,2.72401,2.80950,3.06347,3.05378,3.02332,2.92109,2.76263,2.90848,2.81593,2.60100,2.46856,2.45408
105,IDN,Indonesia,MS.MIL.XPND.GD.ZS,Military expenditure (% of GDP),1.96300,1.78415,1.81157,1.70061,1.74366,1.57167,1.62603,1.57487,1.57726,1.32803,1.08281,0.932409,1.00340,0.997132,1.05888,1.36298,1.39819,1.24926,1.24987,1.22191,0.981000
106,IRN,Iran Islamic Rep.,MS.MIL.XPND.GD.ZS,Military expenditure (% of GDP),,2.41028,2.05013,1.65558,1.38891,1.51629,2.36129,1.78779,1.91747,2.12760,2.35284,2.97555,3.78726,4.01884,2.50530,2.85102,3.26877,3.75636,3.83450,2.87324,
107,IRQ,Iraq,MS.MIL.XPND.GD.ZS,Military expenditure (% of GDP),,,,,,,,,,,,,,,,,,,,,
108,IRL,Ireland,MS.MIL.XPND.GD.ZS,Military expenditure (% of GDP),1.08761,1.00927,1.26157,1.24204,1.21100,1.15096,1.14253,1.04723,1.01510,0.941567,0.842524,0.769053,0.719157,0.733400,0.662109,0.613159,0.595402,0.567930,0.535292,0.526226,0.590696
109,IMY,Isle of Man,MS.MIL.XPND.GD.ZS,Military expenditure (% of GDP),,,,,,,,,,,,,,,,,,,,,
110,ISR,Israel,MS.MIL.XPND.GD.ZS,Military expenditure (% of GDP),15.4045,12.8710,12.5767,15.5026,11.5421,11.8113,10.1540,8.48728,8.65214,8.52947,8.35792,8.28885,7.78291,8.07420,9.14366,8.55956,7.73742,7.67469,7.81057,8.40206,8.01307
111,ITA,Italy,MS.MIL.XPND.GD.ZS,Military expenditure (% of GDP),2.28416,2.22721,2.06230,2.03603,1.97522,2.01444,1.93208,1.72061,1.86097,1.90576,1.92897,1.97322,2.04230,1.96949,1.99865,2.00658,1.97452,1.88593,1.79288,1.78469,1.76232
112,JAM,Jamaica,MS.MIL.XPND.GD.ZS,Military expenditure (% of GDP),,,0.597141,0.552761,0.949797,0.647389,0.492708,0.580036,0.654999,0.737448,0.544870,0.511030,0.486901,0.509347,0.588026,0.583560,0.538024,0.532009,0.605954,0.649924,0.549716
113,JPN,Japan,MS.MIL.XPND.GD.ZS,Military expenditure (% of GDP),0.970584,0.952779,0.937937,0.931099,0.945283,0.960441,0.960432,0.955047,0.954861,0.955266,0.978918,0.991503,0.981133,0.994536,1.00873,1.01041,0.986498,0.970235,0.950795,0.931360,0.942700
114,JOR,Jordan,MS.MIL.XPND.GD.ZS,Military expenditure (% of GDP),9.71560,9.27448,8.02009,10.3324,6.92444,6.97740,6.53964,4.45425,6.02569,6.12976,6.27327,6.28088,6.24906,5.88947,5.44486,6.00243,5.14172,4.78015,4.72392,6.07122,5.88411
115,KAZ,Kazakhstan,MS.MIL.XPND.GD.ZS,Military expenditure (% of GDP),,,,,,1.01961,0.897351,1.06489,1.15133,1.07048,1.09620,0.852982,0.784645,0.999818,0.998338,1.02993,0.988052,1.03681,0.979074,1.29963,0.990474
116,KEN,Kenya,MS.MIL.XPND.GD.ZS,Military expenditure (% of GDP),3.00370,2.75991,2.87527,2.35428,1.90077,1.83777,1.64155,1.64814,1.41803,1.34062,1.22013,1.17804,1.30332,1.50448,1.62685,1.65014,1.61418,1.69072,1.67008,1.82375,1.95885
117,KIR,Kiribati,MS.MIL.XPND.GD.ZS,Military expenditure (% of GDP),,,,,,,,,,,,,,,,,,,,,
118,PRK,Korea Dem. Rep.,MS.MIL.XPND.GD.ZS,Military expenditure (% of GDP),,,,,,,,,,,,,,,,,,,,,
119,KOR,Korea Rep.,MS.MIL.XPND.GD.ZS,Military expenditure (% of GDP),4.02592,3.88683,3.55561,3.30786,3.26570,3.17020,2.96142,2.77657,2.72918,2.66770,2.80808,2.51879,2.39989,2.37897,2.27108,2.28323,2.29062,2.43273,2.44447,2.43484,2.60260
120,KSV,Kosovo,MS.MIL.XPND.GD.ZS,Military expenditure (% of GDP),,,,,,,,,,,,,,,,,,,,,
121,KWT,Kuwait,MS.MIL.XPND.GD.ZS,Military expenditure (% of GDP),8.24499,8.53995,48.7074,117.39,31.7858,12.4476,13.2656,13.5815,10.2977,8.09211,8.80222,7.59071,7.14780,7.70022,7.40293,6.53957,5.80579,4.34451,3.55955,3.81452,3.15178
122,KGZ,Kyrgyz Republic,MS.MIL.XPND.GD.ZS,Military expenditure (% of GDP),,,,,1.64576,1.53137,2.58753,3.45616,2.98727,3.11220,2.66812,2.59929,2.85199,2.34694,2.72667,2.87106,2.84894,3.07237,3.16871,3.05572,2.42361
123,LAO,Lao PDR,MS.MIL.XPND.GD.ZS,Military expenditure (% of GDP),,,,,8.97722,7.93901,7.39303,6.17293,4.11430,3.45266,2.60512,1.06492,0.782765,0.713294,0.624969,0.508915,0.455940,0.430803,0.377309,0.340137,
124,LVA,Latvia,MS.MIL.XPND.GD.ZS,Military expenditure (% of GDP),,,,,,0.817996,0.930233,0.891438,0.682683,0.620281,0.635425,0.776084,0.892490,1.04600,1.58032,1.68941,1.66791,1.69995,1.84396,1.69826,1.87771
125,LBN,Lebanon,MS.MIL.XPND.GD.ZS,Military expenditure (% of GDP),1.18732,,7.55195,5.15489,7.97979,6.01299,6.64083,6.36813,5.37354,4.30516,4.02310,4.77062,5.38816,5.43090,4.73815,4.59785,4.38092,4.43939,4.61479,5.06369,4.44511
126,LSO,Lesotho,MS.MIL.XPND.GD.ZS,Military expenditure (% of GDP),4.25491,5.36315,4.78711,4.01694,3.17792,2.87944,3.23267,3.87105,3.28477,3.13489,3.37574,4.21511,3.90080,3.28338,2.91806,2.75209,2.43639,2.44560,2.32732,2.38585,2.57854
127,LBR,Liberia,MS.MIL.XPND.GD.ZS,Military expenditure (% of GDP),,,,7.18391,10.1566,19.0150,29.7277,,,,,,,,,,0.431569,1.04386,0.966306,0.490773,
128,LBY,Libya,MS.MIL.XPND.GD.ZS,Military expenditure (% of GDP),,,,,,,,,,4.07803,5.29744,3.78386,3.20249,2.88439,2.28175,2.27273,2.05991,1.52189,1.11618,0.921233,1.18158
129,LIE,Liechtenstein,MS.MIL.XPND.GD.ZS,Military expenditure (% of GDP),,,,,,,,,,,,,,,,,,,,,
130,LTU,Lithuania,MS.MIL.XPND.GD.ZS,Military expenditure (% of GDP),,,,,,0.778257,0.495741,0.470017,0.516193,0.755045,1.23718,1.05572,1.74039,1.76821,1.74380,1.89082,1.81665,1.59588,1.56052,1.54475,1.56145
131,LUX,Luxembourg,MS.MIL.XPND.GD.ZS,Military expenditure (% of GDP),0.921063,0.763241,0.763133,0.785435,0.800744,0.684537,0.721278,0.688272,0.690022,0.724695,0.740758,0.663757,0.631818,0.793007,0.800257,0.793519,0.773980,0.787113,0.775329,0.736039,
132,MAC,Macao SAR China,MS.MIL.XPND.GD.ZS,Military expenditure (% of GDP),,,,,,,,,,,,,,,,,,,,,
133,MKD,Macedonia FYR,MS.MIL.XPND.GD.ZS,Military expenditure (% of GDP),,,,,,,,,2.96014,2.23795,2.20639,1.80326,1.94678,6.58439,2.80404,2.50193,2.51944,2.18374,1.97771,2.05237,2.04696
134,MDG,Madagascar,MS.MIL.XPND.GD.ZS,Military expenditure (% of GDP),1.35298,1.21084,1.22715,1.30404,0.762751,1.12385,0.925360,0.860600,1.23884,1.48190,1.34931,1.21147,1.21751,1.43584,1.31317,1.32475,1.25068,1.07011,0.981781,1.11919,1.08871
135,MWI,Malawi,MS.MIL.XPND.GD.ZS,Military expenditure (% of GDP),1.46277,1.43339,1.29178,1.07654,1.40187,1.23950,1.44314,0.791260,0.884900,0.990986,0.827276,0.811014,0.672350,0.739146,0.555822,0.540975,0.836395,1.19128,1.22168,1.16027,
136,MYS,Malaysia,MS.MIL.XPND.GD.ZS,Military expenditure (% of GDP),2.42611,2.62370,2.55540,3.19931,2.98642,2.87526,2.84713,2.75136,2.40056,2.08556,1.60534,2.10165,1.63468,2.08492,2.21913,2.61481,2.26306,2.26187,2.08824,2.12646,1.96457
137,MDV,Maldives,MS.MIL.XPND.GD.ZS,Military expenditure (% of GDP),,,,,,,,,,,,,,,,,,,,,
138,MLI,Mali,MS.MIL.XPND.GD.ZS,Military expenditure (% of GDP),2.46489,2.29508,2.15413,,,2.21548,2.26841,2.18525,2.02269,2.16656,2.10182,2.27472,2.40035,2.27214,1.96574,2.03514,2.11654,2.25845,2.24626,2.30347,1.97496
139,MLT,Malta,MS.MIL.XPND.GD.ZS,Military expenditure (% of GDP),2.84435,2.58141,2.13063,2.02887,2.26680,2.33404,2.38551,2.23605,2.32723,2.17350,1.93067,1.78594,1.51709,1.64041,1.56306,1.59175,1.68839,1.67451,1.61942,1.54323,
140,MHL,Marshall Islands,MS.MIL.XPND.GD.ZS,Military expenditure (% of GDP),,,,,,,,,,,,,,,,,,,,,
141,MRT,Mauritania,MS.MIL.XPND.GD.ZS,Military expenditure (% of GDP),4.44118,3.92556,3.89347,3.45502,2.66789,2.38409,2.21380,2.28683,2.62684,2.95928,2.08334,2.67688,3.52269,4.63892,3.16895,4.85149,4.69031,3.58802,3.07620,,3.82966
142,MUS,Mauritius,MS.MIL.XPND.GD.ZS,Military expenditure (% of GDP),0.218723,0.288803,0.347363,0.366752,0.354724,0.329907,0.333304,0.333112,0.293579,0.233627,0.202916,0.210961,0.204505,0.198265,0.199527,0.194221,0.171415,0.173187,0.166241,0.156959,
143,MYT,Mayotte,MS.MIL.XPND.GD.ZS,Military expenditure (% of GDP),,,,,,,,,,,,,,,,,,,,,
144,MEX,Mexico,MS.MIL.XPND.GD.ZS,Military expenditure (% of GDP),0.464563,0.448203,0.437814,0.463995,0.501806,0.526510,0.624858,0.545035,0.565594,0.543987,0.537314,0.551311,0.521378,0.519136,0.488730,0.422735,0.376172,0.368771,0.319875,0.412882,0.398190
145,FSM,Micronesia Fed. Sts.,MS.MIL.XPND.GD.ZS,Military expenditure (% of GDP),,,,,,,,,,,,,,,,,,,,,
146,MDA,Moldova,MS.MIL.XPND.GD.ZS,Military expenditure (% of GDP),,,,,,0.532674,0.774785,0.925969,0.906689,0.902777,0.647426,0.511298,0.395145,0.402597,0.419847,0.416381,0.362140,0.401043,0.482635,0.516568,0.443983
147,MCO,Monaco,MS.MIL.XPND.GD.ZS,Military expenditure (% of GDP),,,,,,,,,,,,,,,,,,,,,
148,MNG,Mongolia,MS.MIL.XPND.GD.ZS,Military expenditure (% of GDP),9.36195,7.92105,5.65695,4.69603,2.50328,2.12846,2.08569,1.73502,1.83278,1.77353,2.04920,1.99018,2.22785,1.97826,1.98658,1.68029,1.52833,1.29207,1.24448,1.43927,
149,MNE,Montenegro,MS.MIL.XPND.GD.ZS,Military expenditure (% of GDP),,,,,,,,,,,,,,,,,,,1.96836,1.42097,1.45544
150,MAR,Morocco,MS.MIL.XPND.GD.ZS,Military expenditure (% of GDP),4.13214,4.33557,4.14288,4.12567,4.31803,4.67051,4.49802,4.35922,3.94971,4.19266,3.61044,2.96969,2.32065,3.89750,3.64909,3.65141,3.40228,3.41230,3.25196,3.20160,3.31338
151,MOZ,Mozambique,MS.MIL.XPND.GD.ZS,Military expenditure (% of GDP),3.05020,3.41684,3.36765,2.61203,2.96845,2.87089,3.30350,1.46048,1.11168,1.10274,1.13921,1.24587,1.28446,1.24217,1.27364,1.28140,1.36242,0.946562,0.809598,0.852460,0.850161
152,MMR,Myanmar,MS.MIL.XPND.GD.ZS,Military expenditure (% of GDP),2.09855,2.96793,3.42237,3.15842,3.36816,3.52464,3.53234,3.68760,3.49756,2.66188,2.31709,1.99514,2.30341,1.80078,1.29950,,,,,,
153,NAM,Namibia,MS.MIL.XPND.GD.ZS,Military expenditure (% of GDP),,,,5.81226,4.38651,2.46184,1.74937,1.95183,1.90527,2.30434,2.32051,3.12319,2.36313,2.72802,2.61925,2.62438,2.52818,2.64417,2.49130,2.57773,3.01767
154,NPL,Nepal,MS.MIL.XPND.GD.ZS,Military expenditure (% of GDP),1.08444,1.10677,1.07720,1.06623,1.05229,1.02515,0.973042,0.941713,0.900716,0.880886,0.927056,0.946976,0.961295,1.17610,1.44109,1.61530,1.81761,1.89223,1.71561,1.59000,1.47006
155,NLD,Netherlands,MS.MIL.XPND.GD.ZS,Military expenditure (% of GDP),2.77349,2.67417,2.51670,2.38873,2.35111,2.15425,2.03242,1.91213,1.87300,1.76953,1.69782,1.70770,1.55087,1.54758,1.53671,1.55238,1.53751,1.49842,1.50853,1.47902,1.40395
156,ANT,Netherlands Antilles,MS.MIL.XPND.GD.ZS,Military expenditure (% of GDP),,,,,,,,,,,,,,,,,,,,,
157,NCL,New Caledonia,MS.MIL.XPND.GD.ZS,Military expenditure (% of GDP),,,,,,,,,,,,,,,,,,,,,
158,NZL,New Zealand,MS.MIL.XPND.GD.ZS,Military expenditure (% of GDP),1.92891,1.87754,1.81497,1.75924,1.61084,1.47419,1.41574,1.40868,1.38422,1.32259,1.31829,1.25867,1.22687,1.14565,1.07705,1.04903,1.01568,1.00536,1.04037,1.03735,1.07788
159,NIC,Nicaragua,MS.MIL.XPND.GD.ZS,Military expenditure (% of GDP),,,,4.00238,2.63275,2.10242,1.18950,1.10282,0.949705,0.894670,0.735362,0.719493,0.780750,0.705281,0.801725,0.866709,0.740630,0.699222,0.659259,0.678698,0.633465
160,NER,Niger,MS.MIL.XPND.GD.ZS,Military expenditure (% of GDP),,,,,,,0.00111764,0.000979974,0.000875253,0.000937599,0.00106107,0.00116691,0.00111684,0.00127630,0.000951877,0.000908456,0.00109119,0.000984928,,,
161,NGA,Nigeria,MS.MIL.XPND.GD.ZS,Military expenditure (% of GDP),0.846857,0.559172,0.855213,0.736022,0.484456,0.659788,0.568416,0.707880,0.543568,0.609596,0.000890883,0.00141382,0.000801900,0.00118935,0.00151511,0.000868158,0.000728139,0.000600598,0.000533951,0.000584454,0.000781982
162,MNP,Northern Mariana Islands,MS.MIL.XPND.GD.ZS,Military expenditure (% of GDP),,,,,,,,,,,,,,,,,,,,,
163,NOR,Norway,MS.MIL.XPND.GD.ZS,Military expenditure (% of GDP),2.89309,2.91016,2.88621,2.74749,2.96470,2.68735,2.73314,2.35564,2.20845,2.05598,2.19992,2.08066,1.73652,1.73526,2.11844,2.00681,1.89009,1.61745,1.48835,1.51240,1.29897
164,OMN,Oman,MS.MIL.XPND.GD.ZS,Military expenditure (% of GDP),18.2664,16.6778,16.5150,14.7450,16.2493,15.3635,15.6826,14.6219,12.5462,12.4805,12.4819,11.3731,10.5901,12.1635,12.4270,12.1937,12.0586,11.8152,10.9533,10.3873,
165,PAK,Pakistan,MS.MIL.XPND.GD.ZS,Military expenditure (% of GDP),7.00337,6.62557,6.84625,6.90453,6.77064,6.72147,6.28401,6.00240,5.84858,5.43588,5.22845,5.00276,4.02498,4.03813,4.22220,4.24559,4.11305,4.04629,3.76482,3.56278,3.26709
166,PLW,Palau,MS.MIL.XPND.GD.ZS,Military expenditure (% of GDP),,,,,,,,,,,,,,,,,,,,,
167,PAN,Panama,MS.MIL.XPND.GD.ZS,Military expenditure (% of GDP),2.11304,2.08696,1.37582,1.34536,1.18650,1.31262,1.30594,1.22184,1.08345,1.17017,0.951292,0.977628,,,,,,,,,
168,PNG,Papua New Guinea,MS.MIL.XPND.GD.ZS,Military expenditure (% of GDP),1.26494,1.49719,2.13250,1.38951,1.33791,1.11771,0.981864,0.968570,1.00078,1.30798,1.10206,0.906187,0.873066,0.822408,0.568830,0.547451,0.622030,0.619944,0.546929,0.550346,0.427043
169,PRY,Paraguay,MS.MIL.XPND.GD.ZS,Military expenditure (% of GDP),,1.19781,1.18621,1.58195,1.53048,1.09242,1.19510,1.28843,1.13425,1.36628,1.26966,1.15192,1.12358,1.02019,0.998556,0.824323,0.876646,0.751582,0.824563,0.773837,0.827738
170,PER,Peru,MS.MIL.XPND.GD.ZS,Military expenditure (% of GDP),,0.262337,0.0826760,1.15418,1.77517,1.94480,1.75192,1.86558,1.76976,1.41177,1.60630,1.58983,1.73417,1.68435,1.49362,1.44875,1.42790,1.45995,1.32703,1.16490,1.23755
171,PHL,Philippines,MS.MIL.XPND.GD.ZS,Military expenditure (% of GDP),1.54608,1.41024,1.35012,1.26425,1.28045,1.35657,1.36597,1.44248,1.42629,1.20375,1.18241,1.10716,1.07931,0.990700,0.981540,1.02956,0.900062,0.874975,0.854346,0.935532,0.810229
172,POL,Poland,MS.MIL.XPND.GD.ZS,Military expenditure (% of GDP),2.49758,1.81713,2.61302,2.33548,2.36724,2.64989,2.37074,2.02834,2.04126,2.02715,2.01913,1.92103,1.84893,1.90671,1.90470,1.92716,1.92453,1.93460,1.88287,1.93484,2.03447
173,PRT,Portugal,MS.MIL.XPND.GD.ZS,Military expenditure (% of GDP),2.50198,2.51368,2.49031,2.47966,2.46080,2.41228,2.28035,2.36440,2.21085,2.13385,1.97000,1.97824,1.95714,2.00915,2.04159,1.98799,2.07871,2.17806,2.08561,1.95491,1.97620
174,PRI,Puerto Rico,MS.MIL.XPND.GD.ZS,Military expenditure (% of GDP),,,,,,,,,,,,,,,,,,,,,
175,QAT,Qatar,MS.MIL.XPND.GD.ZS,Military expenditure (% of GDP),,,,,,,,,,,,,,,,,,,,,
176,ROM,Romania,MS.MIL.XPND.GD.ZS,Military expenditure (% of GDP),4.31739,4.75000,4.54598,4.76428,4.26259,2.75008,3.11413,2.77256,2.47889,3.04437,2.97754,2.68448,2.52683,2.45271,2.30467,2.10108,2.02702,1.99757,1.83570,1.54036,1.49675
177,RUS,Russian Federation,MS.MIL.XPND.GD.ZS,Military expenditure (% of GDP),,23.3857,19.0935,,5.26039,5.24751,5.87802,4.42422,4.10898,4.48239,3.25525,3.42097,3.70948,4.08113,4.33960,4.28899,3.84794,3.72710,3.59433,3.45500,3.49909
178,RWA,Rwanda,MS.MIL.XPND.GD.ZS,Military expenditure (% of GDP),1.52897,1.71197,3.74776,5.51692,4.37878,4.53639,3.43788,4.36395,5.32858,4.17338,4.37792,4.18670,3.53499,3.39681,3.10953,2.54407,2.09052,1.88309,1.92477,1.62904,1.51811
179,WSM,Samoa,MS.MIL.XPND.GD.ZS,Military expenditure (% of GDP),,,,,,,,,,,,,,,,,,,,,
180,SMR,San Marino,MS.MIL.XPND.GD.ZS,Military expenditure (% of GDP),,,,,,,,,,,,,,,,,,,,,
181,STP,Sao Tome and Principe,MS.MIL.XPND.GD.ZS,Military expenditure (% of GDP),,,,,,,,,,,,,,,,,,,,,
182,SAU,Saudi Arabia,MS.MIL.XPND.GD.ZS,Military expenditure (% of GDP),15.1519,13.3903,14.0243,12.4698,11.2842,12.4654,10.6448,9.27847,8.46808,11.0009,14.3110,11.3819,10.5944,11.4892,9.81265,8.73711,8.35284,8.04611,8.29444,9.23381,8.15335
183,SEN,Senegal,MS.MIL.XPND.GD.ZS,Military expenditure (% of GDP),1.99553,1.94531,2.01100,1.88861,1.82806,2.11202,1.70605,1.65855,1.57476,1.51526,1.49276,1.52186,1.33263,1.41240,1.39414,1.41232,1.33940,1.43196,1.58551,1.70330,1.63388
184,SRB,Serbia,MS.MIL.XPND.GD.ZS,Military expenditure (% of GDP),,,,,,,,,,4.27654,3.79963,4.09071,5.35438,4.21739,4.28333,3.59093,3.01499,2.40326,2.31836,2.42178,2.28056
185,SYC,Seychelles,MS.MIL.XPND.GD.ZS,Military expenditure (% of GDP),4.28011,4.22746,4.02623,4.42402,4.72717,2.73253,2.44369,2.28080,2.09583,2.02502,1.73367,1.78169,1.67933,1.77783,1.67696,1.73432,2.27598,1.66632,1.48446,1.66858,0.977405
186,SLE,Sierra Leone,MS.MIL.XPND.GD.ZS,Military expenditure (% of GDP),0.670456,1.03398,1.39146,2.08016,2.96841,3.03550,2.90569,2.87377,1.97435,1.11624,,,3.66597,3.71261,2.89952,2.87237,2.09497,1.90029,1.98691,1.77184,2.28332
187,SGP,Singapore,MS.MIL.XPND.GD.ZS,Military expenditure (% of GDP),4.74413,4.68367,4.89083,4.68693,4.69099,4.26723,3.95806,4.35758,4.43058,4.64937,5.42048,5.43918,4.67092,5.03095,5.12629,5.06830,4.59903,4.51732,4.31124,3.96088,4.12635
188,SVK,Slovak Republic,MS.MIL.XPND.GD.ZS,Military expenditure (% of GDP),,,,,,1.96440,1.90894,3.21611,3.03400,2.33686,1.77798,1.59922,1.67931,1.86789,1.80020,1.87839,1.68764,1.72012,1.63203,1.51718,1.55370
189,SVN,Slovenia,MS.MIL.XPND.GD.ZS,Military expenditure (% of GDP),,,,,2.24819,1.82014,1.65537,1.61255,1.56748,1.43614,1.39621,1.23759,1.12009,1.33144,1.41817,1.43346,1.46269,1.43885,1.56412,1.44470,1.63767
190,SLB,Solomon Islands,MS.MIL.XPND.GD.ZS,Military expenditure (% of GDP),,,,,,,,,,,,,,,,,,,,,
191,SOM,Somalia,MS.MIL.XPND.GD.ZS,Military expenditure (% of GDP),,,,,,,,,,,,,,,,,,,,,
192,ZAF,South Africa,MS.MIL.XPND.GD.ZS,Military expenditure (% of GDP),4.25451,4.01032,3.92283,3.33604,2.75344,2.53583,2.65204,2.25543,2.04433,1.72007,1.56811,1.39526,1.55311,1.66871,1.71002,1.75531,1.62201,1.63902,1.51660,1.43561,1.35994
193,ESP,Spain,MS.MIL.XPND.GD.ZS,Military expenditure (% of GDP),1.96365,1.93700,1.73777,1.62672,1.47961,1.62581,1.44137,1.44967,1.38439,1.33950,1.25229,1.22288,1.20569,1.17119,1.15386,1.09678,1.08580,1.04622,1.17133,1.16306,1.19663
194,LKA,Sri Lanka,MS.MIL.XPND.GD.ZS,Military expenditure (% of GDP),2.11729,1.62769,2.08214,2.76625,3.03327,3.08268,3.35012,5.27126,4.96011,4.16726,4.17491,3.62580,4.52436,3.85108,3.00727,2.57892,2.69270,2.50736,2.76995,2.85021,3.01549
195,KNA,St. Kitts and Nevis,MS.MIL.XPND.GD.ZS,Military expenditure (% of GDP),,,,,,,,,,,,,,,,,,,,,
196,LCA,St. Lucia,MS.MIL.XPND.GD.ZS,Military expenditure (% of GDP),,,,,,,,,,,,,,,,,,,,,
197,VCT,St. Vincent and the Grenadines,MS.MIL.XPND.GD.ZS,Military expenditure (% of GDP),,,,,,,,,,,,,,,,,,,,,
198,SDN,Sudan,MS.MIL.XPND.GD.ZS,Military expenditure (% of GDP),2.62847,,2.57620,2.24581,1.89744,2.12034,1.29278,1.40658,1.17908,0.836660,2.31069,4.02187,4.74905,2.90439,3.23592,2.23915,5.72195,4.25398,4.22287,,
199,SUR,Suriname,MS.MIL.XPND.GD.ZS,Military expenditure (% of GDP),,,,,,,,,,,,,,,,,,,,,
200,SWZ,Swaziland,MS.MIL.XPND.GD.ZS,Military expenditure (% of GDP),1.25850,1.37871,1.30371,1.38451,1.63203,1.74749,1.81760,1.68766,1.65439,1.49168,1.64431,1.68504,1.64443,1.52107,1.55943,1.78127,1.87262,2.35514,2.19053,2.09807,
201,SWE,Sweden,MS.MIL.XPND.GD.ZS,Military expenditure (% of GDP),2.53639,2.46173,2.52285,2.41154,2.40244,2.47899,2.36854,2.25843,2.24611,2.06155,2.02779,2.00290,1.97966,1.83301,1.75156,1.70578,1.54391,1.50774,1.41858,1.40877,1.31890
202,CHE,Switzerland,MS.MIL.XPND.GD.ZS,Military expenditure (% of GDP),1.73397,1.69561,1.75176,1.71761,1.70402,1.53161,1.54851,1.34128,1.26954,1.20680,1.14658,1.09603,1.06691,1.04015,1.02727,1.01364,0.970582,0.937947,0.815537,0.804464,0.823714
203,SYR,Syrian Arab Republic,MS.MIL.XPND.GD.ZS,Military expenditure (% of GDP),7.30998,7.42010,6.41007,9.69303,8.36854,6.74312,7.23176,6.95302,6.03598,5.88812,5.80686,5.81131,5.34013,5.25831,5.21003,6.08811,5.55759,5.07782,4.38333,4.08395,3.38138
204,TJK,Tajikistan,MS.MIL.XPND.GD.ZS,Military expenditure (% of GDP),,,,,0.401855,3.43677,1.94236,1.02153,1.28927,2.06674,1.71301,1.39209,1.20307,1.15363,2.09464,2.23843,2.17279,,,,
205,TZA,Tanzania,MS.MIL.XPND.GD.ZS,Military expenditure (% of GDP),,2.38264,2.04648,2.18177,2.10968,1.37928,1.29629,1.62887,1.55535,1.54355,1.60276,1.48766,1.48614,1.59533,1.44191,1.21747,1.12410,0.983383,1.03114,0.964274,0.926042
206,THA,Thailand,MS.MIL.XPND.GD.ZS,Military expenditure (% of GDP),2.83010,2.57567,2.62976,2.47703,2.61668,2.38944,2.37591,2.26173,2.17348,2.07437,1.86175,1.61328,1.44773,1.46904,1.40761,1.30171,1.16339,1.12111,1.10451,1.29592,1.51105
207,TMP,Timor-Leste,MS.MIL.XPND.GD.ZS,Military expenditure (% of GDP),,,,,,,,,,,,,,,,,,,,,
208,TGO,Togo,MS.MIL.XPND.GD.ZS,Military expenditure (% of GDP),3.12501,3.09405,3.11641,2.86492,2.90106,4.06550,2.58451,2.35627,,,,,,,,1.63915,1.53903,1.57659,,,1.96685
209,TON,Tonga,MS.MIL.XPND.GD.ZS,Military expenditure (% of GDP),,1.17309,1.46715,1.51156,1.35885,1.32624,1.34984,1.50568,1.45449,1.64244,1.58417,1.36371,1.40861,1.45108,1.31957,1.22751,1.08990,1.21117,1.42931,1.47975,
210,TTO,Trinidad and Tobago,MS.MIL.XPND.GD.ZS,Military expenditure (% of GDP),,,,,,,,,,,,,,,,,,,,,
211,TUN,Tunisia,MS.MIL.XPND.GD.ZS,Military expenditure (% of GDP),2.30931,2.31494,2.01559,2.00353,1.86782,1.88911,1.90340,1.90009,2.02976,1.89490,1.84835,1.71858,1.71101,1.67957,1.64083,1.63031,1.58128,1.61826,1.60638,1.33971,1.31280
212,TUR,Turkey,MS.MIL.XPND.GD.ZS,Military expenditure (% of GDP),2.94062,3.16729,3.53635,3.76121,3.86878,3.92055,4.05850,3.90340,4.14294,4.10253,3.26054,3.98486,3.74900,3.68156,3.89213,3.39197,2.78481,2.49595,2.54829,2.13632,2.16662
213,TKM,Turkmenistan,MS.MIL.XPND.GD.ZS,Military expenditure (% of GDP),,,,,,,1.72018,2.31595,2.03826,3.96082,3.11540,2.90188,,,,,,,,,
214,UGA,Uganda,MS.MIL.XPND.GD.ZS,Military expenditure (% of GDP),3.86648,3.48632,3.33637,2.95082,2.15990,1.93521,2.31804,2.29159,2.31947,2.27633,2.53624,2.83941,2.47749,2.32121,2.36148,2.40286,2.31552,2.40859,2.20119,2.25808,
215,UKR,Ukraine,MS.MIL.XPND.GD.ZS,Military expenditure (% of GDP),,,,,,0.465358,2.50048,2.82851,3.28758,4.12467,3.35501,2.98217,3.63615,2.86400,2.77490,2.84839,2.59712,2.79260,2.77165,2.87000,2.66758
216,ARE,United Arab Emirates,MS.MIL.XPND.GD.ZS,Military expenditure (% of GDP),8.58035,7.71574,6.22304,6.26571,6.06923,6.06686,5.69397,5.17296,4.70644,4.59014,4.89114,4.33650,3.35124,3.48749,3.30545,2.84163,2.34634,1.92428,,,
217,GBR,United Kingdom,MS.MIL.XPND.GD.ZS,Military expenditure (% of GDP),4.03022,3.89778,3.84581,3.98504,3.73473,3.47404,3.25244,2.95964,2.82797,2.62525,2.53224,2.42589,2.38610,2.40197,2.46029,2.52258,2.45528,2.42179,2.36341,2.35569,2.44781
218,USA,United States,MS.MIL.XPND.GD.ZS,Military expenditure (% of GDP),5.78789,5.58805,5.31804,4.71325,4.85368,4.50672,4.10487,3.79794,3.49661,3.34902,3.15458,3.04864,3.08964,3.10387,3.42421,3.80659,3.99519,4.07109,4.02287,4.05310,4.30887
219,URY,Uruguay,MS.MIL.XPND.GD.ZS,Military expenditure (% of GDP),2.64891,2.91868,2.86902,2.14946,2.79561,2.20720,3.16654,1.98578,1.82518,1.56196,1.43508,1.53478,1.32644,1.57498,1.49810,1.46178,1.33919,1.34018,1.27963,1.19664,1.22027
220,UZB,Uzbekistan,MS.MIL.XPND.GD.ZS,Military expenditure (% of GDP),,,,,,,1.52749,1.12290,1.23419,1.40250,,1.63953,,0.834472,,0.538736,,,,,
221,VUT,Vanuatu,MS.MIL.XPND.GD.ZS,Military expenditure (% of GDP),,,,,,,,,,,,,,,,,,,,,
222,VEN,Venezuela RB,MS.MIL.XPND.GD.ZS,Military expenditure (% of GDP),,,,1.90178,1.69836,2.21689,1.64386,1.60079,1.07419,1.79529,1.58959,1.43737,1.52657,1.55488,1.15356,1.18306,1.28830,1.41144,1.62468,1.30231,1.05696
223,VNM,Vietnam,MS.MIL.XPND.GD.ZS,Military expenditure (% of GDP),5.13619,7.28651,,,,,,,,,,,,,,2.01714,1.85459,1.78596,1.94444,2.06607,2.01662
224,VIR,Virgin Islands (U.S.),MS.MIL.XPND.GD.ZS,Military expenditure (% of GDP),,,,,,,,,,,,,,,,,,,,,
225,WBG,West Bank and Gaza,MS.MIL.XPND.GD.ZS,Military expenditure (% of GDP),,,,,,,,,,,,,,,,,,,,,
226,YEM,Yemen Rep.,MS.MIL.XPND.GD.ZS,Military expenditure (% of GDP),,,7.66865,8.14645,8.17508,7.72032,9.23617,6.38197,5.27798,5.72055,6.08249,5.28861,5.01684,5.70958,7.47485,7.32974,5.30527,4.86208,4.30847,4.85031,4.50283
227,ZMB,Zambia,MS.MIL.XPND.GD.ZS,Military expenditure (% of GDP),2.32619,4.16809,3.70566,2.56556,2.94963,1.55858,1.87938,1.59063,1.15690,1.10891,,1.79200,,,,,1.89067,1.95964,1.94207,1.30504,1.83158
228,ZWE,Zimbabwe,MS.MIL.XPND.GD.ZS,Military expenditure (% of GDP),5.01028,4.58621,4.43845,3.71333,3.77995,3.29559,20.1214,18.9867,3.15598,3.33092,2.57579,4.42141,4.68572,2.79824,3.09513,2.63617,5.44275,3.84872,,,
