,,,,,1985,1986,1987,1988,1989,1990,1991,1992,1993,1994,1995,1996,1997,1998,1999,2000,2001,2002,2003,2004,2005,2006,2007,2008
1,EAP,East Asia & Pacific,MS.MIL.TOTL.TF.ZS,Armed forces personnel (% of total labor force),0.903681,,,,0.883036,0.819818,0.775081,0.738778,0.702702,0.661161,0.872137,0.855524,0.791378,0.804270,0.789162,0.791455,0.759008,0.754840,0.750452,1.22816,0.731720,0.712991,0.638920,0.632409
2,ECA,Europe & Central Asia,MS.MIL.TOTL.TF.ZS,Armed forces personnel (% of total labor force),,,,,,,,2.13623,1.80250,1.79646,2.28659,2.23181,2.33332,2.26590,2.13073,2.04267,1.87386,1.83918,1.80537,1.72982,1.72386,1.64206,1.63335,1.61749
3,EMU,Euro area,MS.MIL.TOTL.TF.ZS,Armed forces personnel (% of total labor force),1.78326,,,,1.91950,1.86987,1.74380,1.65636,1.57123,1.56488,1.71188,1.69013,1.58841,1.52989,1.44293,1.29928,1.30289,1.29100,1.22941,1.18827,1.17992,1.12071,1.09728,1.08976
4,HIC,High income,MS.MIL.TOTL.TF.ZS,Armed forces personnel (% of total labor force),1.58859,,,,1.61394,1.58912,1.55528,1.47111,1.40997,1.36410,1.39474,1.35356,1.32049,1.30799,1.26754,1.19260,1.16160,1.15339,1.13351,1.09299,1.13148,1.06354,1.05231,1.04015
5,HPC,Heavily indebted poor countries (HIPC),MS.MIL.TOTL.TF.ZS,Armed forces personnel (% of total labor force),0.636275,,,,0.705731,0.694650,0.574777,0.538728,0.546398,0.503653,0.914753,0.908264,0.883262,0.845033,0.911824,0.947621,0.671576,0.689298,0.640378,0.541215,0.538497,,0.518469,0.505322
6,LAC,Latin America & Caribbean,MS.MIL.TOTL.TF.ZS,Armed forces personnel (% of total labor force),0.925690,,,,0.967893,0.937957,0.891695,0.792559,0.771240,0.734615,1.07198,1.06648,1.02814,0.991029,0.954175,0.943090,0.934504,0.912544,0.904325,0.850940,0.834597,0.945890,0.929309,0.905124
7,LDC,Least developed countries: UN classification,MS.MIL.TOTL.TF.ZS,Armed forces personnel (% of total labor force),0.615314,,,,0.707359,0.768759,0.723544,0.669471,0.668608,0.626752,1.06572,1.07410,1.09900,1.06699,1.10901,1.08289,0.865689,0.884311,0.862197,0.781429,0.769245,,0.729721,0.712450
8,LIC,Low income,MS.MIL.TOTL.TF.ZS,Armed forces personnel (% of total labor force),1.30339,,,,1.43628,1.43901,1.36822,1.20816,1.15620,1.05467,1.40456,1.39265,1.40594,1.35524,1.37453,1.34090,1.16115,1.16763,1.13424,2.34417,1.04574,,0.995279,0.971142
9,LMC,Lower middle income,MS.MIL.TOTL.TF.ZS,Armed forces personnel (% of total labor force),0.862246,,,,0.807563,0.767643,0.670923,0.680094,0.657645,0.629107,0.903492,0.897086,0.841394,0.844192,0.824377,0.829587,0.802382,0.787717,0.778018,0.747206,0.774673,0.745059,0.682006,0.685188
10,LMY,Low & middle income,MS.MIL.TOTL.TF.ZS,Armed forces personnel (% of total labor force),0.999539,,,,0.985448,0.946954,0.865625,0.898410,0.845034,0.809106,1.11907,1.10729,1.07558,1.06018,1.03077,1.02097,0.959680,0.946782,0.930582,1.10233,0.906374,0.918941,0.840463,0.834912
11,MIC,Middle income,MS.MIL.TOTL.TF.ZS,Armed forces personnel (% of total labor force),0.946616,,,,0.905842,0.859446,0.776327,0.844890,0.790836,0.766476,1.06799,1.05571,1.01539,1.00587,0.966962,0.960835,0.922432,0.904605,0.891231,0.860906,0.878995,0.865768,0.809379,0.807253
12,MNA,Middle East & North Africa,MS.MIL.TOTL.TF.ZS,Armed forces personnel (% of total labor force),5.69461,,,,5.21216,5.37695,3.83524,3.59513,3.46872,3.28210,4.17815,4.32361,4.25514,4.07682,3.94563,3.81824,3.54022,3.43161,3.34201,2.85928,3.00669,3.23202,3.01652,3.15090
13,NOC,High income: nonOECD,MS.MIL.TOTL.TF.ZS,Armed forces personnel (% of total labor force),,,,,,,,,,,,,,,,,,,,,,,,
14,OEC,High income: OECD,MS.MIL.TOTL.TF.ZS,Armed forces personnel (% of total labor force),1.53411,,,,1.54923,1.50733,1.46296,1.37168,1.31885,1.27408,1.27204,1.24188,1.18753,1.17657,1.13629,1.05447,1.03760,1.03875,1.02176,0.984368,1.02465,0.952027,0.943303,0.932930
15,SAS,South Asia,MS.MIL.TOTL.TF.ZS,Armed forces personnel (% of total labor force),0.520661,,,,0.488529,0.484569,0.497710,0.491166,0.481339,0.471761,0.827877,0.832261,0.821958,0.806471,0.793462,0.798176,0.723793,0.735807,0.725339,0.746342,0.797286,0.700811,0.685189,0.672248
16,SSA,Sub-Saharan Africa,MS.MIL.TOTL.TF.ZS,Armed forces personnel (% of total labor force),0.578132,,,,0.660402,0.651042,0.584002,0.534174,0.535243,0.491273,0.750149,0.711586,0.675972,0.663136,0.668556,0.673952,0.629890,0.598730,0.558364,0.514348,0.511113,,0.481074,0.468747
17,UMC,Upper middle income,MS.MIL.TOTL.TF.ZS,Armed forces personnel (% of total labor force),1.40272,,,,1.43617,1.35435,1.33764,1.50703,1.31863,1.30911,1.71979,1.68925,1.70791,1.64862,1.53404,1.48017,1.39777,1.36732,1.34081,1.31255,1.29272,1.35160,1.31198,1.28704
18,WLD,World,MS.MIL.TOTL.TF.ZS,Armed forces personnel (% of total labor force),1.12076,,,,1.10964,1.07292,0.999758,1.00316,0.948487,0.910063,1.16886,1.15154,1.11936,1.10415,1.07248,1.05112,0.994923,0.982525,0.965453,1.10075,0.944475,0.945043,0.876010,0.869164
19,AFG,Afghanistan,MS.MIL.TOTL.TF.ZS,Armed forces personnel (% of total labor force),0.864978,,,,0.943588,0.979503,0.746222,0.731425,0.717972,0.703402,5.87409,6.42197,6.26748,5.70234,5.56276,5.42445,,1.54490,1.63090,0.329309,0.319405,0.584955,0.565893,0.569654
20,ALB,Albania,MS.MIL.TOTL.TF.ZS,Armed forces personnel (% of total labor force),3.35879,,,,,,,4.90597,4.89461,4.90582,6.54927,5.13454,5.19419,5.18693,5.17145,5.15679,3.07459,2.02991,1.63712,1.58006,1.63394,0.827413,1.03275,1.02474
21,DZA,Algeria,MS.MIL.TOTL.TF.ZS,Armed forces personnel (% of total labor force),3.11030,,,,1.88499,1.79261,1.70833,1.62497,1.54599,1.47405,1.81753,1.75521,2.75003,2.62144,2.84339,2.74926,2.63936,2.65202,2.49589,2.48554,2.41703,2.44685,2.37224,2.30682
22,ASM,American Samoa,MS.MIL.TOTL.TF.ZS,Armed forces personnel (% of total labor force),,,,,,,,,,,,,,,,,,,,,,,,
23,ADO,Andorra,MS.MIL.TOTL.TF.ZS,Armed forces personnel (% of total labor force),,,,,,,,,,,,,,,,,,,,,,,,
24,AGO,Angola,MS.MIL.TOTL.TF.ZS,Armed forces personnel (% of total labor force),1.22036,,,,2.40240,2.51090,3.17854,2.61652,2.51237,2.27969,2.24982,1.90844,2.19231,2.19269,2.10673,1.88402,2.25701,1.65454,1.88992,1.65994,1.61078,1.45780,1.50591,1.46133
25,ATG,Antigua and Barbuda,MS.MIL.TOTL.TF.ZS,Armed forces personnel (% of total labor force),,,,,,,,,,,,,,,,,,,,,,,,
26,ARG,Argentina,MS.MIL.TOTL.TF.ZS,Armed forces personnel (% of total labor force),0.866915,,,,0.715767,0.627697,0.513962,0.474285,0.468069,0.490545,0.684719,0.703040,0.689766,0.672581,0.640471,0.628612,0.607894,0.592778,0.587968,0.571387,0.558545,0.572733,0.566814,0.560987
27,ARM,Armenia,MS.MIL.TOTL.TF.ZS,Armed forces personnel (% of total labor force),,,,,,,,1.30724,1.42680,3.09065,4.22021,4.06182,4.25360,3.77275,3.75285,2.89404,2.90920,3.03648,2.99556,3.18087,3.14109,2.98308,2.64237,2.61844
28,ABW,Aruba,MS.MIL.TOTL.TF.ZS,Armed forces personnel (% of total labor force),,,,,,,,,,,,,,,,,,,,,,,,
29,AUS,Australia,MS.MIL.TOTL.TF.ZS,Armed forces personnel (% of total labor force),0.959853,,,,0.847049,0.800726,0.796379,0.789372,0.784602,0.737788,0.632482,0.642812,0.634191,0.627348,0.596521,0.536584,0.528364,0.512650,0.529422,0.508062,0.501921,0.472597,0.496400,0.486280
30,AUT,Austria,MS.MIL.TOTL.TF.ZS,Armed forces personnel (% of total labor force),1.62608,,,,1.38146,1.21309,1.22092,1.20720,1.20881,1.18065,1.44475,1.45380,1.19091,1.18070,1.04420,1.04418,0.894294,0.872758,0.868614,0.988426,0.980041,0.959962,0.823071,0.815580
31,AZE,Azerbaijan,MS.MIL.TOTL.TF.ZS,Armed forces personnel (% of total labor force),,,,,,,,1.34479,1.41271,1.58893,4.05443,3.48193,3.26899,2.58495,2.45192,2.45918,2.40601,2.35626,2.16193,2.10587,2.09231,2.05167,2.01394,1.97675
32,BHS,Bahamas The,MS.MIL.TOTL.TF.ZS,Armed forces personnel (% of total labor force),0.476481,,,,,,,,,,1.49664,2.22985,2.15570,2.11385,2.09478,2.04918,2.00679,0.552470,0.541063,0.506349,0.496419,0.487157,0.477966,0.545286
33,BHR,Bahrain,MS.MIL.TOTL.TF.ZS,Armed forces personnel (% of total labor force),1.55357,,,,2.36871,3.64295,3.50080,2.95238,2.85055,3.14266,7.59790,7.47577,7.44928,7.23546,7.12888,6.95243,6.75571,6.52105,6.54310,6.28238,6.16266,5.45755,5.34783,5.23114
34,BGD,Bangladesh,MS.MIL.TOTL.TF.ZS,Armed forces personnel (% of total labor force),0.217011,,,,0.215202,0.207997,0.208513,0.203871,0.199326,0.205820,0.303268,0.290868,0.290515,0.283954,0.312713,0.218202,0.309766,0.301171,0.276200,0.358198,0.350835,0.291231,0.294170,0.287892
35,BRB,Barbados,MS.MIL.TOTL.TF.ZS,Armed forces personnel (% of total labor force),0.814595,,,,,,,,,,0.424364,0.427811,0.427838,0.436090,0.436021,0.427954,0.424842,0.422673,0.418748,0.418073,0.414187,0.411129,0.407680,0.663956
36,BLR,Belarus,MS.MIL.TOTL.TF.ZS,Armed forces personnel (% of total labor force),,,,,,,,1.97926,2.25316,1.28938,2.13651,1.89948,1.84628,1.89369,2.18507,1.90596,4.00963,3.92394,3.76473,3.73254,3.74364,3.73707,3.72419,3.71193
37,BEL,Belgium,MS.MIL.TOTL.TF.ZS,Armed forces personnel (% of total labor force),2.30335,,,,2.79520,2.68694,2.50154,1.93986,1.70825,1.27367,1.12694,1.10251,1.05295,1.02782,0.956014,0.891514,0.914389,0.899442,0.927685,0.803227,0.798691,0.860242,0.822616,0.815648
38,BLZ,Belize,MS.MIL.TOTL.TF.ZS,Armed forces personnel (% of total labor force),1.10546,,,,1.63927,1.58394,1.54032,1.50285,1.45508,1.40598,1.49373,1.44314,1.31296,1.25102,1.21023,1.21676,1.16330,1.11153,1.05889,0.917808,0.874083,0.833694,0.794959,0.758356
39,BEN,Benin,MS.MIL.TOTL.TF.ZS,Armed forces personnel (% of total labor force),0.276660,,,,0.273350,0.316816,0.355751,0.341056,0.373959,0.359381,0.316521,0.306524,0.297969,0.289893,0.281700,0.273453,0.264764,0.248875,0.238973,0.194215,0.248913,,0.231542,0.223399
40,BMU,Bermuda,MS.MIL.TOTL.TF.ZS,Armed forces personnel (% of total labor force),,,,,,,,,,,,,,,,,,,,,,,,
41,BTN,Bhutan,MS.MIL.TOTL.TF.ZS,Armed forces personnel (% of total labor force),1.88721,,,,,,,2.97079,3.09850,3.21509,2.62036,3.26033,3.82939,4.29597,4.06968,3.28028,,,,,,,,
42,BOL,Bolivia,MS.MIL.TOTL.TF.ZS,Armed forces personnel (% of total labor force),1.14367,,,,1.11540,1.08755,1.16705,1.10130,1.07507,0.917031,2.04642,1.99182,2.13818,2.08385,2.00484,1.95919,1.87641,1.82846,1.77906,1.71791,1.72473,1.99120,1.93312,1.88220
43,BIH,Bosnia and Herzegovina,MS.MIL.TOTL.TF.ZS,Armed forces personnel (% of total labor force),,,,,,,,3.49892,,4.61988,5.98931,13.9044,5.12671,4.94643,4.77599,4.10886,1.27326,1.03925,0.979828,1.24560,0.619868,0.463340,0.462764,0.462847
44,BWA,Botswana,MS.MIL.TOTL.TF.ZS,Armed forces personnel (% of total labor force),0.890744,,,,1.15513,1.11006,1.24185,1.19030,1.13944,1.09298,1.27279,1.22359,1.17766,1.26909,1.29129,1.25176,1.21712,1.24752,1.21816,1.13479,1.21884,1.18931,1.16165,1.13191
45,BRA,Brazil,MS.MIL.TOTL.TF.ZS,Armed forces personnel (% of total labor force),0.509772,,,,0.523349,0.471053,0.447433,0.426130,0.416627,0.405535,0.908952,0.909862,0.904539,0.881620,0.825736,0.807397,0.793118,0.768475,0.752980,0.747053,0.712114,0.777026,0.736623,0.721396
46,BRN,Brunei Darussalam,MS.MIL.TOTL.TF.ZS,Armed forces personnel (% of total labor force),4.78827,,,,3.82140,3.64941,3.49837,3.37480,3.25972,3.94447,6.86504,6.71345,6.45041,6.23444,5.83716,5.68737,6.08511,6.52786,6.35030,5.77488,6.18233,4.92387,4.80145,4.68399
47,BGR,Bulgaria,MS.MIL.TOTL.TF.ZS,Armed forces personnel (% of total labor force),3.25539,,,,3.55918,3.14761,2.66030,2.50360,1.33323,2.07206,3.55670,3.63597,3.62247,3.66894,3.14556,3.19650,3.21787,2.98341,2.52297,2.48135,2.52077,2.14205,2.09079,2.04339
48,BFA,Burkina Faso,MS.MIL.TOTL.TF.ZS,Armed forces personnel (% of total labor force),0.117050,,,,0.211079,0.256996,0.249964,0.218478,0.212378,0.206170,0.229563,0.223364,0.210736,0.209743,0.204561,0.216584,0.262709,0.256430,0.256978,0.169277,0.179176,,0.167853,0.162904
49,BDI,Burundi,MS.MIL.TOTL.TF.ZS,Armed forces personnel (% of total labor force),0.211874,,,,0.399513,0.427327,0.419853,0.448571,0.442981,0.573317,0.488109,0.731410,0.728886,1.43427,1.48108,1.44974,1.57293,1.51384,1.58832,2.19468,2.12249,,1.20691,1.15775
50,KHM,Cambodia,MS.MIL.TOTL.TF.ZS,Armed forces personnel (% of total labor force),0.940125,,,,2.35739,2.58429,2.51962,2.96305,2.18104,1.46119,6.25858,6.05298,6.84393,6.56713,6.31703,6.09948,3.37731,3.01890,2.91328,2.81253,2.73796,2.67233,2.60908,2.53645
51,CMR,Cameroon,MS.MIL.TOTL.TF.ZS,Armed forces personnel (% of total labor force),0.196778,,,,0.499677,0.528304,0.533089,0.257786,0.249326,0.241123,0.459938,0.417055,0.404452,0.392320,0.380166,0.368634,0.504145,0.505261,0.490867,0.342336,0.332299,,0.314256,0.305758
52,CAN,Canada,MS.MIL.TOTL.TF.ZS,Armed forces personnel (% of total labor force),0.624439,,,,0.606347,0.590931,0.580263,0.554685,0.510611,0.500156,0.502975,0.524940,0.470323,0.445001,0.437006,0.421323,0.400403,0.362934,0.354325,0.403489,0.399901,0.355485,0.348643,0.342976
53,CPV,Cape Verde,MS.MIL.TOTL.TF.ZS,Armed forces personnel (% of total labor force),7.33250,,,,2.68424,0.875260,0.853898,0.830180,0.805154,0.780119,0.869195,0.840939,0.813602,0.788371,0.795661,0.769324,0.803117,0.775177,0.747257,0.553588,0.534419,,0.499354,0.483325
54,CYM,Cayman Islands,MS.MIL.TOTL.TF.ZS,Armed forces personnel (% of total labor force),,,,,,,,,,,,,,,,,,,,,,,,
55,CAF,Central African Republic,MS.MIL.TOTL.TF.ZS,Armed forces personnel (% of total labor force),0.194844,,,,0.393142,0.307264,0.299530,0.290134,0.281351,0.273544,0.332370,0.323015,0.314587,0.304049,0.299877,0.317119,0.241296,0.200060,0.198619,0.108121,0.158945,,0.152138,0.148659
56,TCD,Chad,MS.MIL.TOTL.TF.ZS,Armed forces personnel (% of total labor force),0.588168,,,,1.42524,2.09266,2.03652,1.50821,1.14404,1.48535,1.25416,1.21493,1.17816,1.14339,1.10401,1.05578,1.03174,0.997494,0.963166,0.920190,0.918968,,0.861205,0.835812
57,CHI,Channel Islands,MS.MIL.TOTL.TF.ZS,Armed forces personnel (% of total labor force),,,,,,,,,,,,,,,,,,,,,,,,
58,CHL,Chile,MS.MIL.TOTL.TF.ZS,Armed forces personnel (% of total labor force),2.31066,,,,1.93177,1.89878,1.76878,1.73651,1.66587,1.81349,2.31005,2.11267,2.14477,2.06853,2.00520,1.91557,1.97485,1.87349,1.77816,1.72958,1.71329,1.47795,1.41657,1.34111
59,CHN,China,MS.MIL.TOTL.TF.ZS,Armed forces personnel (% of total labor force),0.676809,,,,0.617642,0.543548,0.488870,0.476518,0.451485,0.431385,0.600709,0.594763,0.517546,0.537421,0.531598,0.538599,0.519043,0.508282,0.501053,0.497674,0.493672,0.470341,0.374151,0.371357
60,COL,Colombia,MS.MIL.TOTL.TF.ZS,Armed forces personnel (% of total labor force),0.699617,,,,0.840170,0.985513,0.952816,1.16862,1.13232,1.15683,1.79905,1.74322,1.69625,1.64493,1.57154,1.63368,1.68630,1.63788,1.84919,1.98946,1.94084,2.24721,2.27293,2.21562
61,COM,Comoros,MS.MIL.TOTL.TF.ZS,Armed forces personnel (% of total labor force),,,,,,,,,,,,,,,,,,,,,,,,
62,ZAR,Congo Dem. Rep.,MS.MIL.TOTL.TF.ZS,Armed forces personnel (% of total labor force),0.414438,,,,0.393296,0.409151,0.429438,0.308854,0.262929,0.253177,0.399433,0.388838,0.447853,0.494110,0.514669,0.499321,0.424449,0.411460,0.478528,0.303406,0.298194,,0.614705,0.628381
63,COG,Congo Rep.,MS.MIL.TOTL.TF.ZS,Armed forces personnel (% of total labor force),1.05111,,,,1.58213,0.918248,0.888198,0.956111,0.924917,0.897098,1.46194,1.28792,1.26512,1.24385,1.21922,1.19449,0.931247,0.903553,0.874425,0.848379,0.827481,,0.787941,0.771694
64,CRI,Costa Rica,MS.MIL.TOTL.TF.ZS,Armed forces personnel (% of total labor force),1.38437,,,,0.711223,0.686886,0.673075,0.663676,0.637176,0.612190,1.18589,1.18616,1.04438,0.990769,0.971403,0.962905,1.27593,1.46868,0.940849,,,0.505013,0.486434,0.473654
65,CIV,Cote d'Ivoire,MS.MIL.TOTL.TF.ZS,Armed forces personnel (% of total labor force),,,,,0.333974,0.320620,0.307974,0.295717,0.284035,0.273114,0.263047,0.253726,0.245456,0.237600,0.229965,,,,,0.244685,0.252610,,0.240144,0.233915
66,HRV,Croatia,MS.MIL.TOTL.TF.ZS,Armed forces personnel (% of total labor force),,,,,,,,5.05241,3.79515,3.32672,7.13005,5.18503,4.78485,4.78568,4.97547,5.12971,3.48602,3.14636,1.57869,1.50013,1.55121,1.06066,1.05311,1.10328
67,CUB,Cuba,MS.MIL.TOTL.TF.ZS,Armed forces personnel (% of total labor force),4.04549,,,,6.79952,6.69275,6.59923,3.83880,3.80415,3.01705,2.65210,2.52783,1.67151,1.66743,1.92731,1.77775,1.52208,1.51992,1.52124,1.57220,1.58534,1.57413,1.53678,1.49538
68,CYP,Cyprus,MS.MIL.TOTL.TF.ZS,Armed forces personnel (% of total labor force),3.53848,,,,4.79167,3.31225,3.27513,3.24875,,,4.31086,4.18218,3.07604,3.05985,3.03110,2.98647,2.85841,2.62480,2.53301,2.69896,2.61139,2.55772,2.49473,2.45491
69,CZE,Czech Republic,MS.MIL.TOTL.TF.ZS,Armed forces personnel (% of total labor force),,,,,,,,,2.09973,1.74763,1.78152,1.46683,1.31044,1.25626,1.15263,1.22943,1.15758,1.07447,1.22376,0.528075,0.541103,0.500232,0.518462,0.515706
70,DNK,Denmark,MS.MIL.TOTL.TF.ZS,Armed forces personnel (% of total labor force),1.06078,,,,1.07550,1.06433,1.02941,0.959328,0.932119,1.00709,1.17320,1.15977,1.15125,1.12826,0.938435,0.761514,0.744168,0.785183,0.794496,0.724437,0.724329,1.02343,1.02347,1.01237
71,DJI,Djibouti,MS.MIL.TOTL.TF.ZS,Armed forces personnel (% of total labor force),2.07836,,,,2.03073,1.92889,1.39021,3.61069,3.52713,3.45480,5.26968,5.07087,4.85368,4.63495,4.43916,4.26782,4.11974,3.89330,3.78176,3.28714,3.76945,,3.27853,3.45155
72,DMA,Dominica,MS.MIL.TOTL.TF.ZS,Armed forces personnel (% of total labor force),,,,,,,,,,,,,,,,,,,,,,,,
73,DOM,Dominican Republic,MS.MIL.TOTL.TF.ZS,Armed forces personnel (% of total labor force),0.876134,,,,0.738529,0.717412,0.699542,0.715043,0.698004,0.680533,1.19154,1.16396,1.13725,1.11144,1.08658,1.06105,1.03655,1.01458,0.991866,0.957629,0.962119,1.52943,1.49880,1.46937
74,ECU,Ecuador,MS.MIL.TOTL.TF.ZS,Armed forces personnel (% of total labor force),1.41151,,,,1.36233,1.52415,1.47228,1.52198,1.46705,1.41890,1.38230,1.34236,1.30524,1.26954,1.22990,1.20759,1.21234,1.18509,1.15717,0.877526,0.878916,1.04328,1.03784,1.01795
75,EGY,Egypt Arab Rep.,MS.MIL.TOTL.TF.ZS,Armed forces personnel (% of total labor force),2.99931,,,,2.73790,2.57764,2.51386,2.39338,2.33587,2.31157,3.19987,3.44062,3.39871,3.31042,3.22225,3.13320,3.45281,3.38178,3.32211,3.30735,3.23661,3.41576,3.36071,3.29081
76,SLV,El Salvador,MS.MIL.TOTL.TF.ZS,Armed forces personnel (% of total labor force),2.41256,,,,2.39576,2.86384,3.04986,2.43144,2.33752,1.38360,1.76922,1.87438,1.85437,1.61671,1.61154,1.26830,1.26852,1.26880,1.17363,0.647952,0.677028,1.16111,1.34626,1.32116
77,GNQ,Equatorial Guinea,MS.MIL.TOTL.TF.ZS,Armed forces personnel (% of total labor force),1.64822,,,,0.671616,0.664559,0.656300,0.648851,0.640878,0.631301,0.992103,0.971346,0.959564,0.921392,0.892653,0.861910,0.829512,1.14609,0.622268,0.459937,0.442334,,0.411578,0.397654
78,ERI,Eritrea,MS.MIL.TOTL.TF.ZS,Armed forces personnel (% of total labor force),,,,,,,,,4.82440,4.89722,4.86425,4.77939,3.88065,3.80977,15.3718,14.4601,11.7643,11.0890,12.2252,11.5078,11.0017,,10.1518,9.82013
79,EST,Estonia,MS.MIL.TOTL.TF.ZS,Armed forces personnel (% of total labor force),,,,,,,,0.376826,0.656903,0.548640,0.783970,0.791170,0.912614,1.05856,1.15239,1.15875,1.11228,1.25912,1.21758,0.898982,1.19762,1.01423,1.01159,0.998428
80,ETH,Ethiopia,MS.MIL.TOTL.TF.ZS,Armed forces personnel (% of total labor force),1.17179,,,,1.19692,1.16064,0.538776,0.521046,0.506533,0.492153,0.478594,0.466404,0.453708,0.440928,1.16490,1.21596,0.839075,0.808915,0.501320,0.541745,0.525016,,0.373012,0.361709
81,FRO,Faeroe Islands,MS.MIL.TOTL.TF.ZS,Armed forces personnel (% of total labor force),,,,,,,,,,,,,,,,,,,,,,,,
82,FJI,Fiji,MS.MIL.TOTL.TF.ZS,Armed forces personnel (% of total labor force),1.13196,,,,1.60091,1.96827,1.92263,1.87069,1.81626,1.41365,1.34136,1.20974,1.19189,1.14526,1.13697,1.12202,1.11013,1.10121,1.08908,0.926078,1.21994,1.20833,1.19194,1.17727
83,FIN,Finland,MS.MIL.TOTL.TF.ZS,Armed forces personnel (% of total labor force),1.41707,,,,1.48283,1.18187,1.23950,1.30122,1.23160,1.40115,1.39257,1.46046,1.37016,1.38895,1.32303,1.31112,1.31458,1.29048,1.11720,1.15992,1.18029,1.20113,1.18940,1.17742
84,FRA,France,MS.MIL.TOTL.TF.ZS,Armed forces personnel (% of total labor force),1.88763,,,,2.21388,2.19684,2.16735,2.07097,1.99724,1.99194,1.96892,1.90256,1.83325,1.74034,1.56966,1.47585,1.41764,1.35152,1.31574,1.29567,1.28874,1.26047,1.24270,1.23378
85,PYF,French Polynesia,MS.MIL.TOTL.TF.ZS,Armed forces personnel (% of total labor force),,,,,,,,,,,,,,,,,,,,,,,,
86,GAB,Gabon,MS.MIL.TOTL.TF.ZS,Armed forces personnel (% of total labor force),0.687732,,,,2.58575,2.26576,2.45312,1.66563,1.61733,1.34775,2.07175,2.01144,1.95300,1.89385,1.82923,1.24798,1.21083,1.17192,1.13594,0.985990,1.11484,,1.04967,1.01891
87,GMB,Gambia The,MS.MIL.TOTL.TF.ZS,Armed forces personnel (% of total labor force),0.146259,,,,0.520409,0.499835,0.480494,0.231114,0.222453,0.214185,0.164801,0.158738,0.152954,0.147467,0.142481,0.137801,0.133236,0.128768,0.124861,0.121144,0.117442,,0.138505,0.134591
88,GEO,Georgia,MS.MIL.TOTL.TF.ZS,Armed forces personnel (% of total labor force),,,,,,,,,0.981092,0.283423,0.571712,0.610163,1.58937,1.59525,1.33790,1.41829,1.17080,1.24262,1.22099,0.941501,0.991446,1.43252,1.44208,1.45074
89,DEU,Germany,MS.MIL.TOTL.TF.ZS,Armed forces personnel (% of total labor force),1.31274,,,,1.34324,1.40482,1.14300,1.10722,1.00280,0.905101,0.915680,0.961607,0.864724,0.829801,0.818752,0.547616,0.761922,0.730004,0.697884,0.699475,0.684803,0.587192,0.577899,0.575810
90,GHA,Ghana,MS.MIL.TOTL.TF.ZS,Armed forces personnel (% of total labor force),0.296624,,,,0.277041,0.150932,0.145861,0.109746,0.105569,0.101596,0.178915,0.195349,0.103952,0.100317,0.0968462,0.0935209,0.0794648,0.0771901,0.0750109,0.0730304,0.0710506,,0.134926,0.131487
91,GRC,Greece,MS.MIL.TOTL.TF.ZS,Armed forces personnel (% of total labor force),4.97518,,,,4.82744,4.80328,4.95772,4.88598,4.94594,4.66008,4.47108,4.29476,3.56267,3.60012,3.47977,3.32814,3.36640,3.69544,3.64749,3.28694,3.29576,3.11983,3.11182,3.09325
92,GRL,Greenland,MS.MIL.TOTL.TF.ZS,Armed forces personnel (% of total labor force),,,,,,,,,,,,,,,,,,,,,,,,
93,GRD,Grenada,MS.MIL.TOTL.TF.ZS,Armed forces personnel (% of total labor force),,,,,,,,,,,,,,,,,,,,,,,,
94,GUM,Guam,MS.MIL.TOTL.TF.ZS,Armed forces personnel (% of total labor force),,,,,,,,,,,,,,,,,,,,,,,,
95,GTM,Guatemala,MS.MIL.TOTL.TF.ZS,Armed forces personnel (% of total labor force),1.15726,,,,1.42394,1.39135,1.35723,1.35670,1.32519,1.00011,1.62294,1.58210,1.37825,1.09740,1.06117,1.33643,1.23932,1.20389,1.17079,1.08208,1.02048,0.704064,0.682244,0.660839
96,GIN,Guinea,MS.MIL.TOTL.TF.ZS,Armed forces personnel (% of total labor force),0.397848,,,,0.539729,0.521119,0.501214,0.480797,0.461143,0.354808,0.551277,0.535060,0.521891,0.509844,0.498760,0.488096,0.428739,0.468267,0.292139,0.255650,0.295795,,0.411935,0.402700
97,GNB,Guinea-Bissau,MS.MIL.TOTL.TF.ZS,Armed forces personnel (% of total labor force),2.33171,,,,2.44754,2.85297,2.77198,2.46120,2.38432,1.47483,1.89064,1.87364,1.82793,1.76972,1.74910,1.71765,2.04396,1.99690,2.45008,1.52037,1.48700,1.45700,1.42586,0.930108
98,GUY,Guyana,MS.MIL.TOTL.TF.ZS,Armed forces personnel (% of total labor force),2.44704,,,,1.46248,1.44864,1.42989,0.702388,0.690141,0.674894,1.02646,1.00747,0.992056,0.981743,0.969933,0.961320,0.951323,0.942941,0.935394,0.597560,0.892215,0.888336,0.883454,0.877666
99,HTI,Haiti,MS.MIL.TOTL.TF.ZS,Armed forces personnel (% of total labor force),0.274852,,,,0.331352,0.288883,0.282731,0.279775,0.274161,,0.230460,0.223564,0.170458,0.159081,0.154335,0.149848,0.228058,0.141639,0.137850,,,0.129759,,
100,HND,Honduras,MS.MIL.TOTL.TF.ZS,Armed forces personnel (% of total labor force),1.14204,,,,1.14091,1.04754,0.957559,0.919886,0.889504,0.863193,1.19435,1.14282,1.10404,0.630642,0.610310,0.605796,0.600553,0.589917,0.730495,0.797102,0.778876,0.762130,0.736010,0.710823
101,HKG,Hong Kong SAR China,MS.MIL.TOTL.TF.ZS,Armed forces personnel (% of total labor force),,,,,,,,,,,,,,,,,,,,,,,,
102,HUN,Hungary,MS.MIL.TOTL.TF.ZS,Armed forces personnel (% of total labor force),2.21186,,,,2.38203,2.06912,1.92342,1.70343,1.47530,1.40752,1.74831,1.90863,1.84260,1.74087,1.56860,1.38856,1.15207,1.14209,1.12340,1.09381,1.03087,1.02170,0.860201,0.866862
103,ISL,Iceland,MS.MIL.TOTL.TF.ZS,Armed forces personnel (% of total labor force),,,,,,,,,,,0.0623358,0.0628395,0.0753128,0.0733787,0.0591226,0.0575566,0.0569443,0.0569145,0.0560300,,,0.0695623,0.0672178,0.0660602
104,IND,India,MS.MIL.TOTL.TF.ZS,Armed forces personnel (% of total labor force),0.445155,,,,0.405764,0.396491,0.391215,0.382710,0.374950,0.366794,0.610252,0.619260,0.611315,0.608328,0.597326,0.615403,0.598267,0.596460,0.591841,0.630685,0.719785,0.599239,0.584308,0.573920
105,IDN,Indonesia,MS.MIL.TOTL.TF.ZS,Armed forces personnel (% of total labor force),0.449543,,,,0.388933,0.377719,0.363654,0.363023,0.340013,0.343732,0.546558,0.557822,0.544928,0.556342,0.524559,0.507415,0.498934,0.490943,0.484682,0.554970,0.543656,0.533536,0.524561,0.515940
106,IRN,Iran Islamic Rep.,MS.MIL.TOTL.TF.ZS,Armed forces personnel (% of total labor force),4.60518,,,,3.99169,2.83133,2.92204,3.23352,3.13969,3.03892,4.23148,4.60331,4.42980,3.99617,3.65560,3.36184,2.37164,2.30919,2.31000,1.77004,2.17497,2.14158,2.03185,2.02640
107,IRQ,Iraq,MS.MIL.TOTL.TF.ZS,Armed forces personnel (% of total labor force),27.0284,,,,23.8722,32.2030,10.6943,8.89455,8.60817,8.70118,8.09675,8.30424,8.21825,8.59265,8.28785,8.03161,7.60642,6.83365,6.63699,2.67825,3.30129,7.00129,4.98103,7.73791
108,IRL,Ireland,MS.MIL.TOTL.TF.ZS,Armed forces personnel (% of total labor force),1.03247,,,,0.982299,0.968267,0.951384,0.955298,0.932736,1.18901,0.880565,0.839320,0.818814,0.706827,0.676613,0.652728,0.581772,0.565967,0.548018,0.512101,0.485858,0.467388,0.453737,0.450024
109,IMY,Isle of Man,MS.MIL.TOTL.TF.ZS,Armed forces personnel (% of total labor force),,,,,,,,,,,,,,,,,,,,,,,,
110,ISR,Israel,MS.MIL.TOTL.TF.ZS,Armed forces personnel (% of total labor force),9.71508,,,,11.5825,11.2393,10.4793,9.52703,9.09801,8.91013,8.31176,8.20164,7.98688,7.73022,7.40429,7.18494,6.65791,6.46443,6.51302,6.38457,6.24677,6.40262,6.18918,5.87314
111,ITA,Italy,MS.MIL.TOTL.TF.ZS,Armed forces personnel (% of total labor force),1.69014,,,,2.13229,2.08001,1.98021,2.03531,1.95686,1.91004,2.57815,2.54856,2.54290,2.40628,2.24642,2.16571,2.06647,1.98946,1.88757,1.80464,1.80956,1.77537,1.75706,1.72935
112,JAM,Jamaica,MS.MIL.TOTL.TF.ZS,Armed forces personnel (% of total labor force),0.196001,,,,0.269400,0.267345,0.263969,0.260359,0.257185,0.254367,0.296669,0.296269,0.294921,0.295514,0.256404,0.254552,0.254397,0.255280,0.255784,0.169711,0.251617,0.248823,0.246258,0.243740
113,JPN,Japan,MS.MIL.TOTL.TF.ZS,Armed forces personnel (% of total labor force),0.407684,,,,0.394201,0.391406,0.384462,0.367253,0.365525,0.350133,0.375989,0.367542,0.364220,0.374088,0.375824,0.367851,0.373586,0.375582,0.376544,0.377245,0.408146,0.378277,0.361545,0.361858
114,JOR,Jordan,MS.MIL.TOTL.TF.ZS,Armed forces personnel (% of total labor force),11.7030,,,,27.0357,13.3604,11.3421,10.3869,9.45284,8.74981,10.6266,10.1124,10.1291,9.75886,9.57829,10.3509,7.44516,7.28117,7.08830,6.84738,6.67922,6.44612,6.12192,5.81560
115,KAZ,Kazakhstan,MS.MIL.TOTL.TF.ZS,Armed forces personnel (% of total labor force),,,,,,,,,0.190203,0.230294,0.964708,0.974408,0.917614,1.19384,1.33687,1.30478,1.29304,1.22777,1.29289,1.26875,1.26872,0.996473,0.975641,0.956219
116,KEN,Kenya,MS.MIL.TOTL.TF.ZS,Armed forces personnel (% of total labor force),0.169355,,,,0.211390,0.203140,0.194978,0.224420,0.215042,0.189354,0.241876,0.233256,0.225332,0.217970,0.211021,0.189930,0.198673,0.192130,0.184285,0.178189,0.173137,,0.163909,0.159574
117,KIR,Kiribati,MS.MIL.TOTL.TF.ZS,Armed forces personnel (% of total labor force),,,,,,,,,,,,,,,,,,,,,,,,
118,PRK,Korea Dem. Rep.,MS.MIL.TOTL.TF.ZS,Armed forces personnel (% of total labor force),9.58266,,,,10.5955,11.9903,11.7957,11.6355,10.5539,10.4304,11.6755,10.8662,11.4697,11.3925,11.2886,11.1811,11.3116,11.1768,11.0494,11.1125,10.9978,10.8623,10.7580,10.6385
119,KOR,Korea Rep.,MS.MIL.TOTL.TF.ZS,Armed forces personnel (% of total labor force),3.65720,,,,3.48045,3.39200,3.82430,3.74879,3.69715,3.59442,2.99100,3.05439,3.02237,3.07758,3.04498,3.03405,2.99376,2.95869,2.95615,2.92613,2.89663,2.86959,2.84033,2.83397
120,KSV,Kosovo,MS.MIL.TOTL.TF.ZS,Armed forces personnel (% of total labor force),,,,,,,,,,,,,,,,,,,,,,,,
121,KWT,Kuwait,MS.MIL.TOTL.TF.ZS,Armed forces personnel (% of total labor force),1.82451,,,,2.45606,0.815944,1.77256,,,,2.44094,2.17622,2.00089,1.94032,1.85787,1.77931,1.71653,1.79059,1.73269,1.60866,1.71444,1.67786,1.64043,1.60955
122,KGZ,Kyrgyz Republic,MS.MIL.TOTL.TF.ZS,Armed forces personnel (% of total labor force),,,,,,,,0.643675,0.644506,0.699061,0.371758,0.625838,0.725955,0.711211,0.598656,0.674979,0.665277,0.744475,0.734854,0.773609,0.788137,0.890745,0.862606,0.837768
123,LAO,Lao PDR,MS.MIL.TOTL.TF.ZS,Armed forces personnel (% of total labor force),3.20677,,,,2.97269,2.84375,2.66134,1.81010,1.76248,2.09330,6.22568,6.07629,5.59261,5.46462,5.34137,5.21940,5.09884,4.98594,4.87345,4.75091,4.63768,4.52442,4.41209,4.30158
124,LVA,Latvia,MS.MIL.TOTL.TF.ZS,Armed forces personnel (% of total labor force),,,,,,,,0.365378,0.380508,0.474709,0.927290,1.04621,0.698318,0.757660,0.843728,0.778554,0.904914,0.765667,0.721887,0.441611,0.441315,1.45908,1.43123,1.31643
125,LBN,Lebanon,MS.MIL.TOTL.TF.ZS,Armed forces personnel (% of total labor force),2.38294,,,,2.11734,4.22222,4.18902,4.07213,3.84073,4.93864,5.96521,6.21404,6.66301,6.06448,7.03813,6.52059,7.03865,6.83331,6.66796,6.49938,6.34548,5.56778,5.46428,5.40654
126,LSO,Lesotho,MS.MIL.TOTL.TF.ZS,Armed forces personnel (% of total labor force),0.328796,,,,0.309686,0.305957,0.301778,0.297981,0.293092,0.288424,0.282276,0.275409,0.268073,0.260038,0.252925,0.246994,0.241916,0.237520,0.233636,0.230358,0.226598,0.223580,0.220711,0.217653
127,LBR,Liberia,MS.MIL.TOTL.TF.ZS,Armed forces personnel (% of total labor force),0.777303,,,,0.810341,0.946938,0.610974,0.253908,,,2.74541,2.71750,2.49905,1.44912,0.504367,1.33570,1.27468,1.22870,1.19559,,1.11855,0.143001,0.136381,0.129953
128,LBY,Libya,MS.MIL.TOTL.TF.ZS,Armed forces personnel (% of total labor force),7.78176,,,,7.79462,7.32324,7.12065,6.71626,6.40995,5.77996,5.48969,4.27525,4.08335,3.89642,3.72707,4.17709,4.02931,3.88985,3.74193,3.61644,3.52161,3.43877,3.37360,3.31167
129,LIE,Liechtenstein,MS.MIL.TOTL.TF.ZS,Armed forces personnel (% of total labor force),,,,,,,,,,,,,,,,,,,,,,,,
130,LTU,Lithuania,MS.MIL.TOTL.TF.ZS,Armed forces personnel (% of total labor force),,,,,,,,0.534426,0.540920,0.549384,0.497340,0.562693,0.580498,0.877498,0.934161,0.986114,1.04224,1.66381,1.59676,1.71278,1.80631,1.50983,1.49836,1.48783
131,LUX,Luxembourg,MS.MIL.TOTL.TF.ZS,Armed forces personnel (% of total labor force),0.450550,,,,0.629893,0.624990,0.603331,0.586189,0.587176,0.582562,0.833093,0.815401,0.780752,0.769504,0.770572,0.742367,0.790680,0.767744,0.763589,0.744061,0.721091,0.704591,0.697379,0.731336
132,MAC,Macao SAR China,MS.MIL.TOTL.TF.ZS,Armed forces personnel (% of total labor force),,,,,,,,,,,,,,,,,,,,,,,,
133,MKD,Macedonia FYR,MS.MIL.TOTL.TF.ZS,Armed forces personnel (% of total labor force),,,,,,,,1.22588,1.22766,1.22932,2.19835,2.19083,2.80239,3.35852,2.84932,2.83605,3.06747,2.34457,2.37034,2.03970,2.20255,2.14191,2.10747,2.10147
134,MDG,Madagascar,MS.MIL.TOTL.TF.ZS,Armed forces personnel (% of total labor force),0.456758,,,,0.403950,0.391713,0.378750,0.366922,0.355512,0.344325,0.453624,0.439865,0.427389,0.415360,0.403899,0.391871,0.288477,0.278650,0.270510,0.254901,0.258757,,0.242826,0.235185
135,MWI,Malawi,MS.MIL.TOTL.TF.ZS,Armed forces personnel (% of total labor force),0.167395,,,,0.186636,0.178680,0.198246,0.242914,0.239748,0.236622,0.220738,0.244952,0.132236,0.128271,0.124629,0.121130,0.133484,0.129908,0.126928,0.109320,0.124129,0.121073,0.117780,0.114593
136,MYS,Malaysia,MS.MIL.TOTL.TF.ZS,Armed forces personnel (% of total labor force),1.91974,,,,1.71757,1.85613,1.77005,1.71638,1.49818,1.45435,1.71992,1.66453,1.51197,1.44521,1.34755,1.19392,1.20585,1.17161,1.18268,1.21096,1.22923,1.19453,1.16780,1.14213
137,MDV,Maldives,MS.MIL.TOTL.TF.ZS,Armed forces personnel (% of total labor force),,,,,,,,,,,,,,6.21202,5.89401,5.58556,,,,,,,,
138,MLI,Mali,MS.MIL.TOTL.TF.ZS,Armed forces personnel (% of total labor force),0.209917,,,,0.326028,0.521168,0.512672,0.467239,0.459439,0.451589,0.563013,0.553905,0.543908,0.534282,0.525720,0.513624,0.502752,0.488458,0.381318,0.333778,0.354429,0.344616,0.335285,0.326978
139,MLT,Malta,MS.MIL.TOTL.TF.ZS,Armed forces personnel (% of total labor force),0.641284,,,,1.55542,1.53462,1.52937,1.51663,1.48694,1.47863,1.35476,1.38586,1.33688,1.29179,1.25390,1.34593,1.30894,1.29581,1.28637,1.23358,1.21189,1.19375,1.16305,1.14432
140,MHL,Marshall Islands,MS.MIL.TOTL.TF.ZS,Armed forces personnel (% of total labor force),,,,,,,,,,,,,,,,,,,,,,,,
141,MRT,Mauritania,MS.MIL.TOTL.TF.ZS,Armed forces personnel (% of total labor force),1.31849,,,,2.23338,2.30173,2.23392,2.03895,1.97876,1.31353,2.39957,2.32152,2.22982,2.15248,2.08004,2.00833,1.92730,1.86467,1.79851,1.67972,1.70418,1.65557,1.60067,1.55126
142,MUS,Mauritius,MS.MIL.TOTL.TF.ZS,Armed forces personnel (% of total labor force),0.248264,,,,0.228687,0.224625,0.220613,0.216362,0.212069,0.207954,0.369218,0.363432,0.356832,0.351619,0.345219,0.340603,0.298034,0.372008,0.370785,,0.363430,,0.357442,0.349544
143,MYT,Mayotte,MS.MIL.TOTL.TF.ZS,Armed forces personnel (% of total labor force),,,,,,,,,,,,,,,,,,,,,,,,
144,MEX,Mexico,MS.MIL.TOTL.TF.ZS,Armed forces personnel (% of total labor force),0.515553,,,,0.531286,0.584669,0.566950,0.544830,0.524129,0.512183,0.538960,0.529111,0.504646,0.495363,0.500185,0.525847,0.511860,0.502364,0.497199,0.476368,0.471193,0.625544,0.626541,0.612340
145,FSM,Micronesia Fed. Sts.,MS.MIL.TOTL.TF.ZS,Armed forces personnel (% of total labor force),,,,,,,,,,,,,,,,,,,,,,,,
146,MDA,Moldova,MS.MIL.TOTL.TF.ZS,Armed forces personnel (% of total labor force),,,,,,,,0.430261,0.625367,0.533968,0.750707,0.761355,0.730613,0.745424,0.740326,0.694677,0.640917,0.601292,0.617852,0.571179,0.671658,0.539647,0.608173,0.541506
147,MCO,Monaco,MS.MIL.TOTL.TF.ZS,Armed forces personnel (% of total labor force),,,,,,,,,,,,,,,,,,,,,,,,
148,MNG,Mongolia,MS.MIL.TOTL.TF.ZS,Armed forces personnel (% of total labor force),4.17932,,,,3.75982,3.54686,3.33489,2.19740,1.84709,1.82018,3.10262,3.27270,1.42361,1.58648,1.48004,1.43698,1.39591,1.35370,1.27229,1.17149,1.21371,1.18744,1.16329,1.21187
149,MNE,Montenegro,MS.MIL.TOTL.TF.ZS,Armed forces personnel (% of total labor force),,,,,,,,,,,,,,,,,,,,,,,,
150,MAR,Morocco,MS.MIL.TOTL.TF.ZS,Armed forces personnel (% of total labor force),2.18719,,,,2.55768,2.48694,2.43449,2.34893,2.27596,2.23832,2.62004,2.55280,2.48924,2.42659,2.34961,2.35449,2.44128,2.40542,2.31041,2.27606,2.25724,2.17373,2.12467,2.08585
151,MOZ,Mozambique,MS.MIL.TOTL.TF.ZS,Armed forces personnel (% of total labor force),0.244575,,,,1.05089,1.03846,1.01001,0.742261,0.706034,0.148105,0.154817,0.137065,0.0738508,0.0719978,0.0702803,0.0684343,0.120554,0.117669,0.0855445,0.112083,0.109514,0.107158,0.104744,0.102269
152,MMR,Myanmar,MS.MIL.TOTL.TF.ZS,Armed forces personnel (% of total labor force),1.03714,,,,0.990736,1.11285,1.34763,1.32326,1.45974,1.43000,1.61673,1.73131,1.78876,1.77508,1.72260,1.70345,1.74685,2.12469,2.30975,1.86271,1.85337,1.95467,1.93782,1.91297
153,NAM,Namibia,MS.MIL.TOTL.TF.ZS,Armed forces personnel (% of total labor force),,,,,,,1.72340,1.66583,1.61106,1.56527,1.56315,1.55623,1.09672,1.62974,1.56866,1.51456,2.41804,2.35257,2.28961,2.23531,2.17271,2.10979,2.04019,1.97291
154,NPL,Nepal,MS.MIL.TOTL.TF.ZS,Armed forces personnel (% of total labor force),0.379702,,,,0.477023,0.463839,0.450806,0.438586,0.426524,0.414047,0.723261,0.790790,0.929043,0.942824,0.914181,0.886356,0.821183,0.844871,0.928438,1.14629,1.11258,1.07823,1.04640,1.01273
155,NLD,Netherlands,MS.MIL.TOTL.TF.ZS,Armed forces personnel (% of total labor force),1.64305,,,,1.58094,1.50839,1.48511,1.26714,1.19918,1.05445,1.05804,0.892916,0.792321,0.778866,0.754087,0.701029,0.670022,0.627358,0.706684,0.620689,0.699184,0.531960,0.465837,0.526126
156,ANT,Netherlands Antilles,MS.MIL.TOTL.TF.ZS,Armed forces personnel (% of total labor force),,,,,,,,,,,,,,,,,,,,,,,,
157,NCL,New Caledonia,MS.MIL.TOTL.TF.ZS,Armed forces personnel (% of total labor force),,,,,,,,,,,,,,,,,,,,,,,,
158,NZL,New Zealand,MS.MIL.TOTL.TF.ZS,Armed forces personnel (% of total labor force),0.746505,,,,0.724638,0.651106,0.642487,0.640517,0.633238,0.561036,0.554149,0.525680,0.503463,0.501883,0.496953,0.475422,0.465821,0.427770,0.415106,0.375709,0.411518,0.401523,0.394230,0.389158
159,NIC,Nicaragua,MS.MIL.TOTL.TF.ZS,Armed forces personnel (% of total labor force),5.46070,,,,4.90333,2.03354,1.41215,1.03343,1.00941,0.920346,0.771156,1.06870,1.02859,0.989269,0.898057,0.864533,0.841614,0.717733,0.700066,0.683004,0.667372,0.650957,0.631875,0.526592
160,NER,Niger,MS.MIL.TOTL.TF.ZS,Armed forces personnel (% of total labor force),0.111439,,,,0.180088,0.216419,0.208120,0.199894,0.191821,0.183987,0.376961,0.360269,0.344305,0.329134,0.314809,0.301328,0.289558,0.280168,0.271589,0.245263,0.238070,0.231026,0.224132,0.217717
161,NGA,Nigeria,MS.MIL.TOTL.TF.ZS,Armed forces personnel (% of total labor force),0.359253,,,,0.373406,0.320225,0.311964,0.245212,0.238346,0.243396,0.263442,0.256010,0.298245,0.289364,0.325436,0.271345,0.397125,0.385788,0.376228,0.365862,0.358570,0.351492,0.342499,0.333195
162,MNP,Northern Mariana Islands,MS.MIL.TOTL.TF.ZS,Armed forces personnel (% of total labor force),,,,,,,,,,,,,,,,,,,,,,,,
163,NOR,Norway,MS.MIL.TOTL.TF.ZS,Armed forces personnel (% of total labor force),1.71343,,,,1.93836,2.29976,1.87814,1.64912,1.46661,1.49961,1.37500,1.34349,1.46197,1.20822,1.29444,1.11693,1.09748,1.08348,1.09209,1.02197,1.91376,0.642152,0.743094,0.720528
164,OMN,Oman,MS.MIL.TOTL.TF.ZS,Armed forces personnel (% of total labor force),6.64244,,,,5.41780,5.60952,4.77468,5.39506,5.04558,4.75720,6.21640,5.97971,5.81939,5.68845,5.54303,5.44590,5.33786,5.03645,4.92881,4.71304,4.70453,4.69465,4.57982,4.46600
165,PAK,Pakistan,MS.MIL.TOTL.TF.ZS,Armed forces personnel (% of total labor force),1.77327,,,,1.72427,1.77569,1.77974,1.78298,1.75981,1.70056,2.46692,2.33663,2.23793,2.16916,2.08825,2.16400,2.12013,2.05628,1.96895,1.91496,1.81882,1.73477,1.69233,1.64945
166,PLW,Palau,MS.MIL.TOTL.TF.ZS,Armed forces personnel (% of total labor force),,,,,,,,,,,,,,,,,,,,,,,,
167,PAN,Panama,MS.MIL.TOTL.TF.ZS,Armed forces personnel (% of total labor force),1.52094,,,,1.54581,1.18578,1.26339,1.10893,1.06082,1.02879,1.05377,1.02629,1.00156,0.964014,0.945890,0.922535,0.899974,0.879577,0.857245,,0.824121,0.818289,0.795341,0.750210
168,PNG,Papua New Guinea,MS.MIL.TOTL.TF.ZS,Armed forces personnel (% of total labor force),0.214692,,,,0.177469,0.228216,0.223043,0.218779,,0.210213,0.193036,0.183462,0.206070,0.199165,0.193557,0.191943,0.186006,0.127335,0.123715,0.116470,0.113451,0.110355,0.107783,0.105115
169,PRY,Paraguay,MS.MIL.TOTL.TF.ZS,Armed forces personnel (% of total labor force),1.00518,,,,0.982813,0.951654,0.921541,0.893769,0.866758,0.841573,1.44477,1.73871,1.69642,1.65023,1.58925,1.53569,1.42089,1.37627,1.33364,0.930353,0.939890,0.948415,0.920632,0.885386
170,PER,Peru,MS.MIL.TOTL.TF.ZS,Armed forces personnel (% of total labor force),1.76838,,,,1.37638,1.50505,1.43262,1.25841,1.22041,1.18989,1.83499,1.94359,1.98456,1.92176,1.77592,1.72721,1.53910,1.58563,1.46437,1.27004,1.24448,1.53884,1.51191,1.43563
171,PHL,Philippines,MS.MIL.TOTL.TF.ZS,Armed forces personnel (% of total labor force),0.553795,,,,0.477895,0.452290,0.431942,0.417176,0.408613,0.386693,0.530504,0.520849,0.518160,0.523960,0.487663,0.471739,0.456680,0.443219,0.433088,0.413879,0.413724,0.407804,0.398988,0.388067
172,POL,Poland,MS.MIL.TOTL.TF.ZS,Armed forces personnel (% of total labor force),1.74729,,,,1.92112,1.73234,1.70223,1.51619,1.45937,1.44426,1.73299,1.56768,1.53475,1.52703,1.53514,1.36868,1.29600,1.06119,1.06391,0.937669,0.922417,0.852844,0.816596,0.810187
173,PRT,Portugal,MS.MIL.TOTL.TF.ZS,Armed forces personnel (% of total labor force),1.56605,,,,2.19423,1.83397,1.75697,1.67567,1.42081,2.52798,2.15163,2.12764,2.01325,1.84647,1.75658,1.73534,1.69153,1.66327,1.69763,1.66526,1.68189,1.63098,1.62060,1.61689
174,PRI,Puerto Rico,MS.MIL.TOTL.TF.ZS,Armed forces personnel (% of total labor force),,,,,,,,,,,,,,,,,,,,,,,,
175,QAT,Qatar,MS.MIL.TOTL.TF.ZS,Armed forces personnel (% of total labor force),2.91769,,,,2.70978,4.06900,3.93376,2.78884,2.71635,3.32456,3.63335,3.82634,3.82930,3.76349,3.62014,3.55495,3.26908,2.99779,2.68259,2.30259,2.00864,1.74422,1.51336,1.33424
176,ROM,Romania,MS.MIL.TOTL.TF.ZS,Armed forces personnel (% of total labor force),1.66678,,,,1.77734,1.07139,1.69471,1.46137,1.69177,1.68403,2.49451,2.58352,2.55319,2.49447,2.38144,2.39192,1.55744,1.72372,1.74810,1.73974,1.79672,1.53335,1.52948,1.53677
177,RUS,Russian Federation,MS.MIL.TOTL.TF.ZS,Armed forces personnel (% of total labor force),,,,,,,,2.55893,2.03930,1.91994,2.49241,2.26953,2.55570,2.38511,2.08158,1.97415,1.89930,1.90012,1.85673,1.96514,1.95190,1.92454,1.93912,1.94145
178,RWA,Rwanda,MS.MIL.TOTL.TF.ZS,Armed forces personnel (% of total labor force),0.186862,,,,0.186689,0.188118,0.981733,1.05935,1.15421,1.22135,1.95281,1.58514,2.23534,1.74113,1.57284,2.04851,2.01945,1.97036,1.46128,1.23806,1.20485,,0.749630,0.726855
179,WSM,Samoa,MS.MIL.TOTL.TF.ZS,Armed forces personnel (% of total labor force),,,,,,,,,,,,,,,,,,,,,,,,
180,SMR,San Marino,MS.MIL.TOTL.TF.ZS,Armed forces personnel (% of total labor force),,,,,,,,,,,,,,,,,,,,,,,,
181,STP,Sao Tome and Principe,MS.MIL.TOTL.TF.ZS,Armed forces personnel (% of total labor force),,,,,2.88006,2.82149,2.77196,2.70236,2.63726,2.57169,2.50596,2.43565,2.36211,2.29199,2.22380,,,,,,,,,
182,SAU,Saudi Arabia,MS.MIL.TOTL.TF.ZS,Armed forces personnel (% of total labor force),1.62532,,,,1.68503,2.89380,3.71711,3.28143,3.18228,2.93586,3.07626,2.99632,2.88128,2.77935,2.67025,3.14492,3.02613,2.87596,2.77820,2.67307,2.60418,2.80012,2.69948,2.63543
183,SEN,Senegal,MS.MIL.TOTL.TF.ZS,Armed forces personnel (% of total labor force),0.385344,,,,0.508667,0.592339,0.575054,0.558452,0.542407,0.409710,0.495060,0.479908,0.464410,0.441559,0.429020,0.376610,0.370187,0.349081,0.414499,0.389225,0.398121,0.385780,0.374316,0.362261
184,SRB,Serbia,MS.MIL.TOTL.TF.ZS,Armed forces personnel (% of total labor force),,,,,,,,,,,,,,,,,,,,,,,,
185,SYC,Seychelles,MS.MIL.TOTL.TF.ZS,Armed forces personnel (% of total labor force),,,,,,,,,,,,,,,,,,,,,,,,
186,SLE,Sierra Leone,MS.MIL.TOTL.TF.ZS,Armed forces personnel (% of total labor force),0.218693,,,,0.256364,0.317479,0.316866,0.505877,0.319137,0.321481,0.450833,0.967384,1.00545,0.364945,0.233913,0.228391,0.351783,0.740490,0.713504,0.687604,0.666328,0.548058,0.535445,0.523548
187,SGP,Singapore,MS.MIL.TOTL.TF.ZS,Armed forces personnel (% of total labor force),4.21494,,,,3.78524,3.60017,3.46570,3.33951,3.29184,3.19563,3.71812,3.48575,9.25424,9.09939,8.99032,8.16446,7.26171,7.27204,7.90299,7.57768,7.44161,7.15524,6.81425,6.39494
188,SVK,Slovak Republic,MS.MIL.TOTL.TF.ZS,Armed forces personnel (% of total labor force),,,,,,,,,1.30794,1.90937,2.05388,1.84986,1.79042,1.90092,1.85921,1.59475,1.43164,1.17826,0.825907,0.746673,0.748996,0.638050,0.636491,0.628578
189,SVN,Slovenia,MS.MIL.TOTL.TF.ZS,Armed forces personnel (% of total labor force),,,,,,,,1.77352,1.43247,1.80123,1.34295,1.48551,1.46293,1.43301,1.45296,1.40363,1.24800,1.37279,1.14453,0.992229,1.18125,1.07534,1.15716,1.16028
190,SLB,Solomon Islands,MS.MIL.TOTL.TF.ZS,Armed forces personnel (% of total labor force),,,,,,,,,,,,,,,,,,,,,,,,
191,SOM,Somalia,MS.MIL.TOTL.TF.ZS,Armed forces personnel (% of total labor force),2.55403,,,,1.82291,1.80930,,,,,8.56305,8.42463,8.25374,8.04510,1.74071,1.69843,,,,,,,,
192,ZAF,South Africa,MS.MIL.TOTL.TF.ZS,Armed forces personnel (% of total labor force),1.20210,,,,0.993930,0.816763,0.740454,0.666506,0.639596,0.615086,2.18500,2.11452,1.59536,1.49467,0.530818,0.468597,0.424560,0.372169,0.337444,0.327505,0.326700,0.588454,0.346674,0.332585
193,ESP,Spain,MS.MIL.TOTL.TF.ZS,Armed forces personnel (% of total labor force),2.18848,,,,1.80533,1.68936,1.56560,1.25053,1.27426,1.30664,1.71880,1.69866,1.61842,1.57546,1.50085,1.33976,1.18985,1.33718,1.14646,1.08990,1.05161,1.02807,1.00260,0.979538
194,LKA,Sri Lanka,MS.MIL.TOTL.TF.ZS,Armed forces personnel (% of total labor force),0.343171,,,,0.330439,0.325097,1.59989,1.57538,1.54937,1.53272,3.31868,3.10525,3.08426,2.84913,2.80946,2.62362,2.68024,3.12301,3.00072,2.94046,2.44390,2.52668,2.55733,2.56964
195,KNA,St. Kitts and Nevis,MS.MIL.TOTL.TF.ZS,Armed forces personnel (% of total labor force),,,,,,,,,,,,,,,,,,,,,,,,
196,LCA,St. Lucia,MS.MIL.TOTL.TF.ZS,Armed forces personnel (% of total labor force),,,,,,,,,,,,,,,,,,,,,,,,
197,VCT,St. Vincent and the Grenadines,MS.MIL.TOTL.TF.ZS,Armed forces personnel (% of total labor force),,,,,,,,,,,,,,,,,,,,,,,,
198,SDN,Sudan,MS.MIL.TOTL.TF.ZS,Armed forces personnel (% of total labor force),0.750987,,,,0.819282,0.809914,0.799833,0.995799,0.984376,0.942806,1.47640,1.11082,0.984562,1.10630,1.07390,1.13876,1.15141,1.12064,1.00923,1.03756,1.02496,,1.00013,0.969499
199,SUR,Suriname,MS.MIL.TOTL.TF.ZS,Armed forces personnel (% of total labor force),1.63387,,,,2.87967,2.83488,2.79800,1.38354,1.37243,1.37757,1.22131,1.19449,1.16970,1.14512,1.12370,1.22623,1.20293,1.18090,1.04410,0.569148,1.11771,1.09838,1.07804,1.05842
200,SWZ,Swaziland,MS.MIL.TOTL.TF.ZS,Armed forces personnel (% of total labor force),,,,,1.52145,1.10175,1.06619,1.03758,1.01222,0.987439,0.957722,0.924287,0.889098,0.854929,0.824765,,,,,,,,,
201,SWE,Sweden,MS.MIL.TOTL.TF.ZS,Armed forces personnel (% of total labor force),1.44791,,,,1.31665,1.36894,1.33107,1.50809,1.53124,1.53546,2.16826,2.14902,1.95641,1.96970,1.94637,1.95594,1.50291,1.49667,1.35060,0.586829,0.595828,0.507855,0.356855,0.352092
202,CHE,Switzerland,MS.MIL.TOTL.TF.ZS,Armed forces personnel (% of total labor force),0.551136,,,,0.449985,0.575069,0.563196,0.784969,0.883562,0.989639,0.796966,0.694069,0.668212,0.661776,0.693203,0.692828,0.660632,0.674342,0.663911,0.0964675,2.61605,0.543831,0.536070,0.524220
203,SYR,Syrian Arab Republic,MS.MIL.TOTL.TF.ZS,Armed forces personnel (% of total labor force),15.6528,,,,12.9168,12.5293,11.9008,11.2939,10.6931,7.95820,12.5148,12.0962,9.49972,9.22200,8.84768,8.61291,8.44960,8.13786,7.87249,7.29228,6.94905,6.43801,6.18195,5.95585
204,TJK,Tajikistan,MS.MIL.TOTL.TF.ZS,Armed forces personnel (% of total labor force),,,,,,,,0.145457,0.148395,0.155896,0.966883,1.34580,0.572052,0.550376,0.533259,0.358153,0.339768,0.324626,0.310096,0.494230,0.516460,0.651802,0.627570,0.604873
205,TZA,Tanzania,MS.MIL.TOTL.TF.ZS,Armed forces personnel (% of total labor force),0.386571,,,,0.337638,0.326312,0.314906,0.349160,0.336698,0.353430,0.246294,0.238941,0.232502,0.222495,0.216627,0.211130,0.165049,0.160810,0.156482,0.150276,0.146193,,0.138428,0.134730
206,THA,Thailand,MS.MIL.TOTL.TF.ZS,Armed forces personnel (% of total labor force),0.837044,,,,0.892510,0.880829,0.878377,0.877595,0.918272,0.908266,1.28911,1.18317,1.00080,1.11835,1.12092,1.21441,1.17261,1.18034,1.18484,1.14063,1.12867,1.12048,1.10184,1.09365
207,TMP,Timor-Leste,MS.MIL.TOTL.TF.ZS,Armed forces personnel (% of total labor force),,,,,,,,,,,,,,,,,,,,0.281995,,0.252570,0.242801,0.234286
208,TGO,Togo,MS.MIL.TOTL.TF.ZS,Armed forces personnel (% of total labor force),0.282788,,,,0.409163,0.527344,0.511666,0.495942,0.477987,0.465930,0.439307,0.423071,0.404741,0.386600,0.370240,0.357305,0.454332,0.439036,0.383109,0.349025,0.376056,0.363585,0.351574,0.340031
209,TON,Tonga,MS.MIL.TOTL.TF.ZS,Armed forces personnel (% of total labor force),,,,,,,,,,,,,,,,,,,,,,,,
210,TTO,Trinidad and Tobago,MS.MIL.TOTL.TF.ZS,Armed forces personnel (% of total labor force),0.448963,,,,0.453197,0.437600,0.446750,0.426638,0.410435,0.395780,1.32029,1.27378,1.24430,1.30342,1.29521,1.27331,0.449725,0.441768,0.427651,0.306744,0.446417,0.441975,0.585270,0.581165
211,TUN,Tunisia,MS.MIL.TOTL.TF.ZS,Armed forces personnel (% of total labor force),1.65511,,,,1.70282,1.44149,1.39561,1.35149,1.30883,1.26639,2.05688,1.98085,1.56081,1.52547,1.49332,1.46096,1.42877,1.39768,1.37489,1.34880,1.32145,1.31795,1.29155,1.26662
212,TUR,Turkey,MS.MIL.TOTL.TF.ZS,Armed forces personnel (% of total labor force),3.45724,,,,3.78658,3.71469,3.80093,3.29897,3.35144,3.69308,3.09587,3.11550,3.60678,3.51168,3.51911,3.58126,2.82284,2.78212,2.80234,2.52210,2.49467,2.49027,2.44991,2.37942
213,TKM,Turkmenistan,MS.MIL.TOTL.TF.ZS,Armed forces personnel (% of total labor force),,,,,,,,1.86964,1.82694,0.972672,0.702504,1.13653,1.14087,1.15835,1.09604,0.793836,0.914481,0.879254,1.40504,1.21894,1.18583,0.976930,0.953339,0.931418
214,UGA,Uganda,MS.MIL.TOTL.TF.ZS,Armed forces personnel (% of total labor force),0.299841,,,,0.521294,0.757052,0.734100,0.830541,0.808090,0.673580,0.563100,0.547974,0.481587,0.418270,0.407257,0.481888,0.525030,0.508523,0.536086,0.461419,0.381596,,0.356452,0.344518
215,UKR,Ukraine,MS.MIL.TOTL.TF.ZS,Armed forces personnel (% of total labor force),,,,,,,,1.69456,1.50215,1.39217,2.08637,1.90035,1.86956,1.87553,1.80514,1.79602,1.81675,1.79629,1.75305,1.17827,1.17504,0.927940,0.930880,0.931169
216,ARE,United Arab Emirates,MS.MIL.TOTL.TF.ZS,Armed forces personnel (% of total labor force),5.99102,,,,4.78189,6.92492,6.52566,5.12263,4.81050,4.91226,5.42121,4.66367,4.34268,4.04209,3.76460,3.53833,3.30077,1.94271,2.22201,2.07832,2.02014,1.93667,1.86805,1.81248
217,GBR,United Kingdom,MS.MIL.TOTL.TF.ZS,Armed forces personnel (% of total labor force),1.20462,,,,1.09994,1.06107,1.04136,1.01871,0.950353,0.902798,0.819423,0.773922,0.759745,0.756693,0.749331,0.725271,0.721983,0.710607,0.712061,0.681276,0.711856,0.585071,0.513745,0.507959
218,USA,United States,MS.MIL.TOTL.TF.ZS,Armed forces personnel (% of total labor force),1.78306,,,,1.74736,1.68794,1.63118,1.45410,1.36369,1.26805,1.18989,1.12654,1.07967,1.10791,1.08050,0.983831,0.955016,0.979444,0.983657,0.972555,1.01024,0.965055,0.993440,0.973386
219,URY,Uruguay,MS.MIL.TOTL.TF.ZS,Armed forces personnel (% of total labor force),2.35166,,,,1.94418,1.78353,1.76930,1.76333,1.74566,1.73709,1.81780,1.80647,1.75240,1.76113,1.73996,1.59834,1.59751,1.58951,1.58743,1.58078,1.56968,,1.57973,1.57934
220,UZB,Uzbekistan,MS.MIL.TOTL.TF.ZS,Armed forces personnel (% of total labor force),,,,,,,,0.539508,0.543504,0.263722,0.540221,0.579680,1.04174,1.16997,1.06272,0.866936,0.762387,0.736551,0.712880,0.714100,0.833469,0.768989,0.738548,0.709630
221,VUT,Vanuatu,MS.MIL.TOTL.TF.ZS,Armed forces personnel (% of total labor force),,,,,,,,,,,,,,,,,,,,,,,,
222,VEN,Venezuela RB,MS.MIL.TOTL.TF.ZS,Armed forces personnel (% of total labor force),0.824742,,,,1.08582,1.04731,0.983226,0.976637,0.942574,0.909940,0.934439,0.890382,0.862416,0.831703,0.804927,0.779531,1.00450,0.969884,0.939913,0.709834,0.689033,,0.926542,0.904025
223,VNM,Vietnam,MS.MIL.TOTL.TF.ZS,Armed forces personnel (% of total labor force),3.79316,,,,4.12567,3.37960,3.26485,2.62791,2.56676,2.04702,1.77506,1.73009,1.53416,1.41340,1.37953,1.38408,1.33574,1.31081,1.28109,13.3596,1.16341,1.13635,1.11193,1.08537
224,VIR,Virgin Islands (U.S.),MS.MIL.TOTL.TF.ZS,Armed forces personnel (% of total labor force),,,,,,,,,,,,,,,,,,,,,,,,
225,WBG,West Bank and Gaza,MS.MIL.TOTL.TF.ZS,Armed forces personnel (% of total labor force),,,,,,,,,,,,,,,,,,,,,7.07371,6.72271,6.29945,5.93609
226,YEM,Yemen Rep.,MS.MIL.TOTL.TF.ZS,Armed forces personnel (% of total labor force),2.90414,,,,2.43004,4.79487,4.50587,2.13834,1.99914,2.02259,1.94870,3.00956,3.79346,3.42705,3.30926,3.19112,2.78906,2.94703,2.82545,2.69728,2.62752,2.51825,2.41451,2.31624
227,ZMB,Zambia,MS.MIL.TOTL.TF.ZS,Armed forces personnel (% of total labor force),0.646634,,,,0.589918,0.535743,0.518095,0.500713,0.486344,0.469284,0.654076,0.636201,0.618220,0.599670,0.584375,0.571505,0.560156,0.549977,0.458846,0.370370,0.363425,0.356654,0.349100,0.341335
228,ZWE,Zimbabwe,MS.MIL.TOTL.TF.ZS,Armed forces personnel (% of total labor force),1.22377,,,,1.28033,1.08645,1.04789,1.08252,1.05081,0.915309,1.40707,1.31421,1.20493,1.19958,1.20046,1.20937,1.18586,1.12745,1.00055,0.988285,1.01292,1.01762,1.02332,1.03279
