Country Name,Country Code,Indicator Name,Indicator Code,1960,1961,1962,1963,1964,1965,1966,1967,1968,1969,1970,1971,1972,1973,1974,1975,1976,1977,1978,1979,1980,1981,1982,1983,1984,1985,1986,1987,1988,1989,1990,1991,1992,1993,1994,1995,1996,1997,1998,1999,2000,2001,2002,2003,2004,2005,2006,2007,2008,2009,2010,2011,2012,2013,2014,2015
Aruba,ABW,Cash surplus/deficit (% of GDP),GC.BAL.CASH.GD.ZS,,,,,,,,,,,,,,,,,,,,,,,,,,,,,,,,,,,,,,,,,,,,,,,,,,,,,,,,
Andorra,AND,Cash surplus/deficit (% of GDP),GC.BAL.CASH.GD.ZS,,,,,,,,,,,,,,,,,,,,,,,,,,,,,,,,,,,,,,,,,,,,,,,,,,,,,,,,
Afghanistan,AFG,Cash surplus/deficit (% of GDP),GC.BAL.CASH.GD.ZS,,,,,,,,,,,,,,,,,,,,,,,,,,,,,,,,,,,,,,,,,,,,,,,-2.0278600964814,-1.73123021368973,-2.31424986558664,0.281700159017001,1.49556676873257,-0.626409395980503,-0.62110794913849,,,
Angola,AGO,Cash surplus/deficit (% of GDP),GC.BAL.CASH.GD.ZS,,,,,,,,,,,,,,,,,,,,,,,,,,,,,,,,,,,,,,,,4.2833315240813,26.2691041378438,10.4185082723017,1.6733901804372,-12.1901061297392,12.7438389853513,0.899323738177237,24.3139391971633,14.6525294209715,7.21600298768208,-10.9819021386584,0.859708441244577,11.4431362257832,6.6614457657935,,,
Albania,ALB,Cash surplus/deficit (% of GDP),GC.BAL.CASH.GD.ZS,,,,,,,,,,,,,,,,,,,,,,,,,,,,,,,,,,,,-8.90831843919014,-10.1847091619325,-12.1210908039608,-9.55616257203919,,,,-6.67839261865136,-2.83598710170375,-3.04455724394448,,,,,,,,,,,
Arab World,ARB,Cash surplus/deficit (% of GDP),GC.BAL.CASH.GD.ZS,,,,,,,,,,,,,,,,,,,,,,,,,,,,,,,,,,,,,,,,,,,,,,,,,,,,,,,,
United Arab Emirates,ARE,Cash surplus/deficit (% of GDP),GC.BAL.CASH.GD.ZS,,,,,,,,,,,,,,,,,,,,,,,,,,,,,,,,,,,,,,0.332391212709645,0.0309448246579877,0.0593307236413587,,,,,,,,,,,,0.0757648256502941,-0.190302797869361,0.230342585847874,0.279949936996629,
Argentina,ARG,Cash surplus/deficit (% of GDP),GC.BAL.CASH.GD.ZS,,,,,,,,,,,,,,,,,,,,,,,,,,,,,,,,,,,,,,,,,,,,,,,,,,,,,,,,
Armenia,ARM,Cash surplus/deficit (% of GDP),GC.BAL.CASH.GD.ZS,,,,,,,,,,,,,,,,,,,,,,,,,,,,,,,,,,,,,,,,,,,,-0.739865922211696,-0.848435545377766,-1.00431858662669,-0.300422797422082,-0.566883682178302,-0.542749555115262,-7.6008153669647,-4.96766177398105,-2.76440681102449,-1.30438168089872,,,
American Samoa,ASM,Cash surplus/deficit (% of GDP),GC.BAL.CASH.GD.ZS,,,,,,,,,,,,,,,,,,,,,,,,,,,,,,,,,,,,,,,,,,,,,,,,,,,,,,,,
Antigua and Barbuda,ATG,Cash surplus/deficit (% of GDP),GC.BAL.CASH.GD.ZS,,,,,,,,,,,,,,,,,,,,,,,,,,,,,,,,,,,,,,,,,-5.3251754354713,-9.76466207089336,-10.2315401693867,-5.54676118089046,-2.69216003419579,15.7042004484294,-7.00841339145966,-5.75411563623613,-6.07502585459533,-10.9998808832324,-1.38292944509238,-4.34643000759544,-1.34041441063546,,,
Australia,AUS,Cash surplus/deficit (% of GDP),GC.BAL.CASH.GD.ZS,,,,,,,,,,,,,2.34415423725001,0.991772113701744,2.15990968555965,0.800360091710858,-1.07276007215875,-0.657408082681308,-1.45784833797657,-1.49060983329816,-0.664110486542828,0.0808981669659241,0.509954075644138,-1.3596660617828,-2.90490275583723,-1.33373633484317,-0.688390756883908,0.469669236664998,1.42727530829147,2.5427415495715,1.65831032799949,0.0932946166363319,-2.73593316671671,-3.82505046850223,-3.64347478585129,,,,,0.253449072057242,1.69827825307842,0.535293182704429,-0.74410529501399,0.529273645718853,0.538587566394645,0.764050139218964,1.24887971818504,1.16646138565383,1.4712112392726,-2.90450460571222,-4.03116293452252,-3.67251976351172,-3.03196547926757,-1.46964378374726,-1.84566490257974,
Austria,AUT,Cash surplus/deficit (% of GDP),GC.BAL.CASH.GD.ZS,,,,,,,,,,,,,2.11912720650494,0.733729344239357,0.909820261792265,-1.65946628153577,-2.20859234955707,-1.58612481025625,-1.67092121963068,-1.1764438151117,-0.792201263538408,-0.760248755770209,-2.30351156842402,-3.18562750936785,-2.11712070294335,-2.41384810127019,-3.38250857266346,-3.97362750982721,-3.34146965959814,-2.62463193340195,-3.30111172642217,-3.38493128608079,-2.54004524691121,-4.28458375125348,-4.22590695744753,-6.86151860250092,-5.65310743509885,-4.06911103454692,-4.10299971623084,-3.71627771400935,-3.02468920728951,-1.9722922321783,-2.33842601843151,-2.79700504283066,-5.66190299812401,-3.78024909682156,-3.46577949699412,-2.49583389171852,-2.59839348140493,-5.64463904821286,-3.18419699451002,-2.13887308789014,-1.94243398528373,-1.16809347374167,-2.53281876825734,
Azerbaijan,AZE,Cash surplus/deficit (% of GDP),GC.BAL.CASH.GD.ZS,,,,,,,,,,,,,,,,,,,,,,,,,,,,,,,,,,,-11.1673135342564,-3.13139938138532,-2.36301891211429,-3.96762794939017,-4.94163842563259,-4.66623753668796,,,,,,,,,19.5663872915898,7.57046753648021,15.4463675968445,12.8562651203871,6.05556070006482,,,
Burundi,BDI,Cash surplus/deficit (% of GDP),GC.BAL.CASH.GD.ZS,,,,,,,,,,,,,,,,,,,,,,,,,,,,,,,,-2.29591595956545,-6.59264196378472,-5.12724883382645,-5.37435651269066,-4.69013276925016,-8.68719118206005,,-2.90182658670665,-2.35796003513395,,,,,,,,,,,,,,,,
Belgium,BEL,Cash surplus/deficit (% of GDP),GC.BAL.CASH.GD.ZS,,,,,,,,,,,,,,,,,,,,,,,,,,,,,,,,,,,,-4.36228829578104,-4.18200257476545,-2.56791860830468,-1.77674955520491,-1.36431009311048,-0.411351472763746,-0.826673890469096,-0.078454171923,-2.0748875653223,-0.454519575107713,-3.06959332993024,-0.173849422338686,-0.803102871084061,-1.51886935430118,-4.84894531754883,-3.15551039301454,-3.61350123712102,-3.56069346258972,-2.44988858470746,-2.5917064594114,
Benin,BEN,Cash surplus/deficit (% of GDP),GC.BAL.CASH.GD.ZS,,,,,,,,,,,,,,,,,,,,,,,,,,,,,,,,,,,,,,,,,,0.604279723687078,-0.0635543626115547,-1.67025619230769,0.823534878003852,-0.559963818967559,2.22571462404701,8.29341377305138,2.37819084186469,-0.963175700346145,1.94308677782284,2.55548602095872,1.5831302398035,2.73710870107307,,
Burkina Faso,BFA,Cash surplus/deficit (% of GDP),GC.BAL.CASH.GD.ZS,,,,,,,,,,,,,,,,,,,,,,,,,,,,,,,,,,,,,,,,,,,-4.57973792222033,-2.02936395841183,-4.43562520942377,-5.39665824179523,-5.85679889960473,-5.41986673717694,-3.94763569134413,-4.67935100399842,-4.54394107633133,-2.29426148230517,-3.11254446783194,-3.93965914240849,7.00311338170097,
Bangladesh,BGD,Cash surplus/deficit (% of GDP),GC.BAL.CASH.GD.ZS,,,,,,,,,,,,,,,,,,,,,,,,,,,,,,,,,,,,,,,,,,-0.570927482606054,-0.151864704257727,-0.104760791937993,-0.631122062959504,-0.970706746206338,-1.2407973930308,-1.14512894423187,-0.829757737693226,-1.44315774648766,-0.813674182832758,-0.805802481861239,,,,
Bulgaria,BGR,Cash surplus/deficit (% of GDP),GC.BAL.CASH.GD.ZS,,,,,,,,,,,,,,,,,,,,,,,,,,,,,,,-5.04950364172318,-3.35298452468681,-4.89442231075697,-11.344931415189,-5.03557838660578,-5.13326695995498,-14.8467330159141,-0.377813386570562,1.17646987339209,0.391989444141195,-0.375733463899647,0.193362778055991,-0.520002095323074,0.184468492846598,1.52164487840388,3.13935120193035,3.11531903560615,3.13329013511644,2.92054692614935,-0.0887584301117796,-3.31599727390006,-1.89770047651594,-0.761260591913589,,,
Bahrain,BHR,Cash surplus/deficit (% of GDP),GC.BAL.CASH.GD.ZS,,,,,,,,,,,,,,,,,,,,,,,,,,,,,,,-2.33903420523139,-1.29630696548943,-3.99686520376176,-3.31406945225797,-6.42495431236485,-3.12812599473156,0.278952198010382,1.88916341100141,-6.08145886198443,-2.53866248397921,7.49196000883893,3.97326964329253,-0.792447659039206,1.77467910427743,4.51818556544071,6.54815868243003,3.98841627502551,3.3636833371234,5.48261214880282,-4.37704425741208,-4.77948819789433,-0.534621347603651,,0.67939690367436,,
"Bahamas, The",BHS,Cash surplus/deficit (% of GDP),GC.BAL.CASH.GD.ZS,,,,,,,,,,,,,,,,,,,,,,,,,,,,,,,,,,,,,,,,,,,,,,,,,,,,,,,,
Bosnia and Herzegovina,BIH,Cash surplus/deficit (% of GDP),GC.BAL.CASH.GD.ZS,,,,,,,,,,,,,,,,,,,,,,,,,,,,,,,,,,,,,,,,,,,,,,2.00762530314338,2.74531079891082,0.916692307856092,-1.60602816667661,-4.18507014725789,-2.17485314341759,-0.920115186678729,-1.49650436308403,-1.97490309738013,-0.272847141448106,
Belarus,BLR,Cash surplus/deficit (% of GDP),GC.BAL.CASH.GD.ZS,,,,,,,,,,,,,,,,,,,,,,,,,,,,,,,,,-4.75932936722553,-3.58259245727276,-1.82654047613695,-2.65266147512492,-1.83559981484493,-1.06932337340911,-0.944384415485278,-1.90498964050228,0.0690840613983227,-0.826928004099411,1.13151964741395,-1.05605448409399,-0.135392204321509,0.224817150295618,1.46858342059117,0.431508710414109,2.37262158951174,0.219965068952622,-1.50065169921411,1.72645702938204,0.0884953960126745,,,
Belize,BLZ,Cash surplus/deficit (% of GDP),GC.BAL.CASH.GD.ZS,,,,,,,,,,,,,,,,,,,,,,,,,,,,,,,-0.614574506718315,-5.60733898744324,-7.45881582458753,-7.86967058179459,-6.60318418933736,-3.49541813434506,-1.98391353196012,-1.26407131373475,-1.64994551101394,-3.4884497729628,-5.74006506284399,-10.3754545164674,-7.02062839723067,-7.99025597011158,-9.52502717776622,-3.39772107893833,-4.13214705930791,-0.620126783111491,0.3785916107124,-1.21473592368043,-1.22123224853357,-1.44742193899923,-0.198586855933179,,,
Bermuda,BMU,Cash surplus/deficit (% of GDP),GC.BAL.CASH.GD.ZS,,,,,,,,,,,,,,,,,,,,,,,,,,,,,,,,,,,,,,,,,,,,,,,,,,,,,,,,
Bolivia,BOL,Cash surplus/deficit (% of GDP),GC.BAL.CASH.GD.ZS,,,,,,,,,,,,,,,,,,,,,,,,,,,1.34301054342123,1.00286555400823,1.63342742122067,0.686156018486351,0.536160531125284,1.87694750944589,-0.0785863327192697,0.881476238839012,0.304309448768582,0.286644301999875,1.24731439118683,-0.75017050530323,-0.494849401544041,-0.565244228803471,-0.903357640348963,-4.79805597761099,-6.70301107751941,-5.39398875410392,-2.78386932213206,0.0906965827985376,15.0087700112248,4.20350533413556,,,,,,,,
Brazil,BRA,Cash surplus/deficit (% of GDP),GC.BAL.CASH.GD.ZS,,,,,,,,,,,,,,,,,,,,,,,,,,,,,,,-3.38547730208384,1.50796355561216,-2.1126021034285,-6.9301095294061,-2.66277280613003,,,-0.006984641141742,-3.58592409473358,-2.47260046162198,-1.80412458286905,-2.05803176590409,-1.15821268023238,-4.29288792627115,-1.83968628728413,-3.55544122360609,-2.83731092805499,-1.83023519882885,-1.17853378952905,-3.37247505333888,-1.6189638119831,-2.44605507233028,-1.80409842703882,,,
Barbados,BRB,Cash surplus/deficit (% of GDP),GC.BAL.CASH.GD.ZS,,,,,,,,,,,,,,,,,,,,,,,,,,,,,,,,,,,,,,,,,,,,-2.35314516030534,-1.73282116944089,-2.34522095150737,-1.73955200778437,-8.08909042223933,-4.97549494015234,-6.27067850934376,-7.95974809357778,-4.58745214547958,-9.91021405054486,-12.241516561551,,
Brunei Darussalam,BRN,Cash surplus/deficit (% of GDP),GC.BAL.CASH.GD.ZS,,,,,,,,,,,,,,,,,,,,,,,,,,,,,,,,,,,,,,,,,,,,,,,,,,,,,,,,
Bhutan,BTN,Cash surplus/deficit (% of GDP),GC.BAL.CASH.GD.ZS,,,,,,,,,,,,,,,,,,,,,,,,,,,,,,,-5.83128124050345,-0.0510020818698081,-2.23979676428745,6.74385595614444,2.72511796317597,-0.0508749276736591,3.02119624724789,0.193405096909123,2.32045346340365,-2.02009767186099,-2.40527719945676,-9.02951798048648,-3.65328562119822,-9.83685839376391,2.01829774698405,-0.986881712344777,1.32243772092106,2.46223749864578,-1.38584685079643,0.500463893108574,,,,,,
Botswana,BWA,Cash surplus/deficit (% of GDP),GC.BAL.CASH.GD.ZS,,,,,,,,,,,,,,,,,,,,,,,,,,,,,,,19.0847022623664,16.908070131418,15.8255124086924,13.9380703262451,3.56199604708516,4.99382348904241,9.76177326573544,,,,,,,,,,12.5005538693358,5.21618943802149,-6.54767261680813,-12.1246081638181,-7.54224822155284,-0.398989116918367,1.36329270036462,,,
Central African Republic,CAF,Cash surplus/deficit (% of GDP),GC.BAL.CASH.GD.ZS,,,,,,,,,,,,,,,,,,,,,,,,,,,,,,,,,,,,,,,,,,,,,-0.472933713386181,,,,-0.96771991126884,-6.13606315700279,-9.02187578595399,-6.56950990567819,0.657600216127022,,,
Canada,CAN,Cash surplus/deficit (% of GDP),GC.BAL.CASH.GD.ZS,,,,,,,,,,,,,,,,,,,,,,,,,,,,,,,,-4.86004350356738,-4.79861567919287,-5.26505221539387,-4.53067547216174,-3.89807629440283,-2.40448622732412,0.346719002723747,0.606746008460517,0.934933934388365,2.21348355376549,1.5644824003402,1.49177940766,1.14435162339091,1.56553068034478,0.835269310133604,1.62557875683468,1.73698405879258,0.650484021336747,-1.167309465249,-1.77079905254159,-1.12524732728335,-0.212200078121228,0.146496684006336,0.550976334524894,
Central Europe and the Baltics,CEB,Cash surplus/deficit (% of GDP),GC.BAL.CASH.GD.ZS,,,,,,,,,,,,,,,,,,,,,,,,,,,,,,,,,,,-2.71221631131167,-2.74189521456615,-2.7830640210303,-2.74199719261064,-2.37695361439041,-2.86939800456779,-3.26369079304525,-3.66184122123369,-4.65739782352703,-5.07053009546657,-4.57167698280632,-4.08566170569106,-4.09807474120471,-2.68738647971507,-3.57374538678578,-6.55649738505242,-5.55721186418082,-4.35776355629492,-2.92314502825873,-3.36807415170677,-1.45408461206715,
Switzerland,CHE,Cash surplus/deficit (% of GDP),GC.BAL.CASH.GD.ZS,,,,,,,,,,,,,,,,,,,,,0.187509866544216,0.804495976431613,0.457921080101528,0.350102248369897,0.538309683100168,,,,,,,-0.0452477188739371,-1.12256942170409,-1.69956186493695,-1.00713710880592,-0.534728880461467,-0.858595552217461,-1.0046918769264,-0.32923472985478,-0.153629254634355,2.01033635481823,0.28646536204362,-0.454332807953181,-1.05334870378671,-1.25848674223516,-0.767138983258403,0.0390770106592504,0.198323613387895,0.804406196125561,-0.130745706526783,0.0127899808624078,0.55805541465158,0.529284133092492,0.440996732130595,,
Channel Islands,CHI,Cash surplus/deficit (% of GDP),GC.BAL.CASH.GD.ZS,,,,,,,,,,,,,,,,,,,,,,,,,,,,,,,,,,,,,,,,,,,,,,,,,,,,,,,,
Chile,CHL,Cash surplus/deficit (% of GDP),GC.BAL.CASH.GD.ZS,,,,,,,,,,,,,-4.16181122024305,0,2.82303684931715,5.55211071041782,3.89455929553358,2.53339641043257,3.63657996802748,7.30654855819737,7.86556562541014,5.01040707577206,-2.25159799196096,-2.3861951510091,-1.59130751578829,0.48832176977371,1.1180948576118,2.49229797068508,1.47649517083052,2.40716257559005,0.341497861523373,1.24755817525217,2.10293391247438,1.71172328642349,1.47065532440265,2.15692963961604,2.06019791712399,1.91123167916169,0.413659508798621,-1.3399825443659,-1.44862935977046,-1.3273128602615,-1.98265554734056,-1.19634988698655,1.31299909886663,3.66326135173173,6.6765692665251,7.69459558363743,3.82126798827823,-4.92155010974966,-0.424083875475486,1.29226372665501,0.545375912773059,-0.605729482981497,-0.333023930366186,
China,CHN,Cash surplus/deficit (% of GDP),GC.BAL.CASH.GD.ZS,,,,,,,,,,,,,,,,,,,,,,,,,,,,,,,,,,,,,,,,,,,,,,,,,,,,,,,,
Cote d'Ivoire,CIV,Cash surplus/deficit (% of GDP),GC.BAL.CASH.GD.ZS,,,,,,,,,,,,,,,,,,,,,,,,,,,,,,,,,,,,,,,,,,2.94060584225051,2.39572611364827,-2.19194659329903,-1.29095549773254,-1.3249361329508,-0.360553567654515,0.0133333698186949,0.319965547029694,1.6312731540629,-0.648485162709133,-3.44943227173673,-2.78675604529973,-2.25957336888733,3.88991322912636,
Cameroon,CMR,Cash surplus/deficit (% of GDP),GC.BAL.CASH.GD.ZS,,,,,,,,,,,,,,,,,,,,,,,,,,,,,,,-5.58577904701397,-4.54403921011233,-1.87055991134991,-1.46979156468471,-2.44032050651055,0.248823123895243,,,1.46104012141561,0.124136886782295,,,,,,,,,,,,,,,,
"Congo, Rep.",COG,Cash surplus/deficit (% of GDP),GC.BAL.CASH.GD.ZS,,,,,,,,,,,,,,,,,,,,,,,,,,,,,,,,,-13.1246780340031,-12.616760986186,-13.2232582499287,-8.16512033932967,-1.88581984396399,-8.08585966570775,-19.6522041116425,-5.61995454909267,,-1.26890063467266,-5.24296807572806,6.55159383905896,-3.22550143020604,9.621747970318,18.6223472450403,11.5249060286442,27.904016756726,7.55021603229228,40.912125419697,,,,,
Colombia,COL,Cash surplus/deficit (% of GDP),GC.BAL.CASH.GD.ZS,,,,,,,,,,,,,,,,,,,,,,,,,,,,,,,,,,,,,,,-3.38468625603451,-6.11307216832256,-3.1222952043581,,,-5.13724813812984,,,,,-5.80539007570211,-7.26503710992595,-4.68188851128451,-1.33060219129593,2.51624790973865,-5.50179234360173,-5.41048057705154,
Comoros,COM,Cash surplus/deficit (% of GDP),GC.BAL.CASH.GD.ZS,,,,,,,,,,,,,,,,,,,,,,,,,,,,,,,,,,,,,,,,,,,,,,,,,,,,,,,,
Cabo Verde,CPV,Cash surplus/deficit (% of GDP),GC.BAL.CASH.GD.ZS,,,,,,,,,,,,,,,,,,,,,,,,,,,,,,,,,,,,,,,,,,,,,,-2.94780555268846,-1.91251230098032,1.84843880084902,2.17875182265663,-0.42564977432914,,,,,,
Costa Rica,CRI,Cash surplus/deficit (% of GDP),GC.BAL.CASH.GD.ZS,,,,,,,,,,,,,,0.393607805305756,3.48070857753058,1.72571796844744,1.30588713265879,0.531698749590758,-1.49036728429198,-3.00713611326836,-3.76761534061677,-0.245172292683426,0.840981657253694,0.605841062018183,1.82814320966892,0.990794948114737,-1.71755780913135,-0.722764233576061,1.42088626260957,0.0556619048568421,-1.94772863996368,-0.977294577577235,0.766559473092678,-0.149603108183561,-4.43000737421954,-2.12947127811493,-2.82769166713077,-1.83711920731893,-1.2043575349272,-1.41354634682479,-1.31487527027739,-1.21212620622913,-3.40611944841664,-1.59802981136103,-1.32657378152558,-0.794910190146497,1.14584777507983,1.73556044662715,-0.784481932206465,-3.3598454397922,-4.14967892911274,-3.34696814394622,-3.91906756042588,-4.31431463210436,-2.89249201404584,
Caribbean small states,CSS,Cash surplus/deficit (% of GDP),GC.BAL.CASH.GD.ZS,,,,,,,,,,,,,,,,,,,,,,,,,,,,,,,,,,,,,,,,,,-0.865807039105191,-3.27433374931757,-0.419322144632822,-0.761236412093207,2.17031184708526,-0.282490385642911,-1.37285993946836,-1.13043623107353,-5.60813999274189,-3.36310981512505,,,,,
Cuba,CUB,Cash surplus/deficit (% of GDP),GC.BAL.CASH.GD.ZS,,,,,,,,,,,,,,,,,,,,,,,,,,,,,,,,,,,,,,,,,,,,,,,,,,,,,,,,
Curacao,CUW,Cash surplus/deficit (% of GDP),GC.BAL.CASH.GD.ZS,,,,,,,,,,,,,,,,,,,,,,,,,,,,,,,,,,,,,,,,,,,,,,,,,,,,,,,,
Cayman Islands,CYM,Cash surplus/deficit (% of GDP),GC.BAL.CASH.GD.ZS,,,,,,,,,,,,,,,,,,,,,,,,,,,,,,,,,,,,,,,,,,,,,,,,,,,,,,,,
Cyprus,CYP,Cash surplus/deficit (% of GDP),GC.BAL.CASH.GD.ZS,,,,,,,,,,,,,,,,-4.21400749836237,-2.31206956810388,1.87898834043787,-1.37216194301788,-0.814544290526741,-1.6730237753263,-2.53082185464574,-2.14655090417816,-5.14823601186849,-0.929415229573692,-0.897314751443086,1.36548194013391,-1.50039325663723,-0.859762492186746,0.540121376479622,-8.41564922670611,-10.4955028426164,-7.28175098625904,-3.24272709375144,-2.23854078955298,-2.76659945636504,-6.49612647134382,-9.80211348675886,-7.99249611437921,-8.28782479894241,-5.32755063901187,-6.60919594480777,-10.5922490049796,-12.6854325158561,-8.42623197491895,-5.86619114896826,-3.95843748281471,3.42453313882896,-0.755582501373149,-6.59876655119594,-4.74271020104979,-5.68899672289978,-5.81728711031981,-5.05162001750654,-8.66718038736978,
Czech Republic,CZE,Cash surplus/deficit (% of GDP),GC.BAL.CASH.GD.ZS,,,,,,,,,,,,,,,,,,,,,,,,,,,,,,,,,,0.145085536382922,-1.14287997673443,-0.870949266350867,-1.11065627582585,-1.55003478708716,-1.98372341473182,-2.013766593662,-3.31100930191391,-3.73421720004729,-5.52684965494344,-4.47064308646087,-2.94275548206602,-3.41282859398423,-3.88180538451515,-1.44156078353388,-1.37382930387568,-5.6820966350632,-4.54815055754795,-4.22579329180206,-2.33409456319734,,,
Germany,DEU,Cash surplus/deficit (% of GDP),GC.BAL.CASH.GD.ZS,,,,,,,,,,,,,1.61919138018639,2.17595724900696,0.401575643161236,-1.87357208101985,-1.55397102896116,-1.10857151774897,-1.01706931394173,-0.87868384203715,-0.743816745724909,-1.2157420919064,-0.920999090723812,-0.904930893842663,-0.66154090144882,-0.0674933027386073,-0.0194396380640444,-0.415138862922514,-0.86112269606878,0.469029906897277,-0.515135222403465,-3.21369794454994,-2.40013686242125,-2.61462353058248,-1.85533437608248,-8.6109706909336,-2.86535983055775,-2.2313162871043,-2.41508649618725,-1.81574713726706,0.60742361657091,-2.15441430043352,-2.7126814294185,-2.74706316889481,-2.89819519250249,-2.85232476899942,-1.79517393736551,-0.823203624339993,-0.912778031181931,-2.7581006857756,-3.06175050192631,-0.47434076178638,0.0814923444385559,-0.054700406264845,0.409582768850857,
Djibouti,DJI,Cash surplus/deficit (% of GDP),GC.BAL.CASH.GD.ZS,,,,,,,,,,,,,,,,,,,,,,,,,,,,,,,,,,,,,,,,,,,,,,,,,,,,,,,,
Dominica,DMA,Cash surplus/deficit (% of GDP),GC.BAL.CASH.GD.ZS,,,,,,,,,,,,,,,,,,,,,,,,,,,,,,,,,,,,,,,,,-5.17212649499544,-7.72865679075299,-6.75602682011037,-3.59694610812018,-4.16056006475057,-1.5,0.55977229601518,-0.931458699472759,-2.70816491511722,-2.12717638152914,-6.26406601650413,-8.43426883308715,-11.7786259541985,,,
Denmark,DNK,Cash surplus/deficit (% of GDP),GC.BAL.CASH.GD.ZS,,,,,,,,,,,,,4.14849223507109,4.77301127318837,2.15467433060127,-0.394741324559461,0.893042511782858,0.232762940268934,0.717750565108393,0.109218758013065,-2.25311870762645,-4.48500088420778,-6.18471927230027,-5.04303143893474,-2.70037113435806,0.355520833856667,4.63391986017912,4.34826807008121,2.87671882949902,1.60896873720486,-0.417264458222265,-1.23378728510287,-1.30569253728234,-1.91778011186002,-2.19769868561922,-5.5884176932955,-3.71894365271354,-2.64717154596036,-1.95516306202086,-1.0272883793347,0.141079419283268,-0.450009678562419,-1.20388211343777,-1.69737141425341,0.272850303310942,3.90031870419662,4.10812775607011,3.36285926552841,1.70882875029137,-3.95370711194752,-2.61629700958886,-2.18298858298553,-3.62037049332714,-1.17787047154745,,
Dominican Republic,DOM,Cash surplus/deficit (% of GDP),GC.BAL.CASH.GD.ZS,,,,,,,,,,,,,6.15911035072712,5.78752103840666,5.7868471424665,9.64909816772433,5.22346523316964,,3.47059316353887,-1.52578741678571,0.193032722168109,0.378423018533728,-1.13134099203889,-0.717930866180343,1.01835362672366,0.236915514379979,2.49990170521473,5.21389410248542,5.14543132577312,5.9932067224715,0.589004101306416,0.238847568583605,2.51215954097956,0.090687555446777,-0.512469148212949,0.599456192311228,-0.211432496569137,0.330729292893221,0.482230285772295,-0.369197756594781,0.836411017303804,0.271670859999582,-0.154489531139049,1.15999037445749,-1.3877438197898,-0.499382416550163,-0.815311950839716,0.283003702542196,-3.63969385904726,-3.47838669869453,-2.78855136749834,-2.47315162691163,-6.18091139559002,-3.18001200841843,,
Algeria,DZA,Cash surplus/deficit (% of GDP),GC.BAL.CASH.GD.ZS,,,,,,,,,,,,,,,,,,,,,,,,,,,,,,,,,,,-3.98437831184418,-1.26183082771168,2.9629569635279,2.28300126115888,-3.57632911431083,-0.345438935808731,9.70144338109036,4.36468127204829,1.16300333585148,5.5067457635825,5.30929889946632,13.3948704304653,13.1805222737958,4.97493467342873,9.27913360368648,-4.49177473633188,0.407202933722431,-0.282893441799994,,,,
East Asia & Pacific (excluding high income),EAP,Cash surplus/deficit (% of GDP),GC.BAL.CASH.GD.ZS,,,,,,,,,,,,,,,,,,,,,,,,,,,,,,,,,,,,,,,,,,,,,,,,,,,,,,,,
Early-demographic dividend,EAR,Cash surplus/deficit (% of GDP),GC.BAL.CASH.GD.ZS,,,,,,,,,,,,,,,,,,,,,,,,,,,,,,,-2.29756392778519,-1.52548314543933,-2.05230590356003,-2.41620498280732,-1.5463741330373,-1.37687965855073,-1.57028731364025,-2.1529396766259,-3.16790545785327,,,,,,,,,,,,,,,,,
East Asia & Pacific,EAS,Cash surplus/deficit (% of GDP),GC.BAL.CASH.GD.ZS,,,,,,,,,,,,,,,,,,,,,,,,,,,,,,,,,,,,,,,,,,,,,,,,,,,,,,,,
Europe & Central Asia (excluding high income),ECA,Cash surplus/deficit (% of GDP),GC.BAL.CASH.GD.ZS,,,,,,,,,,,,,,,,,,,,,,,,,,,,,,,,,,,-5.6681831133522,3.7138165813816,,,-5.48261460961146,-0.992317742926036,1.20151457227743,1.3887841694023,4.77059260986896,1.16653179686842,3.29547201789504,,,,1.77744783692819,-6.72751459815209,-2.52839973869697,1.03188458568734,0.67836994728943,0.439027577119703,0.89809208438301,
Europe & Central Asia,ECS,Cash surplus/deficit (% of GDP),GC.BAL.CASH.GD.ZS,,,,,,,,,,,,,,1.51735395605232,0.862552056781914,-1.23694436669892,-0.558742941262361,-0.37693026356278,-1.3928951905086,-1.75573383380834,-1.56598359626325,-1.28802707546784,-1.71105968497913,-1.61217337816916,-1.75544680058071,-1.42186137292864,-2.21849584116079,-2.26244394465707,-1.3395026602167,-0.891419036590489,-1.61535879634946,-2.42999117497775,-3.58275907144207,-4.94491364484456,-4.47798166095089,-5.30933753075717,-4.5455148694607,-3.37388280258903,-2.92646591192463,-1.66854817136462,-0.351021290535552,-1.44421846397279,-2.0039294663019,-2.95022981245789,-2.50475842715958,-1.81200056640091,-1.22239306360393,-1.02518620117768,-1.93898000077898,-6.44917310934618,-4.6144900666978,-2.68349621842791,-2.81633829450189,-2.22801404410961,-1.99204208547624,
Ecuador,ECU,Cash surplus/deficit (% of GDP),GC.BAL.CASH.GD.ZS,,,,,,,,,,,,,,,,,,,,,,,,,,,,,,,1.96954130630352,0.989396904283093,-0.270939908790568,1.08298015853562,0.0748987138084458,,,,,,,,,,,,,,,,,,,,,
"Egypt, Arab Rep.",EGY,Cash surplus/deficit (% of GDP),GC.BAL.CASH.GD.ZS,,,,,,,,,,,,,,,,,,,,,,,,,,,,,,,-1.9503275131944,2.47293340899029,-1.17469446441409,4.23260309278351,3004,3.44166666666667,-1.40061028770706,-1.62805566002256,,,,,-6.74531538664555,-5.8162874251497,-5.61055017514939,-6.44885793871866,-7.1684960336733,-4.55796186895811,-6.36079061976549,-6.56296296296296,-7.73391347588264,-10.0824593392167,-10.1145116503682,,,
Euro area,EMU,Cash surplus/deficit (% of GDP),GC.BAL.CASH.GD.ZS,,,,,,,,,,,,,2.07578227723779,1.41599766504538,0.707970125767681,-1.62714658241079,-0.780858392982834,-0.562296450347671,-1.4739944841114,-1.70421777241664,-1.79823644613746,-1.34032313520763,-2.07862908497631,-1.90153963937531,-1.99217063405239,-1.9179552345631,-3.25765284446051,-3.51025972928556,-2.55346812099075,-1.99719792997694,-2.13510083153139,-2.71622031275304,-3.10715337131509,-4.32663127790731,-4.02531210737945,-7.7221751475036,-4.92326037737385,-3.72503084255235,-3.27257892657449,-2.37239089208979,-1.23219488649706,-2.54588117878865,-3.00266337572119,-3.57582531510714,-3.45907801275266,-3.22429915157299,-2.35979551028501,-1.80062771257991,-2.83760799097189,-6.53031567792469,-5.00494340285057,-3.2364895068732,-3.3106596939548,-2.61950010993127,-2.39876868454949,
Eritrea,ERI,Cash surplus/deficit (% of GDP),GC.BAL.CASH.GD.ZS,,,,,,,,,,,,,,,,,,,,,,,,,,,,,,,,,,,,,,,,,,,,,,,,,,,,,,,,
Spain,ESP,Cash surplus/deficit (% of GDP),GC.BAL.CASH.GD.ZS,,,,,,,,,,,,,1.99450841674959,2.00448516392605,1.6797382854336,1.83086321506897,1.29631194226634,1.50106330796963,0.643330786244033,-0.424643687470981,-1.07792680932116,-1.38428458224653,-3.08037847653103,-3.00588501777591,-3.7300008978896,-4.44784481548119,-2.71842643243849,-1.60558385973314,-1.24534528980445,-0.113954090280186,-2.59983919248533,-2.96224712065683,-3.48329359091651,-6.51204818109662,-6.14787854792231,-6.88993045890055,-5.4480401055755,-4.11119416425859,-3.34577526469112,-2.27135061617052,-2.0290909189942,-1.65354355965737,-1.46979528298865,-1.49065561064978,-1.78101272410671,-0.344628960868977,0.0669660130122404,0.474460311230405,-3.70065766797736,-9.97160423119197,-4.78780438388658,-3.44334383083912,-7.91966799377105,-4.77148608708469,-3.85992546774751,
Estonia,EST,Cash surplus/deficit (% of GDP),GC.BAL.CASH.GD.ZS,,,,,,,,,,,,,,,,,,,,,,,,,,,,,,,,,,,,0.0186253571970866,-0.0633988533913995,0.0873053620135318,-0.0734148168459731,-0.255114264430191,-0.0654572474349609,-0.0274834829017366,-0.0189913746772013,0.0442522162067319,0.0852580177462911,0.00209968744916351,0.080635712793891,0.0850508196802994,-0.25154859531128,-0.232272738933731,-0.00230140590188011,0.0566352294172842,-0.0061760570461391,0.000336114397626275,,
Ethiopia,ETH,Cash surplus/deficit (% of GDP),GC.BAL.CASH.GD.ZS,,,,,,,,,,,,,,,,,,,,,,,,,,,,,,,-6.59297182220345,-5.87329678115959,-4.73941012948547,-3.75031591182535,-5.18838514045797,-3.10029780783008,-1.64252082668638,-1.13873890073782,-3.05138792634453,-4.20192255868481,,-4.20211360902334,-7.45923964163996,-5.51938348666194,-3.3219289638179,-4.47685107243302,-4.20937145866357,-2.75784058234155,-1.92159243811678,-2.2225663918233,-2.73395742953724,-1.34983977132917,,,,
European Union,EUU,Cash surplus/deficit (% of GDP),GC.BAL.CASH.GD.ZS,,,,,,,,,,,,,2.2107000300894,1.44822248446169,0.712737452900804,-1.53037429645777,-0.811808552155961,-0.527358189973276,-1.60894620114714,-1.87328007018412,-1.85098810808225,-1.79996070964404,-2.01085444336263,-2.00936632061747,-1.9286269444414,-1.6407280223825,-2.59670815393011,-2.54695992047231,-1.51440533953929,-0.984017268137748,-1.65620300669139,-2.47853179091759,-3.68894411606324,-5.08625637935543,-4.50539506357122,-7.1868278236488,-4.77757148307087,-3.53394519957695,-2.80431979053606,-2.01098160029271,-1.02659069932895,-2.20527564306969,-3.0700791009923,-3.7345702962733,-3.51867417743422,-3.19264654515652,-2.4763719438708,-1.94289429307118,-3.12272040955605,-7.04342049539624,-5.50593563754914,-3.78488913243598,-3.87160127037803,-3.01834323985709,-2.69801906411694,
Fragile and conflict affected situations,FCS,Cash surplus/deficit (% of GDP),GC.BAL.CASH.GD.ZS,,,,,,,,,,,,,,,,,,,,,,,,,,,,,,,,,,,,,,,,,,,,,,,,,,,,,,,,
Finland,FIN,Cash surplus/deficit (% of GDP),GC.BAL.CASH.GD.ZS,,,,,,,,,,,,,4.92163986437569,6.34254172331982,4.16759848962887,2.10969282101729,4.29515329836151,3.15060732914022,1.26110618053872,0.443103496603678,1.05610552955911,1.78722299132724,0.455506513262121,-0.490592110247539,0.95886421119967,1.17848415830625,2.13572395619844,0.221185580252985,2.46538598720392,3.56207109785171,1.00439660812526,-5.01128925551436,-8.16757614372425,-10.3547336749817,-9.13352640358794,-9.31754535492512,-6.2767000431119,-2.74521838573931,-0.137894263261949,-0.0638182709201642,4.74016781324077,3.54202861593636,2.59628158528279,1.28852201703515,1.19260212144349,1.49281873627477,2.44591972377675,3.5597906958796,2.77371958019937,-3.85905020742533,-2.56654195617317,-0.535889347738852,-1.09363190902584,-1.83831846482212,-2.6282713330865,
Fiji,FJI,Cash surplus/deficit (% of GDP),GC.BAL.CASH.GD.ZS,,,,,,,,,,,,,,,,,,,,,,,,,,,,,,,0.856565656565657,-3.2845249755142,-2.65299917473831,-4.360499702558,-3.46954048795091,-3.05640766537948,-4.61579651941098,,,,,,,,-0.0412332311493895,-3.28890175620509,-2.915544220144,,,,,,,,,
France,FRA,Cash surplus/deficit (% of GDP),GC.BAL.CASH.GD.ZS,,,,,,,,,,,,,2.50371411048494,2.31879642741242,2.20603011410708,-0.193267009682304,1.33819649308104,0.599504411401299,-0.405507496584389,0.568682962430715,1.46996036134913,-0.378386688161191,-1.00863110773243,-1.46653854723368,-1.49302283639213,-1.51745615171839,-1.44833780104346,-0.92429287724205,-0.664041993154724,-0.184114046511068,-1.39254144067448,-1.84254116042556,-3.51338864476,-5.51437666211499,-5.47294728264316,-6.62151804317994,-5.62662385257556,-5.53194826838311,-4.34355405865279,-3.49215464560465,-3.03186221585764,-3.11071199103474,-4.7545824882908,-5.46356195373504,-4.89087592882695,-4.54582791343911,-3.68466390045255,-3.65872162823089,-4.22652101991633,-8.44362473232571,-6.64008664580749,-4.93424947700269,-4.48293545204461,-3.62996251990303,-3.77697192289241,
Faroe Islands,FRO,Cash surplus/deficit (% of GDP),GC.BAL.CASH.GD.ZS,,,,,,,,,,,,,,,,,,,,,,,,,,,,,,,,,,,,,,,,,,,,,,,,,,,,,,,,
"Micronesia, Fed. Sts.",FSM,Cash surplus/deficit (% of GDP),GC.BAL.CASH.GD.ZS,,,,,,,,,,,,,,,,,,,,,,,,,,,,,,,,,,,,,,,,,,,,,,,,,,,,,,,,
Gabon,GAB,Cash surplus/deficit (% of GDP),GC.BAL.CASH.GD.ZS,,,,,,,,,,,,,,,,,,,,,,,,,,,,,,,,,,,,,,,,,,,,,,,,,,,,,,,,
United Kingdom,GBR,Cash surplus/deficit (% of GDP),GC.BAL.CASH.GD.ZS,,,,,,,,,,,,,1.77359155964381,0.599282387968547,0.113400542054591,-2.05080806047184,-2.34685206643492,-1.27771589221303,-3.08912270285391,-2.94848354744251,-1.9017100169891,-3.15513685266737,-1.23399838542267,-1.78420500246129,-1.84495569915779,-0.755407854667922,-0.835220113523644,-0.266029190837016,1.65672864008318,2.0973959951422,-0.909411295931444,-2.33469039054518,-6.1029204016841,-7.48586330570525,-6.20185832881551,-6.14528920857438,-4.80886911016519,-2.92024344959977,-0.861434601978444,0.087848163715831,0.610957108823942,-0.152293487557391,-2.72499328300628,-4.2626562951274,-4.1187723641092,-3.99017453582258,-3.6589128094297,-3.65006976048207,-5.61780525968398,-11.2508556201779,-9.53631774782906,-7.42306172351619,-7.87334713336972,-5.4858673079151,-4.96056094041824,
Georgia,GEO,Cash surplus/deficit (% of GDP),GC.BAL.CASH.GD.ZS,,,,,,,,,,,,,,,,,,,,,,,,,,,,,,,,,,,,,,-4.29205589631113,-2.78170336898925,-2.20685678340939,-1.61342184284249,0.20527425682066,-1.83743994454955,-0.89326449148239,0.535407331688852,1.52483197913424,1.55548387035018,0.762632028610376,-1.89621389624076,-7.75660803680668,-4.42840412343334,-1.20727966552528,-0.462409481672028,,,
Ghana,GHA,Cash surplus/deficit (% of GDP),GC.BAL.CASH.GD.ZS,,,,,,,,,,,,,,,,,,,,,,,,,,,,,,,,,,,,,,,,,,-6.50663371043874,-5.02091400270149,-3.62242860619399,-1.35987790893516,-1.4088851418043,-4.20493151364843,-4.68737873010509,-5.87382892671157,-5.64658939036208,-7.19989336455137,-3.91787637176462,,,,
Gibraltar,GIB,Cash surplus/deficit (% of GDP),GC.BAL.CASH.GD.ZS,,,,,,,,,,,,,,,,,,,,,,,,,,,,,,,,,,,,,,,,,,,,,,,,,,,,,,,,
Guinea,GIN,Cash surplus/deficit (% of GDP),GC.BAL.CASH.GD.ZS,,,,,,,,,,,,,,,,,,,,,,,,,,,,,,,,,,,,,,,-4.25351000758886,-2.38766167396324,,,,,,,,,,,,,,,,
"Gambia, The",GMB,Cash surplus/deficit (% of GDP),GC.BAL.CASH.GD.ZS,,,,,,,,,,,,,,,,,,,,,,,,,,,,,,,2.09582524499961,,,,,,,,,,,,,,,,,,,,,,,,,
Guinea-Bissau,GNB,Cash surplus/deficit (% of GDP),GC.BAL.CASH.GD.ZS,,,,,,,,,,,,,,,,,,,,,,,,,,,,,,,,,,,,,,,,,,,,,,,,,,,,,,,,
Equatorial Guinea,GNQ,Cash surplus/deficit (% of GDP),GC.BAL.CASH.GD.ZS,,,,,,,,,,,,,,,,,,,,,,,,,,,,,,,,,,,,,,,,,,,,,,,,20.814339241984,18.0143068211873,-9.52099688719914,,,,,,
Greece,GRC,Cash surplus/deficit (% of GDP),GC.BAL.CASH.GD.ZS,,,,,,,,,,,,,3.35750203224982,2.77145637402026,0.706407687956676,1.72193254269801,1.68546718552595,0.999584061890339,1.30490603375219,1.19921735650618,0.260884826063508,-3.46204613505548,-9.80242243501284,0.0261936350242517,-5.97267008281347,-6.49799463548046,-4.79319545657254,-6.70550678592392,-8.08311378436577,-15.0322378751625,-19.6480177949946,,,,,-11.1461407061905,-9.45003611157042,-7.24944777509856,-6.40734179887309,-5.65593228503386,-4.88292601850541,-5.69602559367754,-6.21127655402747,-7.56714861982528,-8.92957519243152,-7.28459726695462,-8.1482935290833,-8.88976377833983,-12.3653671554335,-17.9262621468229,-10.98652435651,-10.5231697599818,-9.02858115694402,-12.0400882596622,-3.55768224567612,
Grenada,GRD,Cash surplus/deficit (% of GDP),GC.BAL.CASH.GD.ZS,,,,,,,,,,,,,,,,,,,,,,,,,,,,,,,,,,,,,,,,-3.50244107459965,-2.1080822305903,-6.58269613427789,-14.318912267154,-3.64092188142038,-0.60582824076999,2.97736383247551,-5.19618239660657,-5.3173828125,-4.99103139013453,-4.92208483763051,-2.43545924907442,-3.15836829180888,-5.53785284480334,,,
Greenland,GRL,Cash surplus/deficit (% of GDP),GC.BAL.CASH.GD.ZS,,,,,,,,,,,,,,,,,,,,,,,,,,,,,,,,,,,,,,,,,,,,,,,,,,,,,,,,
Guatemala,GTM,Cash surplus/deficit (% of GDP),GC.BAL.CASH.GD.ZS,,,,,,,,,,,,,,,,,,,,,,,,,,,,,,,-1.91001924568915,0.0696794503646057,0.235304279432417,-0.6979411841798,-1.1747148533204,-0.468268536449625,-0.119293799100887,-0.682040357277387,-1.23920222433127,-1.63977358647326,-1.78064389684453,-1.93318254187692,-0.955147735098791,-2.59476729534705,-1.04622417155257,-1.7186580395892,-1.95678575751271,-1.43303438154002,-1.58320439375067,-3.14366042090725,-3.29844942243126,-2.74514011699304,-2.33110912756148,,,
Guam,GUM,Cash surplus/deficit (% of GDP),GC.BAL.CASH.GD.ZS,,,,,,,,,,,,,,,,,,,,,,,,,,,,,,,,,,,,,,,,,,,,,,,,,,,,,,,,
Guyana,GUY,Cash surplus/deficit (% of GDP),GC.BAL.CASH.GD.ZS,,,,,,,,,,,,,,,,,,,,,,,,,,,,,,,,,,,,,,,,,,,,,,,,,,,,,,,,
High income,HIC,Cash surplus/deficit (% of GDP),GC.BAL.CASH.GD.ZS,,,,,,,,,,,,,0.318487941235037,0.423875738647485,0.211947462636106,-1.98281450485679,-2.18652604725073,-1.64700608122024,-2.0810154351936,-1.73535072042196,-2.05344439715667,-1.84709588919813,-2.64227156001022,-3.61950015839286,-3.01615402147187,-2.74451880986764,-3.17012704420148,-2.34568917569027,-1.79914789660508,-1.51566229387968,-1.97817030498848,-3.8495999287074,-4.00961326686008,-4.02988828967398,-3.29750826817292,-4.11554366897413,-2.74177157115801,-1.46795994332137,-0.881281678676089,-0.232950022397947,0.90509699161454,-1.29702175901764,-2.93481612004729,-3.76469134145797,-3.42981949176516,-3.00856785143537,-1.90184976967837,-1.93048673064952,-3.56681921021205,-7.77849044626029,-6.50095989628788,-5.53167868353048,-5.07834382828253,-3.58845202737315,-3.47027727407314,
"Hong Kong SAR, China",HKG,Cash surplus/deficit (% of GDP),GC.BAL.CASH.GD.ZS,,,,,,,,,,,,,,,,,,,,,,,,,,,,,,,,,,,,,,,,,,,-6.96077588112917,-6.07105064706776,-1.72542813062617,0.657945008550943,3.17790156204373,5.94842573657161,0.0448611968348807,0.455145842838158,,,,,,
Honduras,HND,Cash surplus/deficit (% of GDP),GC.BAL.CASH.GD.ZS,,,,,,,,,,,,,-0.367372376548716,2.11506860904486,2.78395360077332,1.81494661921708,1.92507425538109,,,,,,,,,,,,,,,,,,,,,,,,,,,-2.96601681863185,-0.723520460659722,-0.764037934686423,0.872784712634763,-1.06125951246579,-0.213102391652367,-4.4582236763339,-2.86074189905308,-2.34696551659295,-3.10686231574228,-3.84748651349633,-0.328803453489218,
Heavily indebted poor countries (HIPC),HPC,Cash surplus/deficit (% of GDP),GC.BAL.CASH.GD.ZS,,,,,,,,,,,,,,,,,,,,,,,,,,,,,,,,,,,,,,,,,,,,,,,,,,,,,,,,
Croatia,HRV,Cash surplus/deficit (% of GDP),GC.BAL.CASH.GD.ZS,,,,,,,,,,,,,,,,,,,,,,,,,,,,,,,,,,,,-1.12813423535284,-0.548950182476391,-0.96541014860623,0.0580353628831766,-4.5281129091255,-5.24392058580775,-4.09377031852984,-3.07851211860088,-3.41023736750468,-3.30669050647182,-2.36466055494076,-1.51713274935908,-1.0859122933021,-0.82747313951004,-3.04206703892285,-4.39938760955544,-4.62858888878601,-3.38322214825611,,,
Haiti,HTI,Cash surplus/deficit (% of GDP),GC.BAL.CASH.GD.ZS,,,,,,,,,,,,,,,,,,,,,,,,,,,,,,,,,,,,,,,,,,,,,,,,,,,,,,,,
Hungary,HUN,Cash surplus/deficit (% of GDP),GC.BAL.CASH.GD.ZS,,,,,,,,,,,,,,,,,,,,,,,,,,,,,,,,-4.47646801782908,-7.89337120301504,-8.51303376896987,-7.79298507544165,-10.9905721152613,-7.04817793356402,-7.72335476197779,-9.28956156414024,-7.32018757301255,-4.89394091268927,-6.16258315656271,-9.82780913154971,-8.80402981604433,-7.81709716439504,-9.01169232428582,-10.2854073258066,-6.76269355219019,-5.55962939872103,-6.17277704465187,-3.71818106037348,-6.11360502478404,-2.825133211883,-4.96478547068261,-2.63642264030957,
IBRD only,IBD,Cash surplus/deficit (% of GDP),GC.BAL.CASH.GD.ZS,,,,,,,,,,,,,,,,,,,,,,,,,,,,,,,,,,,,,,,,,,,,,,,,,,,,,,,,
IDA & IBRD total,IBT,Cash surplus/deficit (% of GDP),GC.BAL.CASH.GD.ZS,,,,,,,,,,,,,,,,,,,,,,,,,,,,,,,,,,,,,,,,,,,,,,,,,,,,,,,,
IDA total,IDA,Cash surplus/deficit (% of GDP),GC.BAL.CASH.GD.ZS,,,,,,,,,,,,,,,,,,,,,,,,,,,,,,,,,,,,,,,,,,,,-2.42641262901368,-1.84263549863874,,,,,-3.10633345804966,-2.44017938750794,-2.93644943708438,,,,
IDA blend,IDB,Cash surplus/deficit (% of GDP),GC.BAL.CASH.GD.ZS,,,,,,,,,,,,,,,,,,,,,,,,,,,,,,,,,,,,,,,,,,,,-2.78774361006589,-2.28517812031692,-2.17399318551159,-1.45439295822392,-1.87529147860419,-2.95836559732056,-4.13013679560987,-2.71353357836333,-4.0035740538281,-4.40518126494658,,,
Indonesia,IDN,Cash surplus/deficit (% of GDP),GC.BAL.CASH.GD.ZS,,,,,,,,,,,,,,,,,,,,,,,,,,,,,,,0.401202085735446,0.438455058421164,-0.550647328392373,0.404820104361784,1.98917005446528,3.01508792244055,2.31594841940272,0.157528641363993,-1.74587903252152,-2.47339439341597,,,-0.294510518909138,-2.31553343961226,-1.10484365856682,,,,,,-0.682449551087054,-1.07061071989681,-1.76022225518813,,,
IDA only,IDX,Cash surplus/deficit (% of GDP),GC.BAL.CASH.GD.ZS,,,,,,,,,,,,,,,,,,,,,,,,,,,,,,,,,,,,,,,,,,,,,,,,,,,-2.16209187652352,,,,,
Isle of Man,IMN,Cash surplus/deficit (% of GDP),GC.BAL.CASH.GD.ZS,,,,,,,,,,,,,,,,,,,,,,,,,,,,,,,,,,,,,,,,,,,,,,,,,,,,,,,,
India,IND,Cash surplus/deficit (% of GDP),GC.BAL.CASH.GD.ZS,,,,,,,,,,,,,,,,,,,,,,,,,,,,,,,-3.32797467010855,-2.21064901009376,-2.26687934002218,-3.83708102489506,-2.36251193099512,-2.14310478401841,-1.98389775688133,-2.74218873837424,-3.24596456312124,-3.22450922148693,-3.74462769997191,-4.2731160428344,-4.5813106479592,-3.370927812976,-3.20003906959259,-3.17788465222679,-2.24290094931539,-0.470615169057777,-4.87021184766317,-5.41869943510534,-3.41365738993976,-3.04168737009338,-3.81993616044691,,,
Not classified,INX,Cash surplus/deficit (% of GDP),GC.BAL.CASH.GD.ZS,,,,,,,,,,,,,,,,,,,,,,,,,,,,,,,,,,,,,,,,,,,,,,,,,,,,,,,,
Ireland,IRL,Cash surplus/deficit (% of GDP),GC.BAL.CASH.GD.ZS,,,,,,,,,,,,,-1.18456361137167,-1.07941770077872,-3.22343380486691,-6.61683324931328,-4.34794399564227,-4.12048162926576,-5.81860831041674,-6.43903564195616,-6.73891630726325,-7.69230273265886,-8.50985838481137,-7.49629704166718,-6.26808050744257,-7.70754280234863,-7.71424508661521,-6.97137666617972,-3.74648111309331,-1.60191225177148,-2.37063596370712,-2.38276772218327,-2.59850385786054,-2.66897403371102,-2.31801953380134,-2.74648457754045,-0.858427262557893,0.70621134115192,1.56333998545381,1.84056058088234,4.34094644215429,0.759098653874066,-0.656471933562958,-0.201097798203489,0.643279646467112,0.402664714753613,1.94131844319238,-0.255914994850944,-7.37453652804998,-14.6444919834857,-32.3663216376535,-12.5648224957475,-7.94279780453028,-5.81574548578434,-3.50936947700507,
"Iran, Islamic Rep.",IRN,Cash surplus/deficit (% of GDP),GC.BAL.CASH.GD.ZS,,,,,,,,,,,,,,,,,,,,,,,,,,,,,,,-1.76746804773729,-2.17159147556913,-1.34982410698807,-0.51350599594242,-0.234735665702192,1.04068419006279,0.761018035157906,-0.428248868479522,-5.33958939682516,0.111798321514736,1.65580849915839,0.891498337593464,0.641232491099423,1.43763912245497,3.64925656224339,5.22921019541249,2.72625109791457,6.65531801740834,2.37620468155277,0.471358246834273,,,,,,
Iraq,IRQ,Cash surplus/deficit (% of GDP),GC.BAL.CASH.GD.ZS,,,,,,,,,,,,,,,,,,,,,,,,,,,,,,,,,,,,,,,,,,,,,,,,,,,,,,,,
Iceland,ISL,Cash surplus/deficit (% of GDP),GC.BAL.CASH.GD.ZS,,,,,,,,,,,,,3.21230527072372,3.70832507539864,0.582920125926466,0.39907894414537,2.53739642905482,1.78865121131999,1.61243232809418,1.44823978678677,2.32893258012878,2.86122978918904,2.82018664506612,-0.372284893002103,2.80631021287643,0.0595007847640987,-2.46006446261657,-0.920124534131032,-2.07125595221845,-2.16685251663976,-2.55014206750572,-3.65816631373208,-2.58181453179614,-3.0028694433463,-2.82941934133348,-2.3914873907709,-1.12997188610503,0.410268924875324,-0.259515970570761,1.2832446995539,1.24747199295352,-1.37033174609189,-2.53593094740803,-3.35873689863902,-0.534369519910638,3.37231984429055,4.59267412735364,3.3766574316575,-13.4354622023627,-9.90464510779694,-8.75370055341581,-5.05104565326699,-3.26199465040823,-1.2624840855911,1.21351366584434,
Israel,ISR,Cash surplus/deficit (% of GDP),GC.BAL.CASH.GD.ZS,,,,,,,,,,,,,-13.3400033350008,-15.4766817994222,-16.0872285280186,-12.7927950978009,-10.1133708876506,-11.8137595552467,-6.31711939355654,-6.96785794560575,-9.58678278321327,-14.7841959961983,-9.52531083034549,-16.5534895572963,-12.7645369079834,4.38126381558347,5.82403676622061,1.44117235724582,-0.493580860506165,-2.37647849938758,-4.22929017451012,-3.41255426983608,-3.58233690344862,-2.44511626613333,-2.60810011395565,-3.65305150480341,-3.65960163714516,-2.20268890126244,-2.49366192877718,-2.56376437768948,-3.89026626035612,-6.0486253342601,-7.2939394486407,-7.45957703245772,-5.63344162544938,-4.72864588868851,-2.30373819821285,-1.20480615995272,-3.24047972679675,-6.17321381930092,-4.4336631502241,-3.8431438144125,-5.17834134207886,-4.20982426207556,-3.44771035212577,
Italy,ITA,Cash surplus/deficit (% of GDP),GC.BAL.CASH.GD.ZS,,,,,,,,,,,,,,-2.75063934255175,-2.24709154642761,-6.34994248256279,-4.06622670962863,-3.16717630373286,-5.34488716860687,-6.83416495552226,-8.33962734575958,,,,,,-11.1590483257944,-12.4145960662353,-7.9690125108695,-7.81309037802182,,,,,,-8.66538761817828,-7.64222108115423,-4.09311780906744,-3.99790143241818,-2.43117725112832,-2.36059024148046,-4.37442677185483,-3.46784068457407,-4.23790853205946,-3.88866683963655,-4.63850569178846,-3.85980144298831,-2.69292536921648,-3.72606499593415,-6.28675477465457,-3.81660616042704,-3.31183068016079,-3.16915082843624,-2.90941999137069,-3.49179590319344,
Jamaica,JAM,Cash surplus/deficit (% of GDP),GC.BAL.CASH.GD.ZS,,,,,,,,,,,,,,,,1.06137521386614,-3.81619951847647,-5.58846446158022,,,,,,-12.7867069040395,-1.97467547095529,-5.09580856768085,,,,,,,,,,,,,,,-2.06213602095262,-3.31387786483935,-6.45002561148058,-2.38819541154685,-2.94600012783842,-0.869877463171664,-1.75146949266641,-3.98463704292528,-5.83392218158486,-9.37942076237613,-5.78225331363272,-5.9498468463089,-3.25518104312786,0.809293549765715,2.50043203967386,
Jordan,JOR,Cash surplus/deficit (% of GDP),GC.BAL.CASH.GD.ZS,,,,,,,,,,,,,,,,,,,,,,,,,,,,,,,-3.37342202697535,-2.16125760649087,4.59032003038795,1.23059888768278,0.578205958155418,0.931151111062656,-1.63063170774145,-3.1984227033342,-5.03474074526287,-1.29869376716145,-2.0307944345093,-3.13784963414493,-3.12623568937457,-0.322815221037933,-1.44084334344338,-5.12270441147401,-3.64034278798606,-4.68700195194755,-2.17399508760479,-8.92258985393616,-5.57136189721667,-6.75278551059315,-8.30394360245588,,,
Japan,JPN,Cash surplus/deficit (% of GDP),GC.BAL.CASH.GD.ZS,,,,,,,,,,,,,-0.217268476378975,0.97710010514446,-1.07579399200086,-3.64757144273166,-4.22559270313496,-4.85977016022723,-5.73904835860589,-5.6864523197266,-5.44987101254157,-5.05649332532361,-5.10750246089187,-5.34781291335527,-4.47253998460983,-3.72463546119652,-3.56956427158013,-2.18940525087695,-1.36687884824533,-1.8347333359904,-0.388524761279296,,,,,,,,,,,,,,,-3.87830594380268,-0.744285920104522,-2.41818707804978,-2.95144164324166,-7.33603501474194,-6.7419219772067,-8.20446300903752,-7.76741799463406,-7.19314808664958,,
Kazakhstan,KAZ,Cash surplus/deficit (% of GDP),GC.BAL.CASH.GD.ZS,,,,,,,,,,,,,,,,,,,,,,,,,,,,,,,,,,,,,,-1.8031956008534,-2.4856578356378,-2.81092131775928,0.0900456386503243,0.0646859451780695,0.348045573877745,-0.610995553250253,0.220952798303098,,,,,,,,,,,
Kenya,KEN,Cash surplus/deficit (% of GDP),GC.BAL.CASH.GD.ZS,,,,,,,,,,,,,,,,,,,,,,,,,,,,,,,,-2.75698973795037,-1.61151352561206,-0.192439529064335,-3.41388554772541,-5.06630037815738,-0.775002252913526,-0.577557434445479,,,1.97545434500004,2.00194340245888,1.99347854403679,-2.19686406039326,-1.46535313878912,1.49480886743965,-2.02985638915362,-2.53995779885783,-3.46042371762158,-4.39214980975092,-4.72844624039339,-3.64837517996129,-3.8445537944736,,,
Kyrgyz Republic,KGZ,Cash surplus/deficit (% of GDP),GC.BAL.CASH.GD.ZS,,,,,,,,,,,,,,,,,,,,,,,,,,,,,,,,,,,,-10.7531077540554,-5.46084711935827,-5.97835473852641,-3.64028389709023,-2.99298246240293,-2.86575814228368,-0.757410673318598,,,,,-0.696265381137626,-1.51597636889111,-0.0375707676766925,-1.31891499426755,-4.84649359053189,-4.84214608179123,-6.51770743382722,,,
Cambodia,KHM,Cash surplus/deficit (% of GDP),GC.BAL.CASH.GD.ZS,,,,,,,,,,,,,,,,,,,,,,,,,,,,,,,,,,,,,,,,,,,-3.38488828469819,-4.41959640060386,-2.15739201319174,0.0403526168983813,-1.7133066448261,-0.804519032716336,-0.308054362147983,-4.53768470625657,-3.52731085561876,-4.56400240900899,-1.15889945826755,-2.69432002922773,-1.37683459754207,
Kiribati,KIR,Cash surplus/deficit (% of GDP),GC.BAL.CASH.GD.ZS,,,,,,,,,,,,,,,,,,,,,,,,,,,,,,,,,,,,,,,,,,,,,,,,,,,,,,,,
St. Kitts and Nevis,KNA,Cash surplus/deficit (% of GDP),GC.BAL.CASH.GD.ZS,,,,,,,,,,,,,,,,,,,,,,,,,,,,,,,-1.12136426027574,-2.52700560776426,-1.64010323610448,-2.02187961524061,-1.33834762238475,,,,,,-11.172888535875,-8.81628102213788,-8.13458912884256,-5.27208561867045,-5.48367409711897,-3.31387985849051,-1.46151865063748,-1.07189172377783,0.534386538621602,-0.564261406635766,-3.95264316297031,2.46726837831333,11.248954234366,,,
"Korea, Rep.",KOR,Cash surplus/deficit (% of GDP),GC.BAL.CASH.GD.ZS,,,,,,,,,,,,,,,,,,,,,,,,,,,,,,,1.53071578453277,0.491977767036423,1.08955462790936,1.82444051020765,1.95959309274639,2.26405507168503,2.40453697727535,2.43349387828592,1.15100009116463,1.21454541366207,4.15447574681057,2.57658775921117,3.44613065430837,1.61494145998461,0.0928572219474356,0.856764854604379,1.0748253773648,2.16726143816035,1.52277806941507,0.0176652446045777,1.53322282005646,1.69081025391673,,,,
Kosovo,KSV,Cash surplus/deficit (% of GDP),GC.BAL.CASH.GD.ZS,,,,,,,,,,,,,,,,,,,,,,,,,,,,,,,,,,,,,,,,,,,,,,,,,,,,,,,,
Kuwait,KWT,Cash surplus/deficit (% of GDP),GC.BAL.CASH.GD.ZS,,,,,,,,,,,,,,,,,,,,,,,,,,,,,,,3.71193849864335,-203.719093990641,-90.9293728494058,-28.933791711719,-21.4769656426951,-13.5814641360611,-9.25837558735405,4.82267962852333,-5.57726593090683,,,,,,,,,,,,,,,,,
Latin America & Caribbean (excluding high income),LAC,Cash surplus/deficit (% of GDP),GC.BAL.CASH.GD.ZS,,,,,,,,,,,,,,,,,,,,,,,,,,,,,,,-2.56063225219135,1.1422367189739,-1.09167270643243,-3.76761017354364,-1.62077012094486,,,-0.0778751107161495,-2.72926932851699,-2.31939194990217,-1.47600570679625,,,-4.04580878725068,,,,,,,,,,,,
Lao PDR,LAO,Cash surplus/deficit (% of GDP),GC.BAL.CASH.GD.ZS,,,,,,,,,,,,,,,,,,,,,,,,,,,,,,,,,,,,,,,,,,,,,,,-3.20964097653168,-2.69229203020663,-2.17032400044927,-1.65589386081638,-0.840150065714845,-0.94918308301597,-0.806708672230593,,,
Lebanon,LBN,Cash surplus/deficit (% of GDP),GC.BAL.CASH.GD.ZS,,,,,,,,,,,,,,,,,,,,,,,,,,,,,,,,,,,,,,,-15.0524955267735,-15.3673112855127,-18.4023828749577,-15.0460405098809,-12.7126626775284,-13.251126325232,-8.65685356186135,-8.04679090087564,-11.2611788552681,-11.3621188439406,-10.153957475539,-8.18447320585581,-7.58851657940663,-6.41952034955891,-8.78047338006717,-10.6238783175507,-6.30316065192561,
Liberia,LBR,Cash surplus/deficit (% of GDP),GC.BAL.CASH.GD.ZS,,,,,,,,,,,,,,,,,,,,,,,,,,,,,,,,,,,,,,,,,,,,,,,,,,,,,,,,
Libya,LBY,Cash surplus/deficit (% of GDP),GC.BAL.CASH.GD.ZS,,,,,,,,,,,,,,,,,,,,,,,,,,,,,,,,,,,,,,,,,,,,,,,,,,,,,,,,
St. Lucia,LCA,Cash surplus/deficit (% of GDP),GC.BAL.CASH.GD.ZS,,,,,,,,,,,,,,,,,,,,,,,,,,,,,,,,,,,,,,,,,-1.04817949955358,-3.13305145394458,-2.22406235581386,-5.93438687488016,-4.17455711650899,-5.21118711297708,-2.90173429765801,0.441916095158677,0.0403084251864156,-2.03160636493848,-0.604687770803416,-4.64245848983208,-6.46599301508915,,,
Latin America & Caribbean,LCN,Cash surplus/deficit (% of GDP),GC.BAL.CASH.GD.ZS,,,,,,,,,,,,,,,,,,,,,,,,,,,,,,,-2.39442898255276,1.14499787602505,-0.924187489522474,-3.46017020744665,-1.47284516426737,,,0.0100211869526039,-2.5706581338442,-2.28339492903564,-1.49054446106501,,,,,,,,,,,,,,,
Least developed countries: UN classification,LDC,Cash surplus/deficit (% of GDP),GC.BAL.CASH.GD.ZS,,,,,,,,,,,,,,,,,,,,,,,,,,,,,,,,,,,,,,,,,,,,,,,,,,,-1.01414161777219,,,,,
Low income,LIC,Cash surplus/deficit (% of GDP),GC.BAL.CASH.GD.ZS,,,,,,,,,,,,,,,,,,,,,,,,,,,,,,,,,,,,,,,,,,,,,,,,,,,-1.73442939259794,,,,,
Liechtenstein,LIE,Cash surplus/deficit (% of GDP),GC.BAL.CASH.GD.ZS,,,,,,,,,,,,,,,,,,,,,,,,,,,,,,,,,,,,,,,,,,,,,,,,,,,,,,,,
Sri Lanka,LKA,Cash surplus/deficit (% of GDP),GC.BAL.CASH.GD.ZS,,,,,,,,,,,,,,,,,,,,,,,,,,,,,,,-5.17085995574671,-6.64168983066779,-4.82643322211328,-5.64651246584529,-6.76603048953174,-7.59675559452739,-7.64654755151219,-6.33143578591711,-7.06256611041821,-5.88396773942209,-8.398376000687,-9.34120980703397,-7.61875863289683,-6.86212323069596,-7.33346055486764,-6.97640475182874,-6.88305633821988,-6.5208255092369,-6.5685306716739,-8.92080376514929,-6.31077259434492,-5.80683339555249,-5.30867174090915,,,
Lower middle income,LMC,Cash surplus/deficit (% of GDP),GC.BAL.CASH.GD.ZS,,,,,,,,,,,,,,,,,,,,,,,,,,,,,,,-2.44851833795647,-1.57333086987728,-2.00673510630852,-2.25196058644933,-1.32381858570592,-1.01375476374891,-1.32448436301173,-2.22638106956227,-2.90246025666786,-3.03702482980559,,,-3.16517427492997,-2.9949717076508,-2.69263371713522,-2.8938735256458,-2.13271849843035,-1.10276939636813,-3.54830140484746,-4.59149594417687,-3.07989698800473,-3.02106608508487,-3.69770991732211,,,
Low & middle income,LMY,Cash surplus/deficit (% of GDP),GC.BAL.CASH.GD.ZS,,,,,,,,,,,,,,,,,,,,,,,,,,,,,,,,,,,,,,,,,,,,,,,,,,,,,,,,
Lesotho,LSO,Cash surplus/deficit (% of GDP),GC.BAL.CASH.GD.ZS,,,,,,,,,,,,,,,,,,,,,,,,,,,,,,,-0.556919801277502,-0.0477691850089233,4.578199513382,,8.43342036553525,5.53915275994865,5.5957810718358,,,,,-2.75097947941964,-4.07359301130916,0.76323516174692,8.26256598691828,4.24141949359811,13.9410781606486,7.94927278981539,5.63084300670643,,,,,,,
Late-demographic dividend,LTE,Cash surplus/deficit (% of GDP),GC.BAL.CASH.GD.ZS,,,,,,,,,,,,,,,,,,,,,,,,,,,,,,,,,,,,,,,,,,,,,,,,,,,,,,,,
Lithuania,LTU,Cash surplus/deficit (% of GDP),GC.BAL.CASH.GD.ZS,,,,,,,,,,,,,,,,,,,,,,,,,,,,,,,,,,,,-2.36085476184645,-2.82004014803835,-5.48950470543341,-3.51570749845934,-2.53584525297701,-2.56263109776244,-2.91800754122562,-2.63036569541385,-2.73857421381244,-2.59102512124842,-2.42908845806779,-2.5668328892025,-3.18567775478108,-3.7347249347451,-4.99874467501287,-2.80266675593587,-3.20717301672805,-1.29327876655266,-1.20688294933553,0.0269877017507434,
Luxembourg,LUX,Cash surplus/deficit (% of GDP),GC.BAL.CASH.GD.ZS,,,,,,,,,,,,,3.83810165301266,4.79789988224799,5.83677315445113,3.64766943241931,3.43002824036875,3.99842565488045,5.65923603579447,3.04215497043134,4.16831474863177,3.18369430287449,2.03768688773615,3.35141035238041,4.06373345491106,6.35446192968711,5.7392398528289,4.45455376305241,3.88720806476462,6.25223212983333,2.61726966659542,2.57686131320432,1.4422731750444,1.79148741714274,2.06215814126927,1.33033293161416,2.51179310424111,3.98742278821352,,1.75609135591695,4.05499860201596,4.58584276358604,0.88051443156777,-0.759394520742737,-2.12888954654037,-0.723440652999481,0.197954560751353,2.41836435857135,1.71218688287425,-1.60332487586756,-0.780161359628596,0.258870310469021,-0.200285328406917,1.07158977020633,1.84920693676466,
Latvia,LVA,Cash surplus/deficit (% of GDP),GC.BAL.CASH.GD.ZS,,,,,,,,,,,,,,,,,,,,,,,,,,,,,,,,,,,,-2.45150487678268,-0.977795576169614,1.58550980704687,0.211312610857034,-2.95962885036301,-2.20816380309425,-1.12379850169774,-1.77928746072614,-1.2034209221468,-0.903625842889036,-0.850678954787946,-0.436702261966712,0.753629690687638,-2.50464945654246,-6.38067816222834,-6.92370409932601,-2.85708997288714,0.528054966549411,,,
"Macao SAR, China",MAC,Cash surplus/deficit (% of GDP),GC.BAL.CASH.GD.ZS,,,,,,,,,,,,,,,,,,,,,,,,,,,,,,,,,,,,,1.43093084247097,2.72137707319421,0.000182332226090502,-0.601125562345499,1.64411589063357,3.28625737332367,2.68021997559442,4.82944095897479,7.84024478941275,8.36150610338331,9.79651506701144,16.4656184109987,17.5707760348617,13.435312325153,19.4868802248868,24.762199566593,24.0709451482862,,,
St. Martin (French part),MAF,Cash surplus/deficit (% of GDP),GC.BAL.CASH.GD.ZS,,,,,,,,,,,,,,,,,,,,,,,,,,,,,,,,,,,,,,,,,,,,,,,,,,,,,,,,
Morocco,MAR,Cash surplus/deficit (% of GDP),GC.BAL.CASH.GD.ZS,,,,,,,,,,,,,1.17369886485329,2.9840848806366,2.52236135957066,3.76259921452308,1.41892529983946,4.09959606921083,3.07865250027197,3.38474928678497,0.326172822012721,-1.22057574729728,1.03321129615822,0.0328807863032323,0.173795510045366,-1.22765037469222,-0.792927743700289,1.2625029418943,3.18030725842663,2.16600650074693,-1.89223466664121,-1.76558906837596,-1.07739044983979,-2.09909992548226,-2.63378860710218,-3.83056876040354,,-0.57941631676363,-2.37844026749932,-2.27033844264768,,,-2.63041312039631,-2.07868485603203,-2.01452606640148,-2.34539610761244,0.567948505413112,2.39960233100604,1.93842035846136,1.02503887774124,-2.28091328021919,-4.06458152309807,,,,
Monaco,MCO,Cash surplus/deficit (% of GDP),GC.BAL.CASH.GD.ZS,,,,,,,,,,,,,,,,,,,,,,,,,,,,,,,,,,,,,,,,,,,,,,,,,,,,,,,,
Moldova,MDA,Cash surplus/deficit (% of GDP),GC.BAL.CASH.GD.ZS,,,,,,,,,,,,,,,,,,,,,,,,,,,,,,,,,,,,,,-6.27906696900241,-3.70282027691644,-2.9208925871171,-1.49131268226288,0.959513767972774,,1.98523345483701,0.26879557759159,1.80362892476865,0.195511646941627,-0.336892092957288,-0.405902302621463,-5.91893374201468,-2.56101809942854,-1.79529239215826,-2.04584151655772,,,
Madagascar,MDG,Cash surplus/deficit (% of GDP),GC.BAL.CASH.GD.ZS,,,,,,,,,,,,,,,,,,,,,,,,,,,,,,,,,,,,,,,,,-2.04366393428692,-3.85181401705186,-4.44879391968204,-3.68780574918363,-4.50455634593249,-4.64739153636332,-0.394357501356756,-2.66445589836096,-1.92773442826074,-2.5409173554384,-0.861107044829838,-1.67751789327354,,,,
Maldives,MDV,Cash surplus/deficit (% of GDP),GC.BAL.CASH.GD.ZS,,,,,,,,,,,,,,,,,,,,,,,,,,,,,,,-7.50693734482255,-8.7516960651289,-11.0033544787273,-11.294477311971,-5.16886076563144,-6.5820574519282,-2.354272778721,-1.87569216300708,-2.88975758850815,-3.88732978351106,-4.99697337459629,-3.59863768419655,-3.60749460348913,-3.47420776607033,-2.30299270197599,-8.11035768233172,-4.83149729372579,-3.37467988865829,-10.6461303197686,-19.3638244723948,-14.9612254458857,-7.71372497089027,,,,
Middle East & North Africa,MEA,Cash surplus/deficit (% of GDP),GC.BAL.CASH.GD.ZS,,,,,,,,,,,,,,,,,,,,,,,,,,,,,,,,,,,,,,,,,,,,,,,,,,,,,,,,
Mexico,MEX,Cash surplus/deficit (% of GDP),GC.BAL.CASH.GD.ZS,,,,,,,,,,,,,,,,,,,,,,,,,,,,,,,-2.54514321577446,-0.000316073066416905,0.978109360672132,0.187307350791321,-0.00168562666563619,-0.513878142188011,-0.110727265970875,-1.26253788510437,-1.36838195620098,-1.4023443002375,-0.995374334090873,,,,,,,,,,,,,,,
Marshall Islands,MHL,Cash surplus/deficit (% of GDP),GC.BAL.CASH.GD.ZS,,,,,,,,,,,,,,,,,,,,,,,,,,,,,,,,,,,,,,,,,,,,,,,,,,,,,,,,
Middle income,MIC,Cash surplus/deficit (% of GDP),GC.BAL.CASH.GD.ZS,,,,,,,,,,,,,,,,,,,,,,,,,,,,,,,,,,,,,,,,,,,,,,,,,,,,,,,,
"Macedonia, FYR",MKD,Cash surplus/deficit (% of GDP),GC.BAL.CASH.GD.ZS,,,,,,,,,,,,,,,,,,,,,,,,,,,,,,,,,,,,,,,,,,,,,,2.32238473765347,-0.144141696431132,0.252332751167237,-0.964593024657138,-2.68485512105002,-2.53100874464893,-2.64161349114364,-3.93269381169609,,,
Mali,MLI,Cash surplus/deficit (% of GDP),GC.BAL.CASH.GD.ZS,,,,,,,,,,,,,,,,,,,,,,,,,,,,,,,,,,,,,,,,,-2.76149353818556,-3.22345452786184,-3.59221490175556,-1.32986527823605,-2.68104246104005,-2.1185954910973,27.2599347515977,-4.14707017575227,-1.56252044548571,-1.81645163665387,-2.20357996187893,-2.86497443063105,0.000456523244904256,-1.17899847553708,,
Malta,MLT,Cash surplus/deficit (% of GDP),GC.BAL.CASH.GD.ZS,,,,,,,,,,,,,2.54871284652066,13.0627111933365,9.01550913455113,14.9924538143327,14.2440311078395,8.85377374589058,12.3778639993775,,8.25745682461292,9.23749496628308,7.76760848282235,9.54933182800388,8.41386929340542,8.49318993929087,5.53408842206015,3.02285463925311,7.37391283265127,4.88531309668176,-11.2164499672177,-10.7954618518955,-5.91909249667583,-7.25331305227144,-9.07741899632326,-17.3067552489507,-23.8834917390355,-21.8821258623047,-27.8523744877771,-19.4387713758755,-17.0816182103365,-19.0318422207048,-18.4051903210365,-26.7779153074793,-16.8925046332856,-11.0778298719518,-10.8589730358159,-9.91278563129451,-6.55054460769204,-5.52605800730666,-3.40451528854277,-2.38432299329722,-3.70036874631141,-2.6743466094787,,
Myanmar,MMR,Cash surplus/deficit (% of GDP),GC.BAL.CASH.GD.ZS,,,,,,,,,,,,,,,,,,,,,,,,,,,,,,,,,,,,,,,,,,,,-2.67168924824042,-1.97408747221176,,,,,,,,,,,
Middle East & North Africa (excluding high income),MNA,Cash surplus/deficit (% of GDP),GC.BAL.CASH.GD.ZS,,,,,,,,,,,,,,,,,,,,,,,,,,,,,,,,,,,-0.429404694258621,0.504972960123564,,-0.398650332785627,,,,,-1.74437551061724,-0.537377846368528,0.422517989862604,2.03484147544357,1.08986966382271,2.16039619976746,1.04478320549933,-2.2590570313588,,,,,,
Montenegro,MNE,Cash surplus/deficit (% of GDP),GC.BAL.CASH.GD.ZS,,,,,,,,,,,,,,,,,,,,,,,,,,,,,,,,,,,,,,,,,,,,,,,,,,,,,,,,
Mongolia,MNG,Cash surplus/deficit (% of GDP),GC.BAL.CASH.GD.ZS,,,,,,,,,,,,,,,,,,,,,,,,,,,,,,,,,-0.518436885922866,2.7082178056561,0.377123218473874,2.44252969921243,0.744041372446667,-0.0304418502430137,-0.970425879451468,-2.71560675742568,0.18348742826911,0.994268059723223,-1.2508856281796,-0.380613903960379,,,2.75608019624397,7.13598763241543,-3.28337778707655,-4.09219219473319,2.63018628848857,-2.64687753081994,-7.08958781749405,,,
Northern Mariana Islands,MNP,Cash surplus/deficit (% of GDP),GC.BAL.CASH.GD.ZS,,,,,,,,,,,,,,,,,,,,,,,,,,,,,,,,,,,,,,,,,,,,,,,,,,,,,,,,
Mozambique,MOZ,Cash surplus/deficit (% of GDP),GC.BAL.CASH.GD.ZS,,,,,,,,,,,,,,,,,,,,,,,,,,,,,,,,,,,,,,,,,,,,,,,,,,,-3.52410728743602,-3.53752377261379,-2.64426928466174,,,
Mauritania,MRT,Cash surplus/deficit (% of GDP),GC.BAL.CASH.GD.ZS,,,,,,,,,,,,,,,,,,,,,,,,,,,,,,,,,,,,,,,,,,,,,,,,,,,,,,,,
Mauritius,MUS,Cash surplus/deficit (% of GDP),GC.BAL.CASH.GD.ZS,,,,,,,,,,,,,,,,,0.287906110091655,-2.3184480429572,-4.94407419847598,-6.2407971703381,-3.46022449047965,-5.32097034405219,-6.40125241348534,-2.43980097341115,-1.26418756687824,-0.280444151147269,1.68985498516774,3.46574704350193,3.54609664384033,3.68769912232252,0.30755569979716,0.520608423077534,-0.227979634890097,0.509446358033484,-0.102025394048432,-1.2017651656111,-3.26401300998684,-2.17840366778047,-0.902625371657871,-2.0929596592872,-1.06741822667756,-3.79889909267716,-3.57622074338961,-3.0550198809235,-2.96667857880754,-2.04150770883501,-2.73359757125991,-2.03628720891155,0.619723180565479,0.575129149932354,-2.08027542868603,-1.12931138568036,-0.578527775031837,-2.92721135603631,-0.537479060350207,
Malawi,MWI,Cash surplus/deficit (% of GDP),GC.BAL.CASH.GD.ZS,,,,,,,,,,,,,,,,,,,,,,,,,,,,,,,,,,,,,,,,,,,,,,,,,,,,,,,,
Malaysia,MYS,Cash surplus/deficit (% of GDP),GC.BAL.CASH.GD.ZS,,,,,,,,,,,,,,,,,,,,,,,,,,,,,,,,,,,,,1.45390196704384,2.91985308468922,-0.821906201013967,-3.82998743209006,-4.12417473576112,-3.50568326531075,-4.90146446353454,-4.85231714859505,-4.12404624838361,-3.7608218139807,-2.95949680500953,-3.17455420212673,-4.40884346200133,-6.13335622533899,-5.00056327578567,-4.61686041856552,-4.38641751720204,,,
North America,NAC,Cash surplus/deficit (% of GDP),GC.BAL.CASH.GD.ZS,,,,,,,,,,,,,-1.07372690843846,-0.780512254042388,0.0832889448452859,-2.15699590804317,-3.12155974663225,-1.76370394127187,-1.40628056612765,-0.322930783015968,-1.43685338540893,-1.05389173816147,-2.73573232334556,-4.81949965050794,-3.67684454127052,-3.92731646334926,-4.24844041214295,-2.62719299776581,-2.64001131623802,-2.30588686943601,-3.65643860967702,-4.40452252988908,-4.44592057096056,-3.82904628146955,-2.94145039855911,-2.14721041453294,-1.46957715228051,-0.177876318050204,0.780927508578089,1.25126297947923,2.22513654092926,-1.19446591747606,-3.74514441936978,-4.8962679572748,-4.61425364499137,-3.94460233636623,-3.04501277726106,-3.35302268876214,-6.1120949428649,-10.8389222652187,-9.32764992196391,-8.28812510900277,-6.7359755992182,-3.79696360768957,-4.83375909127078,
Namibia,NAM,Cash surplus/deficit (% of GDP),GC.BAL.CASH.GD.ZS,,,,,,,,,,,,,,,,,,,,,,,,,,,,,,,,-2.12042557999199,-4.11505134479817,,,,,,,-2.47729480024993,-1.62973874617529,-4.18511951197149,-2.38858995543614,-6.66758220997662,-2.58141804283573,-0.0486194425796392,5.17200710742578,1.97596265956612,5.56772324358213,1.3678927170711,-7.25623400041031,-11.8781219121904,,,,
New Caledonia,NCL,Cash surplus/deficit (% of GDP),GC.BAL.CASH.GD.ZS,,,,,,,,,,,,,,,,,,,,,,,,,,,,,,,,,,,,,,,,,,,,,,,,,,,,,,,,
Niger,NER,Cash surplus/deficit (% of GDP),GC.BAL.CASH.GD.ZS,,,,,,,,,,,,,,,,,,,,,,,,,,,,,,,,,,,,,,,,,,,,,,,,,,,,,,,,
Nigeria,NGA,Cash surplus/deficit (% of GDP),GC.BAL.CASH.GD.ZS,,,,,,,,,,,,,,,,,,,,,,,,,,,,,,,,,,,,,,,,,,,,-2.19041221344568,-1.47940624024551,-1.0960057628811,-0.539289959871311,-0.559670018938861,-0.192173243546588,-3.20969326732719,-1.99299251572449,-1.81861388398239,-1.34367075975456,,,
Nicaragua,NIC,Cash surplus/deficit (% of GDP),GC.BAL.CASH.GD.ZS,,,,,,,,,,,,,,,,,,,,,,,,,,,,,,,-34.2362794122159,6.06741728641267,-2.2810129406515,0.0818642727568724,-1.60993942976057,0.490766824076734,-0.500812467791326,-0.38325008216213,-0.615503972811992,-1.67685545426641,-2.7990801969495,-4.93548944987567,-1.89915942749467,-2.19383774068272,-1.71110422095962,-1.41240794442145,0.0516631008834541,0.320292008162647,-0.874224595501926,-1.67427370176256,-0.723866341849397,0.459661651681187,0.513726431977136,,,
Netherlands,NLD,Cash surplus/deficit (% of GDP),GC.BAL.CASH.GD.ZS,,,,,,,,,,,,,,3.56571809189469,2.43150763067212,0.159812688999437,0.414094108414417,0.321683865503108,-0.76896617422219,-1.83799022922097,-1.90838267130358,-2.98765483537112,-4.63405515102582,-4.37610658163992,-4.50791336812332,-3.02538016629484,-3.29732666676555,-4.60571963308911,-3.36750342164244,-4.1731027608062,-4.09430687645011,-2.07613433458426,-3.01993653189549,-2.7843623531467,-3.81370725097992,-10.2252713700394,-3.47309387735949,-3.56065440855324,-2.37391310583974,-1.20360237008182,0.480291760273713,-1.59409765217245,-3.01718306899278,-4.12674092024213,-2.92667666426817,-1.46130293305279,-0.954572808574408,-0.829800365249152,-0.498777327223259,-6.07102368753441,-3.9497270043958,-3.64239286142016,-3.44718552182081,-2.04146225668618,-1.98862350438312,
Norway,NOR,Cash surplus/deficit (% of GDP),GC.BAL.CASH.GD.ZS,,,,,,,,,,,,,4.30824924362988,4.80419924881473,4.32906190359026,3.4303370982665,2.46941907719293,1.65815864740596,0.543692186577445,0.990831279941427,4.29717323480343,6.02444296504508,4.99202374327583,6.2718916863298,6.44479807931512,8.40804264565204,8.30003797818574,5.59779484150423,4.67064407514712,3.33570879225553,1.83260876216894,0.370971788170164,-2.38693487510039,-2.33411269581482,-0.848599543267543,2.23657594909897,5.37482802465636,6.73358310173097,3.74091291962118,5.70600801042268,14.585519081416,12.9990380917624,8.12501886076039,7.39861934326287,10.6949513073372,14.0709985799485,17.2599615765183,16.6807313937292,18.9038451597848,10.4449194683454,12.0439104602197,14.2451234306349,14.4290720920758,11.484975907922,10.7820794748683,
Nepal,NPL,Cash surplus/deficit (% of GDP),GC.BAL.CASH.GD.ZS,,,,,,,,,,,,,,,,,,,,,,,,,,,,,,,,,,,,,,,,,,,,,-1.35663038030811,-0.977414779475138,,,,,-1.3733796175973,-1.00051033173026,-0.625536421395573,1.53917980473283,,
Nauru,NRU,Cash surplus/deficit (% of GDP),GC.BAL.CASH.GD.ZS,,,,,,,,,,,,,,,,,,,,,,,,,,,,,,,,,,,,,,,,,,,,,,,,,,,,,,,,
New Zealand,NZL,Cash surplus/deficit (% of GDP),GC.BAL.CASH.GD.ZS,,,,,,,,,,,,,1.28302845528455,2.47799152266058,3.20506479374815,-0.720056199508254,2.1268977370381,1.5343306482547,-2.30695470697727,-0.874607393090118,-2.27508614605389,-2.98690671031097,-3.49629272409428,-4.92321834108359,-4.41317250622248,-1.13367875647668,-1.78244814853159,-0.331141056891873,-0.714326451465724,,,,,,,,,,,,,1.64685499409534,0.516904599724815,1.6116849372327,2.33301457695767,3.11170160062847,3.54891380694792,1.93316346042688,1.68762136528563,-0.210217677184186,-2.03480261261855,-7.69686505483023,-0.438363274583544,-0.547456242205307,0.0373755123186558,
OECD members,OED,Cash surplus/deficit (% of GDP),GC.BAL.CASH.GD.ZS,,,,,,,,,,,,,0.34142211345766,0.434648976296479,0.245985936598893,-1.89994433029704,-2.08788599733703,-1.5884806396478,-2.00301038540711,-1.71956816992998,-2.02179010745168,-1.76505819728205,-2.64496363156709,-3.55566755758366,-3.06205805999222,-2.75312338237665,-3.115547278625,-2.31430920817312,-1.78524607100144,-1.51365654764134,-2.10114557148069,-3.13258619800782,-3.65825553192406,-4.00917539391276,-3.29185554816883,-4.26406599993873,-2.86939451339538,-1.74279066893533,-1.02649105397597,-0.304396310479568,0.826047539935095,-1.32521494969306,-2.9564573720515,-3.80223434955074,-3.56741352043601,-3.13520724546772,-2.0135581972514,-2.09785751372767,-3.68881903038947,-7.95503708754467,-6.58120311572446,-5.60612499705062,-5.1404214871879,-3.55133860047733,-3.40096302681437,
Oman,OMN,Cash surplus/deficit (% of GDP),GC.BAL.CASH.GD.ZS,,,,,,,,,,,,,,,,,,,,,,,,,,,,,,,-0.318279952814441,-6.6662080352229,-11.7233024916978,-10.2943625614123,-9.98731705353008,-8.85794501705263,-4.52479444359328,0.658526972657854,-7.10325627152719,-7.48275985373522,-5.2769111804389,-4.55657615017448,0.393807537863626,1.24786612488279,2.31893799361452,2.22240816668061,-0.0782696809811664,0.150786686277176,0.190023955829038,-3.59521211697742,-0.424435416629708,-0.797412143021208,-0.429934624045678,,,
Other small states,OSS,Cash surplus/deficit (% of GDP),GC.BAL.CASH.GD.ZS,,,,,,,,,,,,,,,,,,,,,,,,,,,,,,,,,,,,,,,,,,,,,7.04324922175637,4.29094378672889,4.68130469662395,6.45272502094219,4.62656055765921,4.66131730292997,-0.920139600916583,,,,,
Pakistan,PAK,Cash surplus/deficit (% of GDP),GC.BAL.CASH.GD.ZS,,,,,,,,,,,,,,,,,,,,,,,,,,,,,,,-2.46453321012856,-5.52775384470122,-5.83079710986688,-6.57871738378639,-5.38003874181349,-5.28328622525486,-6.59875396960531,-6.73327809606014,-5.63881245387757,-5.53961895317112,-4.08642091146859,-3.74814157101651,-2.85652107709245,-2.88341159985298,-1.95162554205419,-3.20278433953631,-3.92427849506339,-3.91741756789605,-7.16053135938616,-4.58779122900228,-4.98925270444682,-6.39570397736102,-8.00655974858454,-5.23482376063698,,
Panama,PAN,Cash surplus/deficit (% of GDP),GC.BAL.CASH.GD.ZS,,,,,,,,,,,,,,,,,,,,,,,,,,,,,,,1.88954152630125,5.24254828260876,0.86888223008138,2.73463219073325,0.821856237170174,1.43708569628707,-1.11849657687871,-0.70243763185047,-1.7562940616104,0.168176430727803,-0.794052270534763,0.859224270060507,,,,,,,,,,,,,,
Peru,PER,Cash surplus/deficit (% of GDP),GC.BAL.CASH.GD.ZS,,,,,,,,,,,,,,,,,,,,,,,,,,,,,,,-8.29502931088235,-2.07112676642919,-3.53278529802646,-2.96767371564198,-1.95070138410849,-1.35412079485838,2.76276009935281,0.500509646027571,-0.389538130791558,-2.44976311189589,-2.14823550123607,-2.14341938573004,-1.45692964390871,-1.74141123100016,-1.25318003071969,-0.873279333073185,1.91920430051195,1.79163727587188,2.11605361604136,-1.14089918570949,0.500513281061903,1.31506472323046,2.03165396552886,,,
Philippines,PHL,Cash surplus/deficit (% of GDP),GC.BAL.CASH.GD.ZS,,,,,,,,,,,,,,,,,,,,,,,,,,,,,,,-2.81108057001384,-1.49702206150427,-1.69544947723333,-0.813112895120034,,,,,,,-3.65966104760051,,,-4.50671541900378,-3.84127509965665,-2.83862454460196,-1.25217712786307,-1.41486932804874,-1.20228161447908,-3.76528292927971,-3.46108394669738,-1.76401057923673,-1.94976105210362,,,
Palau,PLW,Cash surplus/deficit (% of GDP),GC.BAL.CASH.GD.ZS,,,,,,,,,,,,,,,,,,,,,,,,,,,,,,,,,,,,,,,,,,,,,,,,,,,,,,,,
Papua New Guinea,PNG,Cash surplus/deficit (% of GDP),GC.BAL.CASH.GD.ZS,,,,,,,,,,,,,,,,,,,,,,,,,,,,,,,-2.17313568688642,-1.67461726203683,-5.4712289841345,-5.71305294734031,-2.48731533551525,-0.467770836360114,0.571754455678691,0.286753488897678,-1.74342611102568,-2.73814594141501,-1.88282421578093,-1.27463616863692,-2.26339496375102,,,,,,,,,,,,,
Poland,POL,Cash surplus/deficit (% of GDP),GC.BAL.CASH.GD.ZS,,,,,,,,,,,,,,,,,,,,,,,,,,,,,,,,,,,-1.97819210199552,-1.88598670257994,-2.02714859492809,-2.49916495479948,-1.72737403844005,-2.34683579157998,-3.01459643817132,-4.15269718542261,-5.653964795705,-6.57513033749837,-6.57571502826467,-5.07391979076452,-4.39528764927822,-2.81207947939496,-4.62538032289431,-6.95796157755994,-6.56976180919823,-4.0804771227603,-3.48405639806703,-3.80374572627255,-1.61752986657329,
Pre-demographic dividend,PRE,Cash surplus/deficit (% of GDP),GC.BAL.CASH.GD.ZS,,,,,,,,,,,,,,,,,,,,,,,,,,,,,,,,,,,,,,,,,,,,,,,,,,,-0.871983968159595,,,,,
Puerto Rico,PRI,Cash surplus/deficit (% of GDP),GC.BAL.CASH.GD.ZS,,,,,,,,,,,,,,,,,,,,,,,,,,,,,,,,,,,,,,,,,,,,,,,,,,,,,,,,
"Korea, Dem. Peoples Rep.",PRK,Cash surplus/deficit (% of GDP),GC.BAL.CASH.GD.ZS,,,,,,,,,,,,,,,,,,,,,,,,,,,,,,,,,,,,,,,,,,,,,,,,,,,,,,,,
Portugal,PRT,Cash surplus/deficit (% of GDP),GC.BAL.CASH.GD.ZS,,,,,,,,,,,,,,,,-4.3671503376222,-5.20514205157151,,-5.09551615802434,-4.82167183139455,-4.4991612515364,-5.55292989191678,-4.7520682506301,-4.18809503187873,-3.82982855147427,-8.57877244477032,-6.04019784218123,-4.38283733985374,-3.1857188940029,-1.24292629435317,-4.09524609013186,,,,,-6.57681507933976,-5.79728685255662,-4.64145555168772,-6.08752382094022,-4.5941478175361,-4.19415027777128,-5.76581975485057,-4.26572933224935,-5.38239784531669,-7.44852250054377,-7.37023090563576,-5.71380051629271,-4.2489068823982,-5.35409002146567,-11.3841948303941,-11.0374894406048,-7.97119814633625,-6.90712665305364,-5.59842407787282,-8.69720973001938,
Paraguay,PRY,Cash surplus/deficit (% of GDP),GC.BAL.CASH.GD.ZS,,,,,,,,,,,,,,,,,,,,,,,,,,,,,,,,,,,,,,,,,,,,,,0.922866058018588,1.07889616105311,1.55630728970228,2.93225242984517,0.737915140425271,1.92348391479767,1.61631824120601,-0.979808050502673,,,
Pacific island small states,PSS,Cash surplus/deficit (% of GDP),GC.BAL.CASH.GD.ZS,,,,,,,,,,,,,,,,,,,,,,,,,,,,,,,,,,,,,,,,,,,,,,,,,,,,,,,,
Post-demographic dividend,PST,Cash surplus/deficit (% of GDP),GC.BAL.CASH.GD.ZS,,,,,,,,,,,,,0.439083006858134,0.527917586358881,0.314922543501677,-1.92958086173809,-2.1587747072919,-1.59681551916615,-2.06513270741195,-1.72446860071098,-2.03360359707934,-1.76988536090954,-2.57072245994191,-3.52381459091058,-2.94804818724998,-2.77990232464689,-3.22303303400679,-2.36770205865705,-1.81283705460779,-1.53035316559659,-1.99735967663088,-3.12710517036161,-3.71911136888127,-3.99488570585632,-3.27676344612336,-4.30232179906317,-2.78168174605283,-1.51997007649452,-0.854199225565845,-0.187096764844544,0.987918592724979,-1.23553275408976,-2.87906787578256,-3.72259685784014,-3.48492931366237,-3.05277924445539,-1.94485160385484,-2.00670513244782,-3.60056600653597,-7.82669178398647,-6.44554499443518,-5.58249613132203,-5.13926283241808,-3.61753148633639,-3.54666592477911,
French Polynesia,PYF,Cash surplus/deficit (% of GDP),GC.BAL.CASH.GD.ZS,,,,,,,,,,,,,,,,,,,,,,,,,,,,,,,,,,,,,,,,,,,,,,,,,,,,,,,,
Qatar,QAT,Cash surplus/deficit (% of GDP),GC.BAL.CASH.GD.ZS,,,,,,,,,,,,,,,,,,,,,,,,,,,,,,,,,,,,,,,,,,,,,16.4154849885726,9.20310739337779,8.53561208378646,10.896413600113,9.93775478963638,15.3150611203811,2.94382116646465,,,,,
Romania,ROU,Cash surplus/deficit (% of GDP),GC.BAL.CASH.GD.ZS,,,,,,,,,,,,,,,,,,,,,,1.9656886323553,3.30492163871322,3.29517366983218,6.5555691704448,2.60061162079511,4.34652993083711,7.15891610460301,5.89498249708285,8295,0.937172164587947,1.94337311130269,-3.40940754992371,0.386358418431008,-2.06695575263306,-2.13146655870022,-3.74405722510577,-4.56380332514568,-3.37485472879577,-4.85639720689121,-5.69902525367486,-4.86354783008471,-3.13155991875778,-3.34658050493784,-2.75331303538205,-3.00066641880857,-3.83983708789776,-4.19707554406026,-6.06008475163557,-9.98791846162405,-6.83049090893085,-4.87197600695951,-2.744457077169,-2.36281406089205,-0.664297503180905,
Russian Federation,RUS,Cash surplus/deficit (% of GDP),GC.BAL.CASH.GD.ZS,,,,,,,,,,,,,,,,,,,,,,,,,,,,,,,,,,,-6.99369631698731,9.32110603738187,,,-6.25578038089443,-0.118261776082269,2.46922907052124,2.63026073652668,7.03040087493512,2.20755530791947,5.28091748710308,9.88306834593595,8.02609445749623,4.36995107636939,4.56769366604125,-7.54988405448509,-1.86509870060078,3.08636198421442,2.3543610461746,0.886974113988299,0.796396672572811,
Rwanda,RWA,Cash surplus/deficit (% of GDP),GC.BAL.CASH.GD.ZS,,,,,,,,,,,,,,,,,,,,,,,,,,,,,,,-8.76928371062756,-9.40258435303362,-9.31908095724032,,,,,,,,,,,,,,,,0.628152844978917,-0.129173383297977,-1.07838050351787,-0.922618423625325,-3.96166854565953,-2.96258223684211,,
South Asia,SAS,Cash surplus/deficit (% of GDP),GC.BAL.CASH.GD.ZS,,,,,,,,,,,,,,,,,,,,,,,,,,,,,,,-3.2960234114778,-2.6776019650535,-2.71234190709528,-4.16779905246637,-2.79149741408264,-2.61747200927238,-2.60869018714979,-3.24672197206437,-3.59092808722999,-3.53457500714283,-3.90677892046844,-4.12554203114264,-4.21661017272779,-3.21576989780438,-3.00871320246451,-3.12759746024649,-2.4581718202283,-1.00544470659543,-4.86814460243414,-5.15072692508635,-3.43734769541335,-3.26484431001555,-4.23293236602223,,,
Saudi Arabia,SAU,Cash surplus/deficit (% of GDP),GC.BAL.CASH.GD.ZS,,,,,,,,,,,,,,,,,,,,,,,,,,,,,,,,,,,,,,,,,,,,,,,,,,,,,,,,
Sudan,SDN,Cash surplus/deficit (% of GDP),GC.BAL.CASH.GD.ZS,,,,,,,,,,,,,,,,,,,,,,,,,,,,,,,,,,,,,,,-0.397775034323258,-0.387804575836743,,,,,,,,,,,,,,,,
Senegal,SEN,Cash surplus/deficit (% of GDP),GC.BAL.CASH.GD.ZS,,,,,,,,,,,,,,,,,,,,,,,,,,,,,,,,,,,,,,,,-0.896695512883209,-0.870408697471925,-2.06406427730244,,,,,,,,-4.96684319377875,-5.1899339665835,-6.15344796935207,-5.30073698512879,,,
Singapore,SGP,Cash surplus/deficit (% of GDP),GC.BAL.CASH.GD.ZS,,,,,,,,,,,,,,,,,,,,,,,,,,,,,,,10.5138049535296,9.25186902265995,12.6631890662737,17.5865781537818,20.3375331223677,19.0125972002476,16.3430548086395,20.2281414840291,10.8700274609019,12.1388117188456,11.0635845917235,5.51964349229031,4.58665163497032,2.93794283644919,3.8932339904094,6.38833614681668,6.1800838886878,11.1742017874299,7.68584795080822,1.57984477842334,7.57126092447259,9.21201249086439,8.6265245547014,,,
Solomon Islands,SLB,Cash surplus/deficit (% of GDP),GC.BAL.CASH.GD.ZS,,,,,,,,,,,,,,,,,,,,,,,,,,,,,,,,,,,,,,,,,,,,,,,,,,,,,,,,
Sierra Leone,SLE,Cash surplus/deficit (% of GDP),GC.BAL.CASH.GD.ZS,,,,,,,,,,,,,,,,,,,,,,,,,,,,,,,,,,,,,,,,,,,,,,,,,,,,,,,,
El Salvador,SLV,Cash surplus/deficit (% of GDP),GC.BAL.CASH.GD.ZS,,,,,,,,,,,,,,,,,,,,,,,,,,,,,,,,,,,,,,,0.886879717531062,-11.4266686562853,19.7554459917314,-3.33388837808683,-4.73344656699309,-2.49822220154585,-3.56177563408721,-4.53029753477869,-3.4855827542896,0.634671149819198,0.142317204050208,-5.33226852524079,-2.64306691007223,-2.15907089200052,-0.790831040035947,-1.41062547996173,,
San Marino,SMR,Cash surplus/deficit (% of GDP),GC.BAL.CASH.GD.ZS,,,,,,,,,,,,,,,,,,,,,,,,,,,,,,,,,,,,3333.0646418242,,,,,,,-0.100987267379678,1.65418868341708,1.16793515174364,4.07249125587704,5.07081779760888,3.12125995296026,6.86424037856592,,,,,,,
Somalia,SOM,Cash surplus/deficit (% of GDP),GC.BAL.CASH.GD.ZS,,,,,,,,,,,,,,,,,,,,,,,,,,,,,,,,,,,,,,,,,,,,,,,,,,,,,,,,
Serbia,SRB,Cash surplus/deficit (% of GDP),GC.BAL.CASH.GD.ZS,,,,,,,,,,,,,,,,,,,,,,,,,,,,,,,,,,,,,,,,,,,,,,,,-0.900718009723381,-1.67613801205991,-2.62713715239861,-3.76287689705779,-4.16813693729055,-6.08947120455886,,,
Sub-Saharan Africa (excluding high income),SSA,Cash surplus/deficit (% of GDP),GC.BAL.CASH.GD.ZS,,,,,,,,,,,,,,,,,,,,,,,,,,,,,,,,,,,,,,,,,,,,-3.40821855089457,-0.457451839564256,-0.732496480366183,2.4937044355721,1.30987580330243,0.167092763035218,-4.16668958898998,-2.35640805000139,-1.79039981870019,-2.3730061580095,,,
South Sudan,SSD,Cash surplus/deficit (% of GDP),GC.BAL.CASH.GD.ZS,,,,,,,,,,,,,,,,,,,,,,,,,,,,,,,,,,,,,,,,,,,,,,,,,,,,,,,,
Sub-Saharan Africa,SSF,Cash surplus/deficit (% of GDP),GC.BAL.CASH.GD.ZS,,,,,,,,,,,,,,,,,,,,,,,,,,,,,,,,,,,,,,,,,,,,-3.39371243446192,-0.454445569342306,-0.729228266631073,2.49337473698855,1.30318489768695,0.173912815473581,-4.15899898283387,-2.35280055194528,-1.78320094396826,-2.36511378847381,,,
Small states,SST,Cash surplus/deficit (% of GDP),GC.BAL.CASH.GD.ZS,,,,,,,,,,,,,,,,,,,,,,,,,,,,,,,,,,,,,,,,,,,,,5.67157637547071,3.8584215985881,3.81409480194036,5.2226426388068,3.72163391515827,3.01775401846602,-1.32100001911861,,,,,
Sao Tome and Principe,STP,Cash surplus/deficit (% of GDP),GC.BAL.CASH.GD.ZS,,,,,,,,,,,,,,,,,,,,,,,,,,,,,,,,,,,,,,,,,,,-8.42888193729793,-2.6465116159407,-8.41837246746136,-5.52687589968728,-10.6956189782071,128.111392170385,15.6660716168368,-17.9833523439154,-10.7701995560899,-13.0591036813804,-12.1126283312093,,,
Suriname,SUR,Cash surplus/deficit (% of GDP),GC.BAL.CASH.GD.ZS,,,,,,,,,,,,,,,,,,,,,,,,,,,,,,,,,,,,,,,,,,1.09826912517276,-4.2747224518545,1.01980736642268,-1.53634247490271,-0.705534458673467,-0.449496278517901,4.35258982781293,1.49385769808208,0.80051488426396,-2.07694990202618,-0.786504138665928,-1.16936178045515,,,
Slovak Republic,SVK,Cash surplus/deficit (% of GDP),GC.BAL.CASH.GD.ZS,,,,,,,,,,,,,,,,,,,,,,,,,,,,,,,,,,,,,-0.0604538238932839,-0.111124040647617,-0.120100906414213,-0.00680841541896735,-0.312145176261772,-0.17688149353344,-0.199475175458214,-5.63483797942999,-5.30710698028463,-4.42996105720365,-4.78145368143054,-3.27667377199576,-3.5138686649871,-8.99332251543048,-6.66342799898586,-4.84998201748125,-4.55914240840928,-2.322628199867,-1.02418976698143,
Slovenia,SVN,Cash surplus/deficit (% of GDP),GC.BAL.CASH.GD.ZS,,,,,,,,,,,,,,,,,,,,,,,,,,,,,,,,,,,,-0.142777357170236,0.147903893528211,-1.22526925395367,-0.808065955694983,-0.627986775662609,-1.07976507986905,-1.06940887005517,-2.54260050564876,-1.285102578238,-1.20069447916463,-1.46166043206761,-0.716019611642079,0.14719132121749,-0.185776133928832,-5.31611568337232,-5.38260957119446,-5.81225372221063,-3.54597645910588,,,
Sweden,SWE,Cash surplus/deficit (% of GDP),GC.BAL.CASH.GD.ZS,,,,,,,,,,,,,5.58185100449429,4.28490997594147,2.87961401808758,2.7467969309215,4.99265211506214,3.59365988152911,0.90485314320962,-2.01529535465378,-2.64632911882525,-3.94965520235294,-3.563991774294,-5.1599687860437,-3.4450394764738,-3.1774789501332,-2.14291387168693,2.12763381551396,3.04070717709863,3.93205745131871,3.06551810187012,-0.316204592142115,-3.37032628766438,-12.3931312649965,-10.5638909605585,-8.68349443278214,-4.82623163737529,-3.115892407767,-0.999558262114239,-0.910291686231541,1.26770842503523,-0.280776253707433,-2.86928235914885,-2.88524952331438,-1.59640509055778,-0.485493383670089,0.197187393811262,1.37434847714004,0.14688877544243,-2.55590003129078,-0.16394914309513,0.260763003213114,-0.788129613547547,-1.31358608390813,-0.935761557797345,
Swaziland,SWZ,Cash surplus/deficit (% of GDP),GC.BAL.CASH.GD.ZS,,,,,,,,,,,,,,,,,,,,,,,,,,,,,,,,,,,,,,,,,,,,,,,,,,,,,,,,
Sint Maarten (Dutch part),SXM,Cash surplus/deficit (% of GDP),GC.BAL.CASH.GD.ZS,,,,,,,,,,,,,,,,,,,,,,,,,,,,,,,,,,,,,,,,,,,,,,,,,,,,,,,,
Seychelles,SYC,Cash surplus/deficit (% of GDP),GC.BAL.CASH.GD.ZS,,,,,,,,,,,,,,,,,,,,,,,,,,,,,,,,,,-4.87050008144649,-1.50443197527852,-4.30973926697244,-13.2429405647548,-13.8570822731128,-14.9626714147378,-11.1588498632936,-13.8929211852105,-8.79310817855085,-14.3731686898284,10.5948101697584,2.46086680220497,2.43868524594893,2.16975002707954,-5.30646102728848,6.96865433398929,3.85653468473077,1.42213556719351,5.52331456676265,4.77906501408904,,,
Syrian Arab Republic,SYR,Cash surplus/deficit (% of GDP),GC.BAL.CASH.GD.ZS,,,,,,,,,,,,,,,,,,,,,,,,,,,,,,,,,,,,,,,-2.26897794380776,-1.12539250780132,-1.10203878257968,1.68325070036976,-2.01542280823241,-3.04534786619908,-4.94754872167276,-4.98606646938009,-3.4507837358319,-3.05779586545123,,,,,,,,
Turks and Caicos Islands,TCA,Cash surplus/deficit (% of GDP),GC.BAL.CASH.GD.ZS,,,,,,,,,,,,,,,,,,,,,,,,,,,,,,,,,,,,,,,,,,,,,,,,,,,,,,,,
Chad,TCD,Cash surplus/deficit (% of GDP),GC.BAL.CASH.GD.ZS,,,,,,,,,,,,,,,,,,,,,,,,,,,,,,,,,,,,,,,,,,,,,,,,,,,,,,,,
East Asia & Pacific (IDA & IBRD countries),TEA,Cash surplus/deficit (% of GDP),GC.BAL.CASH.GD.ZS,,,,,,,,,,,,,,,,,,,,,,,,,,,,,,,,,,,,,,,,,,,,,,,,,,,,,,,,
Europe & Central Asia (IDA & IBRD countries),TEC,Cash surplus/deficit (% of GDP),GC.BAL.CASH.GD.ZS,,,,,,,,,,,,,,,,,,,,,,,,,,,,,,,,,,,-5.065088558748,2.72525587985276,,,-4.80617096817922,-1.32854293926581,0.244047470151523,0.201867962048601,2.59339231462842,-0.406664185275038,1.27131757132787,4.51253250575374,3.55864206001767,1.6489053545456,0.77919008944954,-6.69302017217451,-3.16271031001426,0.168100350728252,-0.014718393991745,-0.288382171957979,0.466796843919333,
Togo,TGO,Cash surplus/deficit (% of GDP),GC.BAL.CASH.GD.ZS,,,,,,,,,,,,,,,,,,,,,,,,,,,,,,,,,,,,,,,,,,,,,-0.335593033455707,-5.73728403858633,-3.52685145063481,-0.822974568159689,0.269453130470595,-0.55324516181085,0.578613964480775,-1.08331331821208,-6.20244754086863,-4.86069807685917,,
Thailand,THA,Cash surplus/deficit (% of GDP),GC.BAL.CASH.GD.ZS,,,,,,,,,,,,,0.507348622337173,-0.0355695637882916,3.20093116215731,0.293109146981185,-0.799999986378067,0.621313495420769,-0.0632937305471814,-0.229558066061889,-0.7391899020002,0.0310380921930555,-1.96989192911342,-0.313141630927385,-0.414343105332665,-1.22318975059127,-0.625023702748998,0.782283132555759,3.39125944530002,4.90222884590019,4.75076096938835,4.83157694547226,3.04163256035157,2.09260853571953,2.16348728862673,2.90422835801043,2.5471450124337,-1.78929219058068,-6.24973542469636,-8.70794557642133,-1.80800186199794,-2.10742543690726,-6.78462816139967,1.38516967054797,1.05312879629295,1.87059348389402,1.35889294183799,-0.300856954098182,0.0422379197052168,-3.34179753818515,-0.582530181713289,-1.06155209894938,-1.17514187917071,0.0765204691341283,0.327543808376166,
Tajikistan,TJK,Cash surplus/deficit (% of GDP),GC.BAL.CASH.GD.ZS,,,,,,,,,,,,,,,,,,,,,,,,,,,,,,,,,,,,,,,-3.25377122990615,-1.96281939017341,-0.807047132877864,-0.151259135022039,,-4.57585444803369,-6.6135039715036,,,,,,,,,,,
Turkmenistan,TKM,Cash surplus/deficit (% of GDP),GC.BAL.CASH.GD.ZS,,,,,,,,,,,,,,,,,,,,,,,,,,,,,,,,,,,,,,,,,,,,,,,,,,,,,,,,
Latin America & the Caribbean (IDA & IBRD countries),TLA,Cash surplus/deficit (% of GDP),GC.BAL.CASH.GD.ZS,,,,,,,,,,,,,,,,,,,,,,,,,,,,,,,-2.39442898255276,1.14499787602506,-0.924187489522474,-3.46017020744664,-1.47284516426737,,,0.0100211869526039,-2.5706581338442,-2.28339492903564,-1.49054446106501,,,,,,,,,,,,,,,
Middle East & North Africa (IDA & IBRD countries),TMN,Cash surplus/deficit (% of GDP),GC.BAL.CASH.GD.ZS,,,,,,,,,,,,,,,,,,,,,,,,,,,,,,,,,,,-0.429404694258621,0.504972960123564,0.445098077898692,-0.398650332785627,,,,,-1.74437551061724,-0.537377846368528,0.422517989862604,2.05173466681045,1.11497188826445,2.18075424156788,1.03594019504893,-2.27991657469142,,,,,,
Timor-Leste,TLS,Cash surplus/deficit (% of GDP),GC.BAL.CASH.GD.ZS,,,,,,,,,,,,,,,,,,,,,,,,,,,,,,,,,,,,,,,,,,,,,,,,,,,,,,,,
Tonga,TON,Cash surplus/deficit (% of GDP),GC.BAL.CASH.GD.ZS,,,,,,,,,,,,,,,,,,,,,,,,,,,,,,,,,,,,,,,,,,,,,,,,,,,,,,,,
South Asia (IDA & IBRD),TSA,Cash surplus/deficit (% of GDP),GC.BAL.CASH.GD.ZS,,,,,,,,,,,,,,,,,,,,,,,,,,,,,,,-3.2960234114778,-2.6776019650535,-2.71234190709528,-4.16779905246637,-2.79149741408264,-2.61747200927238,-2.60869018714979,-3.24672197206437,-3.59092808722999,-3.53457500714283,-3.90677892046844,-4.12554203114264,-4.21661017272779,-3.21576989780438,-3.00871320246451,-3.12759746024649,-2.4581718202283,-1.00544470659543,-4.86814460243414,-5.15072692508635,-3.43734769541335,-3.26484431001555,-4.23293236602223,,,
Sub-Saharan Africa (IDA & IBRD countries),TSS,Cash surplus/deficit (% of GDP),GC.BAL.CASH.GD.ZS,,,,,,,,,,,,,,,,,,,,,,,,,,,,,,,,,,,,,,,,,,,,-3.39371243446192,-0.454445569342306,-0.729228266631073,2.49337473698855,1.30318489768695,0.173912815473581,-4.15899898283387,-2.35280055194528,-1.78320094396826,-2.36511378847381,,,
Trinidad and Tobago,TTO,Cash surplus/deficit (% of GDP),GC.BAL.CASH.GD.ZS,,,,,,,,,,,,,,,,,,,,,,,,,,,,,,,,,,-0.243521392762887,0.389605515886148,-0.0599423922062271,,,,,,1.96935546619352,-0.058624977793569,2.24184687153114,1.92510792241801,5.74045089224099,1.84577839206608,0.6638067943265,2.15132650872397,-4.95509609073789,-1.55928821780827,,,,,
Tunisia,TUN,Cash surplus/deficit (% of GDP),GC.BAL.CASH.GD.ZS,,,,,,,,,,,,,,,,,,,,,,,,,,,,,,,-3.20182697375112,-4.68375897845172,-2.18228779057042,-2.42242378776512,-0.500196031314422,-2.44959476418912,-2.60092414364612,-2.47827261870516,0.0269862048132112,-2.21342014565069,-2.40170147418061,-2.12180870332163,-2.1400305154188,-2.16066920530457,-2.52635264916861,-2.81077595471806,-2.44111919961012,-1.99110251761044,-0.613557984938789,-1.47313096057753,-1.37381154398179,-3.84713190122216,-5.06094137546283,,,
Turkey,TUR,Cash surplus/deficit (% of GDP),GC.BAL.CASH.GD.ZS,,,,,,,,,,,,,1.48737461086129,1.15384615384615,2.15812827753126,2.65280794291033,3.37706511175899,1.77033039856101,2.36424552753019,-0.84230229293402,-0.168240737200321,2.54398177445893,,-0.185534093687526,-5.20886844174914,-2.99155162342751,0.0667589414890181,-0.542812749675798,-0.901841369090227,-1.25987632624638,-2.98781204507605,-5.2792584994943,-4.31565584505857,-6.70055020339154,-3.88948578636222,-4.07426458746736,-8.38059012042843,-7.93509603340327,-5.84783187042076,,,,,,,,,,-2.11530074250349,-6.88231300638992,-3.13702914874682,-1.05905074538075,-0.489141883606286,0.289376525279248,1.50637658028577,
Tuvalu,TUV,Cash surplus/deficit (% of GDP),GC.BAL.CASH.GD.ZS,,,,,,,,,,,,,,,,,,,,,,,,,,,,,,,,,,,,,,,,,,,,,,,,,,,,,,,,
Tanzania,TZA,Cash surplus/deficit (% of GDP),GC.BAL.CASH.GD.ZS,,,,,,,,,,,,,,,,,,,,,,,,,,,,,,,,,,,,,,,,,,,,,,,,,,0.0282676249270601,-1.85165256473803,-0.888531113773345,-5.25290426519071,,,
Uganda,UGA,Cash surplus/deficit (% of GDP),GC.BAL.CASH.GD.ZS,,,,,,,,,,,,,,,,,,,,,,,,,,,,,,,,,,,,,,,,-1.18422084577821,-1.87276659940953,-0.948545211477654,-3.51306456183202,-3.5673022820951,-1.2876049115668,-0.770523094434868,-1.53257816505895,-2.36463321316992,-1.35790204972593,-0.804402682495917,-3.35229968912072,-3.22185817909956,-2.12113338805365,,,
Ukraine,UKR,Cash surplus/deficit (% of GDP),GC.BAL.CASH.GD.ZS,,,,,,,,,,,,,,,,,,,,,,,,,,,,,,,,,,,,,,,,-2.09119758192243,-0.595284294702181,-0.79323179391743,0.321931909127142,-0.188947009384914,-3.1921094958289,-1.3635231010393,-1.03344096237639,-0.890082430199339,-1.46694657277629,-5.60538460275142,-6.52241104262176,-2.32192361331732,-4.06669471597935,,,
Upper middle income,UMC,Cash surplus/deficit (% of GDP),GC.BAL.CASH.GD.ZS,,,,,,,,,,,,,,,,,,,,,,,,,,,,,,,,,,,,,,,,,,,,,,,,,,,,,,,,
Uruguay,URY,Cash surplus/deficit (% of GDP),GC.BAL.CASH.GD.ZS,,,,,,,,,,,,,,,,,,,,,,,,,,,,,,,0.542538364129129,0.9641628624987,0.657185752449063,-0.514166626722911,-2.61855020904381,-1.19734709997921,-1.45463834150538,-0.971198636509225,-0.755720847725516,-3.26590765254439,-3.01355484912572,-3.99714210734892,-4.39616958453993,-4.24315861117604,-2.4240259336943,-1.52334878512065,-0.90891813002415,-1.53560203087448,-0.91177724976059,-1.47458818066881,-0.89781724981412,-0.564215267933374,-2.01904758841959,,,
United States,USA,Cash surplus/deficit (% of GDP),GC.BAL.CASH.GD.ZS,,,,,,,,,,,,,-1.07372690843846,-0.780512254042388,0.0832889448452859,-2.15699590804317,-3.12155974663225,-1.76370394127187,-1.40628056612765,-0.322930783015968,-1.43685338540893,-1.05389173816147,-2.73573232334556,-4.81949965050794,-3.67684454127052,-3.92731646334926,-4.24844041214295,-2.62719299776581,-2.64001131623802,-2.30588686943601,-3.65643860967702,-4.35905613640851,-4.41071741787614,-3.68571586507835,-2.78282689557934,-1.9724532427982,-1.37626214302583,-0.230237150263431,0.798312887252167,1.28283636833397,2.22629964719709,-1.46984166757047,-4.26785150226181,-5.49919340438046,-5.23106938344567,-4.42169019318107,-3.51119318331672,-3.86106570538627,-6.78708049544447,-11.8042638818832,-10.0819132269634,-9.00306522920653,-7.38712573710536,-4.19056769544312,-5.37121952406064,
Uzbekistan,UZB,Cash surplus/deficit (% of GDP),GC.BAL.CASH.GD.ZS,,,,,,,,,,,,,,,,,,,,,,,,,,,,,,,,,,,,,,,,,,,,,,,,,,,,,,,,
St. Vincent and the Grenadines,VCT,Cash surplus/deficit (% of GDP),GC.BAL.CASH.GD.ZS,,,,,,,,,,,,,,,,,,,,,,,,,,,,,,,,,,,,,,,,,,,,,,,,,,,,,,,,
"Venezuela, RB",VEN,Cash surplus/deficit (% of GDP),GC.BAL.CASH.GD.ZS,,,,,,,,,,,,,,,,,,,,,,,,,,,,,,,3.03765801354178,3.78968816997206,-1.8909767417111,-1.28279927590524,-1.08668871174928,-2.25677929120303,2.82108432410471,3.21067198790096,-3.71294108585879,-1.5471230743825,-1.23875265561688,-3.99937957580272,-3.23129241102986,-4.122183310521,-1.30461218014558,2.17879136148864,,,,,,,,,,
British Virgin Islands,VGB,Cash surplus/deficit (% of GDP),GC.BAL.CASH.GD.ZS,,,,,,,,,,,,,,,,,,,,,,,,,,,,,,,,,,,,,,,,,,,,,,,,,,,,,,,,
Virgin Islands (U.S.),VIR,Cash surplus/deficit (% of GDP),GC.BAL.CASH.GD.ZS,,,,,,,,,,,,,,,,,,,,,,,,,,,,,,,,,,,,,,,,,,,,,,,,,,,,,,,,
Vietnam,VNM,Cash surplus/deficit (% of GDP),GC.BAL.CASH.GD.ZS,,,,,,,,,,,,,,,,,,,,,,,,,,,,,,,,,,,,,,,,,,,,,,,,,,,,,,,,
Vanuatu,VUT,Cash surplus/deficit (% of GDP),GC.BAL.CASH.GD.ZS,,,,,,,,,,,,,,,,,,,,,,,,,,,,,,,5.13590766907561,,,,,1.49487091484575,-0.711912672045562,-0.735244519392917,-0.254125807223152,-0.132978723404255,,,,,,,,,,-0.821419247838572,-2.50412298268347,-2.32697924456422,,,,
West Bank and Gaza,PSE,Cash surplus/deficit (% of GDP),GC.BAL.CASH.GD.ZS,,,,,,,,,,,,,,,,,,,,,,,,,,,,,,,,,,,,,,,,,,,,,,-9.22353137244875E-09,-1.93377735124735,-0.291798125295903,2.05277791145432,0.118675005241524,0.529535196695,-0.598551776151872,-0.735088880040138,0.268371748333071,0.676196101134965,
World,WLD,Cash surplus/deficit (% of GDP),GC.BAL.CASH.GD.ZS,,,,,,,,,,,,,,,,,,,,,,,,,,,,,,,-2.02198213277427,,,,-3.1136762341537,-3.26833886430166,-2.53789757839113,-1.49949076921261,-1.51057758848042,-0.675965601690904,0.514500589928818,-1.31376984174197,-2.54591835257112,-3.43649597246182,-2.85281416050494,-2.45820093551232,-1.50905586472007,-1.55391623729264,-3.07002575152316,-7.22071005060176,-5.75327446132553,-4.79772633673004,-4.46950505731211,-3.39022795872328,,
Samoa,WSM,Cash surplus/deficit (% of GDP),GC.BAL.CASH.GD.ZS,,,,,,,,,,,,,,,,,,,,,,,,,,,,,,,,,,,,,,,,,,,,,,,,,,,-0.0058038091627315,-0.00527605401652361,-0.00717041210005788,,,
"Yemen, Rep.",YEM,Cash surplus/deficit (% of GDP),GC.BAL.CASH.GD.ZS,,,,,,,,,,,,,,,,,,,,,,,,,,,,,,,,,,,,,,,,,,,,,,,,,,,,,,,,
South Africa,ZAF,Cash surplus/deficit (% of GDP),GC.BAL.CASH.GD.ZS,,,,,,,,,,,,,2.38826547011182,3.56129680504615,2.47971328846469,1.45664820241853,0.126426348547718,0.490353460258875,1.05540895758818,1.14012743210678,3.34130409182555,0.984116551552099,-0.181901968951902,-2.44409114738305,-1.6647978549634,-1.08779132593661,-3.03892371571329,-3.94853616527401,-3.24073416733932,0.6532208069265,-3.54742338364494,-3.60804851054443,-8.75330747396801,-8.85381696695745,-5.31786767926197,-5.30725338732738,-5.16015936174673,-3.72309599777301,-2.93950116986645,-1.76635595142297,-1.91062560859179,-0.893759798073127,-1.55611233189778,-2.84099499886645,-2.16710566652817,-0.451485742038991,0.613786779687162,0.784545726557956,-0.896556941448521,-5.23119745376015,-3.96485165718374,-4.55828639961724,-5.11260671770637,-5.79408056849758,-3.3153341273109,
"Congo, Dem. Rep.",COD,Cash surplus/deficit (% of GDP),GC.BAL.CASH.GD.ZS,,,,,,,,,,,,,,,,,,,,,,,,,,,,,,,,-13.5633333333333,-13.6257815442561,-13.3207961862308,-1.52485601195932,0.020180524885362,-0.322469283333424,-0.786375009829688,-2.83567405915649,-5.57851219775267,-0.936468855072738,-0.0137633410434195,0.531207561195243,-0.336707751796375,-0.638433892757706,-0.603873206310684,-0.87033612214794,-0.653577702335649,-0.0647245611025552,0.26464872694487,2.44081766442534,,,,,
Zambia,ZMB,Cash surplus/deficit (% of GDP),GC.BAL.CASH.GD.ZS,,,,,,,,,,,,,,,,,,,,,,,,,,,,,,,,,,,,,,,-2.83566518724286,-0.364106167946184,,1.62706894408861,-1.48779108693794,0.940084213190671,1.72939119966869,-4.00856618053735,1.8372979325538,-0.680246629684846,-1.10612948060825,0.176793240406709,-1.19470461501753,4.08609134534858,,,,
Zimbabwe,ZWE,Cash surplus/deficit (% of GDP),GC.BAL.CASH.GD.ZS,,,,,,,,,,,,,,,,,,,,,,,,,,,,,,,-2.62957107985371,-4.63626251444189,-7.50930482570538,-1.50278946541045,-1.49521896867104,-5.37502823028304,-6.87348070068836,-5.15852683487792,,,,,,,,,,,,,,,,,,
